date,HMVA-mv,EW,SPY-100
2000-07-03,0.014488968241033611,0.010300339999999998,0.008374323220052696
2000-07-05,-0.017578967783099114,-0.01642029261675791,-0.01762837735770221
2000-07-06,0.007811254210029192,0.00860660553208648,0.007846718047465387
2000-07-07,0.003786530789782368,0.01387507022525107,0.015693259360120133
2000-07-10,0.001485969755649694,-0.0018548717872470806,-0.003518368641185062
2000-07-11,0.022717048186473965,0.0031908212765038094,0.0012550055423014269
2000-07-12,-0.01447942732463365,0.009496708189694444,0.008475163508406127
2000-07-13,-0.007326485256887313,0.003190869917345959,0.002738394369493292
2000-07-14,-0.00907012782574092,0.012710318601090209,0.01014766752661123
2000-07-17,-0.0020523352665061706,-0.0010230640382391943,0.0025932109366096725
2000-07-18,0.001696191598546279,-0.01137104121438082,-0.012370732218105718
2000-07-19,0.0048210690739116414,-0.00933927146069777,-0.008568421778279822
2000-07-20,-0.01346276930265058,0.009125542187301048,0.010697036998649373
2000-07-21,-0.008422403804151022,-0.012839676245659406,-0.00951499514564758
2000-07-24,-0.008239229049275829,-0.011050568393950019,-0.011103141636634688
2000-07-25,0.0027057542367048774,0.011902695397233447,0.008765144686880187
2000-07-26,0.0005677198209208331,-0.015959779220156328,-0.014264854682665142
2000-07-27,0.028267798180382886,-0.006750700520010757,-0.0034101530734993207
2000-07-28,0.005078003997871838,-0.019151069994537494,-0.02252311904619397
2000-07-31,-0.011966213181310725,0.006923133796179476,0.008855281608021825
2000-08-01,0.010089431596734054,0.004789758668093054,0.0024922523859093764
2000-08-02,0.007478425537738161,0.00390508,0.00018585969978567382
2000-08-03,0.00814716700243557,0.009494167380515697,0.010413078868771082
2000-08-04,0.00909207891470132,0.008494532055756827,0.005534217213260117
2000-08-07,0.0015932154797181801,0.009645697413031753,0.009959451765388675
2000-08-08,0.005698141868215302,0.002549387398894634,0.0013770724420573692
2000-08-09,-0.01955694961558061,-0.008657739969995757,-0.00689004392583373
2000-08-10,-0.0022848073072686075,-0.009127051254496123,-0.010251267689928269
2000-08-11,0.007949598965455829,0.008773672198585028,0.006830557809985234
2000-08-14,0.007770092737300498,0.013280315885595292,0.013832457457675204
2000-08-15,-0.01119737527330663,-0.005727525591460879,-0.004138622899572791
2000-08-16,-0.0011598620137322855,-0.0028392620248388297,-0.0033203083722533363
2000-08-17,0.0030078657071817725,0.009907943564703309,0.010491624938502583
2000-08-18,-0.008886228820062476,-0.0030381365195931618,-0.0036460442178763938
2000-08-21,0.00545628136459027,0.0052550036908782325,0.006909811727405533
2000-08-22,-0.005520388083568776,-0.0015034850183578508,-0.002190769930344775
2000-08-23,0.004652602384780719,0.002747202083167596,0.006637292341736445
2000-08-24,-0.005312220508195497,0.002530917735370124,0.002903353568309794
2000-08-25,0.001807839449252927,-0.001749563289006141,-0.001276140754913031
2000-08-28,0.0009156584901217173,0.004058805990378476,0.005792618889208509
2000-08-29,-0.005402490547099262,-0.006565790165089924,-0.003442004761822348
2000-08-30,-0.006099448557128216,-0.003642609937534449,-0.006394076959134513
2000-08-31,-0.0017753514270992582,0.00911226,0.010550290798462031
2000-09-01,0.006775888099548662,0.0009712374001580361,0.0019740296434617314
2000-09-05,-0.0032985637797109495,-0.008405948136061997,-0.012183951740192961
2000-09-06,-0.002520118727668614,-0.009514878536801556,-0.015315847810842746
2000-09-07,0.0017108149728928105,0.008158112566496789,0.008853749640288186
2000-09-08,0.00010732123126312822,-0.006459806412162954,-0.007921090589025289
2000-09-11,-0.00118733682450237,-0.002522386717930511,-0.00609372494807431
2000-09-12,0.0011603450670725662,-0.0037002707046989145,-0.0067510018676872905
2000-09-13,-0.004279675954029314,0.0048076700835032885,0.003100121949243646
2000-09-14,-0.01665553396972356,-0.0036688746606060104,-0.002703356589219843
2000-09-15,-0.0006760479445686825,-0.009121117770607517,-0.011776841906167658
2000-09-18,-0.0014366250858324756,-0.01446536011920095,-0.012644191243915566
2000-09-19,-0.0048809028923546645,0.010294762882582116,0.013503434833977033
2000-09-20,-0.015353376959725365,-0.006141750165920128,-0.004246160385440236
2000-09-21,0.012125131296673326,-0.0019096517018685041,-0.002082836672150838
2000-09-22,0.024269203672655195,0.014412089590276898,-0.0002365009600915548
2000-09-25,-0.0010832100113712666,-0.006525455516152534,-0.009073254816043557
2000-09-26,-0.0016546299570061645,-0.0053344664030313006,-0.00962411391391568
2000-09-27,0.0017576015069374969,-0.0024102059585394066,-0.0014748566625806597
2000-09-28,0.023885523466632985,0.02444010138630758,0.021445328499911633
2000-09-29,-0.000798280891100052,-0.011168858987608124,-0.01610913108907603
2000-10-02,0.0072964691508550115,-0.0017551399999999992,0.0009166733380576574
2000-10-03,-0.0011926675117234463,-0.0075805451960353695,-0.008884400137910317
2000-10-04,9.198007408159246e-05,0.008265091557547066,0.007195782721005527
2000-10-05,0.004382324888040394,0.0008480755949831433,0.004610111600741242
2000-10-06,-0.008797201571044667,-0.021905582679845433,-0.01931448860633161
2000-10-09,-0.0006319062698376972,-0.004353736440048039,-0.00792276461497085
2000-10-10,0.00552908868008296,-0.014082000620552761,-0.011671662991023858
2000-10-11,-0.002977760873231103,-0.016313211572194918,-0.017353615457858726
2000-10-12,-0.01131497795381822,-0.02986623553668415,-0.027487192319316005
2000-10-13,-0.000390380173817866,0.03587240483498688,0.038270401423264815
2000-10-16,0.0033520177458998546,0.0017900836181170918,-0.0012458603900260539
2000-10-17,-0.0017550516860839684,-0.018601150990750742,-0.01747942214576622
2000-10-18,-0.004821680062206388,-0.0018446421430118145,-0.006217061709609643
2000-10-19,0.0038570900499900135,0.036073971209044084,0.03799070549955766
2000-10-20,0.007124877843743005,0.011989876400227526,0.0073393130535829645
2000-10-23,0.005287056334432944,0.001440414246739586,-0.0012476607591211924
2000-10-24,0.0029980752476708858,0.0013203132789680655,-0.000225183098898389
2000-10-25,-0.007482698381621053,-0.026842824164068347,-0.027152905505488486
2000-10-26,-0.0014982861984540131,-0.0036909798872387313,-0.0005103538308011494
2000-10-27,0.012060212812764277,0.014188193080524148,0.010174628119760378
2000-10-30,0.020477301750616402,0.012785700475434765,0.007841444991602447
2000-10-31,0.00256321163204529,0.02275272,0.024300469331149325
2000-11-01,0.008643658352053192,-0.00787207153398722,-0.007113068416489065
2000-11-02,-0.012999178041032814,0.003633057247222087,0.005788052945540558
2000-11-03,-0.004167579142944353,0.001407066658334932,0.0007914192551409345
2000-11-06,0.012094653580370296,0.0026029226579458646,0.0030980364837335825
2000-11-07,-0.0029420423841445276,-0.0028012114735399478,0.0002932088367402365
2000-11-08,0.008338975841352852,-0.018312685949614688,-0.020173638586932562
2000-11-09,0.001353852073214178,-0.007308453234725788,-0.006084333149654485
2000-11-10,-0.004506748770286997,-0.02404422324514753,-0.028536007988090344
2000-11-13,-0.014011145389961921,-0.012392010274434172,-0.012520657853142962
2000-11-14,0.011460346987157711,0.02265449603829999,0.027150904461278866
2000-11-15,0.006519259900247368,0.002227970408025534,0.003252463155120728
2000-11-16,-0.007822912282877912,-0.015066444177230966,-0.014544282921404783
2000-11-17,-0.001582195969598117,-0.00815828377423983,-0.0035888213882424532
2000-11-20,-0.004344711528078925,-0.018245393577525436,-0.020030927323038687
2000-11-21,0.010642562216104996,0.001076821549863974,0.005077006525424769
2000-11-22,-0.006436559171947144,-0.020615350102607535,-0.020787863876739292
2000-11-24,-0.003027848939225231,0.01639207455502264,0.01643533037710467
2000-11-27,0.008235286809825413,0.003912961825489745,0.006651195066776786
2000-11-28,0.004099107323819153,-0.012669694411773687,-0.011440348901008745
2000-11-29,-0.0030824765086063456,0.004483312923068356,0.0037265665844734576
2000-11-30,-0.009767956725408741,-0.015197360000000004,-0.01938143742645526
2000-12-01,-0.010275456925963261,0.0015613644538158436,-0.003062804984246941
2000-12-04,0.009576270760245345,0.005067263010381016,0.006954840634202607
2000-12-05,0.007195750853699394,0.04121203334104301,0.043052780952982636
2000-12-06,-0.02073307662632325,-0.019206605124797705,-0.019030310784858614
2000-12-07,0.0051521286925760535,-0.0014508880461829114,-0.005343107912971829
2000-12-08,-0.0008501580280590793,0.0191058717918608,0.018013985524465138
2000-12-11,-0.0076661997106386515,0.007560245842778078,0.006796341464652944
2000-12-12,0.0059430374699957714,-0.005731031466224102,-0.007658371766735
2000-12-13,0.010761672443661231,-0.005386798795993708,-0.006217138321366309
2000-12-14,-0.008715284877921604,-0.013313781385844164,-0.012628233425042034
2000-12-15,-0.011424467772795086,-0.017755810878980368,-0.02504282343923786
2000-12-18,0.014806924387503004,0.010423277835994295,0.005574689076320383
2000-12-19,-0.0019112550414789172,-0.014177288220333976,-0.01628555125639058
2000-12-20,-0.02033800265628393,-0.031875844377790535,-0.03540503695986628
2000-12-21,0.005173990918562281,0.009460487703163092,0.009677361261289565
2000-12-22,0.011450688442275711,0.018154164824088367,0.022188924148443905
2000-12-26,0.015833402926691047,0.00894213226832521,0.005457408334100818
2000-12-27,0.011569149611400646,0.012070705677847736,0.007922539115407459
2000-12-28,0.007418732505664426,0.005515581786085858,0.0018099370068162834
2000-12-29,-0.006422141484097226,-0.010547036607038362,-0.009385113140523036
2001-01-02,-0.011065959527479562,-0.02351756,-0.02303111785949679
2001-01-03,-0.01947355504765787,0.05105933169620541,0.05100767076026238
2001-01-04,-0.03743444942128889,-0.012319778976845627,-0.01097818669603926
2001-01-05,-0.00055243000756205,-0.026943703923183276,-0.026229719206414027
2001-01-08,0.009376346701478432,0.0014182839537462812,-0.002818514315222054
2001-01-09,0.0007859192444937446,0.004584336770140374,0.005885701074953347
2001-01-10,-0.006393956355561498,0.010957372566033694,0.00789601504853684
2001-01-11,-0.007906322263537853,0.00987529416722861,0.011337882547522413
2001-01-12,-0.002418896955098143,-0.0031814452049704414,-0.006545109544003029
2001-01-16,0.014988434485335999,0.006421012652940183,0.006757076866256095
2001-01-17,-0.011567977408609091,0.0030676519768388874,-0.0006495614499297465
2001-01-18,0.008349053980506706,0.01250920580906888,0.01652387529361545
2001-01-19,-0.011910379882356768,-0.004903283434090057,-0.002114885837067424
2001-01-22,0.009006596044049174,-0.0006936869554369591,-0.0031134496753936476
2001-01-23,-0.0032765003522450815,0.009102192886754734,0.01050842956455197
2001-01-24,-0.0028875721289253306,0.004038951407636551,0.0031020499560797444
2001-01-25,0.013831593183943915,-0.006311301691702653,-0.005487614117938282
2001-01-26,-0.003005045040504166,-0.0006522822188273469,-0.0011490551512566886
2001-01-29,-0.006734442573343792,0.0068678303497619825,0.0048388326071858905
2001-01-30,0.009072252062415348,0.006407722598003449,0.007409081240709636
2001-01-31,0.00618279260077908,-0.00662879454244545,-0.005152216785547599
2001-02-01,0.003643919896251638,0.0069464800000000005,0.008321795366009443
2001-02-02,-0.00251804122389669,-0.01565432755050695,-0.019592736773737636
2001-02-05,0.009527416689092509,0.0028057432737686335,0.004210650008683012
2001-02-06,-0.002204686733592072,-0.0018589458523026936,-0.0011863680072978335
2001-02-07,0.0021578794354395517,-0.008364189983052576,-0.011218558042558634
2001-02-08,0.0011263326425779605,-0.004295691649245298,-0.007383724564768587
2001-02-09,0.005524381290614406,-0.010851178402702309,-0.016409618316680284
2001-02-12,0.003940640802371939,0.007695963946410417,0.013061646839275092
2001-02-13,-0.011862270133085611,-0.008068960536032123,-0.010895507091307509
2001-02-14,-0.006023662561585107,-0.003311062865896411,-0.0030187950285830035
2001-02-15,-0.004371751879270214,0.007652342406124268,0.00850330021892457
2001-02-16,0.004137433417872117,-0.018347992123624292,-0.020827479975064594
2001-02-20,-0.003692415605281517,-0.014656944619900502,-0.018197124031095368
2001-02-21,-0.009855990126904923,-0.01758146806689672,-0.020026974576161368
2001-02-22,-0.004775501615774341,-0.002805149518062319,-0.0008005451597669804
2001-02-23,-0.007687234195857864,-0.007664316229766809,-0.006608725928322757
2001-02-26,0.00945765284167443,0.01641300902308572,0.018147425532658766
2001-02-27,-0.00029591621159983907,-0.0052493538002045545,-0.007913471828558291
2001-02-28,-0.0040753967590371745,-0.012791442614985387,-0.015043161985570697
2001-03-01,0.00445059143043271,0.0019976110337538142,0.0010481469847735368
2001-03-02,0.004575508189070526,-0.0043286306455568605,-0.01044757694023575
2001-03-05,0.005190979855208081,0.00764342,0.00743789691213984
2001-03-06,-0.0030519561906896813,0.010959775102069344,0.011139791531175128
2001-03-07,0.0012941886090244875,0.005295460195918836,0.005323577211634639
2001-03-08,0.014224528583896046,0.002439108965950301,0.0016936724529051457
2001-03-09,-0.0063564938772496925,-0.02472629267796988,-0.027113783921319398
2001-03-12,-0.026084458354702588,-0.04379191885444993,-0.04732745697392078
2001-03-13,-0.006881605605346771,0.01321816037275486,0.01979834501480475
2001-03-14,-0.016126347711715214,-0.02453656939842391,-0.026639369374007148
2001-03-15,-0.0013369217800785712,0.007041212723856073,0.0070007933432092405
2001-03-16,-0.019287425856208146,-0.020983604086690862,-0.01957711910165872
2001-03-19,0.010970317965890791,0.02325542114879444,0.01781265457756827
2001-03-20,-0.004614652884809482,-0.024226379419246363,-0.026819982313924257
2001-03-21,-0.01784051816874612,-0.015997644028939283,-0.01742198623290131
2001-03-22,-0.015909680465731966,-0.006225079280347113,-0.0020943667639085582
2001-03-23,0.0058393465456045455,0.017352348808181747,0.020231567001562454
2001-03-26,0.010247210359578731,0.011115057236976752,0.010593156908769587
2001-03-27,0.021218764869624086,0.025472632015777354,0.02956709925530206
2001-03-28,-0.011723078652701552,-0.024383769032968284,-0.026311511918763963
2001-03-29,-0.001697189274425857,-0.007429494945740418,-0.005576248367310767
2001-03-30,0.014371381078685833,0.010750902064712508,0.010707607625683067
2001-04-02,-0.012729802477512412,-0.013612139842454294,-0.013026245008560372
2001-04-03,-0.01696114498865515,-0.03417896,-0.03448871778944924
2001-04-04,0.0004448611380172924,-0.006122873329866576,-0.0042958336733276165
2001-04-05,0.013476301963766415,0.04207729016308079,0.04490548791318195
2001-04-06,-0.0016337786549846089,-0.022236125610282088,-0.01774786436827121
2001-04-09,0.010787183123300155,0.006245468711788975,0.006285519372885198
2001-04-10,0.0024298617410660863,0.02742895039160932,0.02560916863290906
2001-04-11,-0.01936340703110885,-0.0021637137636918765,-0.0021343542858172915
2001-04-12,0.0071619645197604906,0.015605820732062693,0.015508027421285556
2001-04-16,0.010230569982461926,-0.0032109192034724143,-0.0024760582241119236
2001-04-17,0.011163649967295535,0.008181066023566406,0.010546774333098296
2001-04-18,-0.003603220538684788,0.039886297741473245,0.039725300563379716
2001-04-19,-0.0004046528116554518,0.015094842584800788,0.014099372199879057
2001-04-20,-0.005050000296305799,-0.010170938462011465,-0.008935531443361377
2001-04-23,-0.0029840125910524486,-0.01585141973701824,-0.014304683408914267
2001-04-24,-0.00944687724105317,-0.014085708186098923,-0.014008464807136
2001-04-25,0.020473783254198134,0.013862340130364326,0.01741542595896048
2001-04-26,0.009153935521840956,0.004463324626601255,0.0050755036328592185
2001-04-27,0.008007289932993744,0.01550704339994225,0.014254806553845426
2001-04-30,-6.944218305553864e-06,-0.004887053786999608,-0.005326355730279154
2001-05-01,0.006040306707451083,0.012849934670468046,0.015318146193327258
2001-05-02,-0.007529223190387798,0.0014982785119300708,0.0005671019227722542
2001-05-03,-0.005452399395602451,-0.013831440000000002,-0.013779448644720723
2001-05-04,0.00529717115287576,0.01408197749017673,0.01583064431455111
2001-05-07,0.005051816261232107,-0.004684476333118114,-0.0016752021220769354
2001-05-08,-0.0019000933801006765,-0.004078383933953808,-0.0026342970328968106
2001-05-09,-0.002481578715326306,-0.003599745367986389,-0.005710360069224876
2001-05-10,8.097764833415301e-05,0.00027830505477554,-0.0011653993306486045
2001-05-11,-0.005325465823206567,-0.007784737712723557,-0.008753139758093385
2001-05-14,0.010179527512767095,0.002403879063094688,0.0034855051172040484
2001-05-15,-0.0033584412575284003,-0.00023766234896171136,-0.0007849997086923347
2001-05-16,0.023282133343741972,0.02937381721865502,0.02860023060122665
2001-05-17,-0.009975819687461012,0.0029162319925159236,0.0005772996898792133
2001-05-18,-0.006249716774588118,0.002056198276038535,0.0035370607080363586
2001-05-21,0.0051792196163512345,0.01590542164169161,0.014573080170328823
2001-05-22,-0.006530639028232266,-0.0026996340449914782,-0.003272481220552624
2001-05-23,0.0027059794328681123,-0.013438383470685511,-0.014310495840297605
2001-05-24,0.003737802197681889,0.002427224362525241,0.00395224568857941
2001-05-25,-0.004700653692708364,-0.012045263568584983,-0.013391549701439702
2001-05-29,0.007991232197011908,-0.0064612685705632295,-0.006697482386292338
2001-05-30,-0.0006274654025947539,-0.016745890101336737,-0.0151194731372265
2001-05-31,0.0020441965181946776,0.005675321751803011,0.005157317072352281
2001-06-01,-0.0005951302829872184,0.0026952343969220294,0.004184055793263401
2001-06-04,0.0023847014010625884,0.005970910000000001,0.0066263417474436495
2001-06-05,0.008535405192307855,0.012323389691477261,0.012468704668339424
2001-06-06,-0.0069804606100876635,-0.010026802416230102,-0.010530157935159705
2001-06-07,0.0057995497089576515,0.004668649402264708,0.005182422710418608
2001-06-08,-0.00834680554814766,-0.009690437915903693,-0.009791081207715515
2001-06-11,-0.0027534518069595917,-0.007507952454664562,-0.0071871243145740235
2001-06-12,0.0052297575837090575,-0.00156425967437259,0.0011077399186731115
2001-06-13,-0.011485848267599458,-0.01064677519465754,-0.011492420631799043
2001-06-14,-0.011960979944096393,-0.020172306209989787,-0.015758454220646565
2001-06-15,-0.012100306801768561,-0.005761435821127101,-0.006206781439667481
2001-06-18,-0.0033373896247373205,-0.006256772610247812,-0.00470034232859251
2001-06-19,0.004606278908174144,0.002656362446048398,0.0035838901451428163
2001-06-20,0.007804039671688569,0.005930211231051745,0.01029524343054309
2001-06-21,0.015209894695770058,0.013101579249315935,0.013702444704138755
2001-06-22,0.0003529807675534485,-0.008498410315788171,-0.010199228201709563
2001-06-25,-0.0050091098097758855,-0.005049407987998215,-0.0054806480345474615
2001-06-26,0.0006907113468899352,-0.00288343825328155,-0.003590673800486976
2001-06-27,-0.004694029674757007,-0.005012203739321356,-0.0056005591072796216
2001-06-28,0.014588793487888328,0.011884555596552906,0.013030419453696568
2001-06-29,-0.010650754392872212,-0.0036560258705975734,-0.00490184814785541
2001-07-02,0.013390984907429028,0.011915576020482111,0.012168815082627729
2001-07-03,-0.00123933639616525,0.00011696,-0.0012953763322973
2001-07-05,0.004008496851300054,-0.01059040930369784,-0.013981135476689402
2001-07-06,-0.007429226639938861,-0.024953406502911887,-0.024669979449811134
2001-07-09,0.0006398026405588217,0.0068421542371099806,0.008392979917928178
2001-07-10,-0.006387607910944371,-0.012139905838894316,-0.013821056095636537
2001-07-11,-0.0051333884294860995,-0.0009341267747496063,-0.0016873327920790906
2001-07-12,0.012252740682221841,0.022225640091255126,0.024183587631842467
2001-07-13,0.002169475768720571,0.005454831667866698,0.006095419004403937
2001-07-16,-0.005235071176096573,-0.01215319410752741,-0.00978683321390052
2001-07-17,-0.0011326600389874153,0.011061089756439975,0.011031534621768861
2001-07-18,-1.7856593514052326e-06,-0.004184030891365973,-0.005151808074275978
2001-07-19,-0.0014285669662391825,0.004178149867062737,0.005777398224845778
2001-07-20,0.009111203122689173,-0.0017549131021470951,-0.002106333393194793
2001-07-23,-0.01435963441578173,-0.0159160492648804,-0.01807537744352326
2001-07-24,-0.026725567306041368,-0.015607882916614494,-0.015197643125682357
2001-07-25,0.024087126424068718,0.017637420847712044,0.016687019992655122
2001-07-26,0.01011590909916653,0.010919681904823956,0.008686626346101952
2001-07-27,0.006705133720624824,0.004866434848443,0.002346616148387442
2001-07-30,0.0007160185884204886,-0.0008268833706237902,-0.0013304530544728374
2001-07-31,0.002262766239214748,0.005420260859956166,0.005772650186479993
2001-08-01,0.0032363190414844926,0.004346679674240245,0.00375779373188561
2001-08-02,0.007273480292168552,0.0038526899999999998,0.004305742318040022
2001-08-03,-0.011678319312428046,-0.00616803584262946,-0.005448565949168222
2001-08-06,-0.0024832080744162524,-0.009445960148804165,-0.011742414274599185
2001-08-07,-0.00519767954025423,0.0016489097633365908,0.004553794358040743
2001-08-08,-0.014832741818059226,-0.016741784207324664,-0.01689502709529003
2001-08-09,0.007249208800317689,0.00029625107273935206,0.0005144674406735178
2001-08-10,0.01064307236507072,0.005423854971898072,0.005952478262807453
2001-08-13,-0.00019422073682772548,0.0014594555923563444,-0.0001030920015287701
2001-08-14,0.0011603201961964647,-0.0032723929781647296,-0.005349025383069416
2001-08-15,0.00014825639149737086,-0.007624123351368439,-0.007333074179046987
2001-08-16,0.011152049938780278,0.003360935874981983,0.0030882393418599375
2001-08-17,-0.009985796760125284,-0.01599825493678516,-0.018456820630655825
2001-08-20,0.008029767173628861,0.00799649173887085,0.009592093555919542
2001-08-21,-0.006438817220340921,-0.010315979288901728,-0.013825517961364758
2001-08-22,0.011155400088570314,0.00760224864820797,0.006782425425694577
2001-08-23,0.0031121840209604257,-0.0032604328064272294,-0.0033930565841772315
2001-08-24,0.00963269859885332,0.018338314839920607,0.021451567735459684
2001-08-27,-0.0012122169350879113,-0.006204090022302824,-0.006049719195578317
2001-08-28,-0.018504523466349548,-0.016470047975558764,-0.0170773431510429
2001-08-29,-0.007493442716531204,-0.011338272020279126,-0.011943983980989755
2001-08-30,-0.006222062732751311,-0.016056613490230295,-0.018691443269455287
2001-08-31,-0.0034550815939552366,0.00373754,0.003956562960049894
2001-09-04,0.007298875412065305,-0.001736802033537572,0.0005033868282212589
2001-09-05,-0.0007285230673640477,-0.0026647036805372373,0.0017787517107035128
2001-09-06,-0.014060824927394931,-0.024403434933107374,-0.024372911120836133
2001-09-07,-0.011452272753751595,-0.018847229525985856,-0.01907128668569361
2001-09-10,-0.001795174128361803,0.007270069340845049,0.009790722661732386
2001-09-17,-0.00796905187166346,-0.04777306653138691,-0.04549761695773444
2001-09-18,-0.0015821080418788203,-0.004379355650537668,-0.002777061945586553
2001-09-19,-0.011051478855323099,-0.015037210981793891,-0.0145497021865284
2001-09-20,-0.02893671443204392,-0.030087990407857066,-0.03168266138425745
2001-09-21,-0.02370543166245014,-0.019212929116369487,-0.019755544170763417
2001-09-24,0.015337362383335457,0.03928229424746214,0.04172876990268663
2001-09-25,0.010220583753539585,0.008998318057938577,0.010882748810759322
2001-09-26,0.004081899793533146,-0.0032130997365283315,-0.0004053810682362721
2001-09-27,0.015727691138520534,0.009649673927251346,0.011479806688886885
2001-09-28,0.010479208667039172,0.023893523744598612,0.020185318144616455
2001-10-01,0.007087039040290047,-0.003195036811129649,0.0010445014801358956
2001-10-02,0.010851190421288178,0.011276462484595805,0.011483489302293872
2001-10-03,0.0079775303035093,0.01922747925591437,0.01738244064225568
2001-10-04,-0.005929931904958819,-0.004919224974739738,-0.004334502812012234
2001-10-05,0.005889722387850509,0.00018418524730228405,0.002465702653607275
2001-10-08,0.0011766625019857455,-0.0070437600000000005,-0.006854570604993153
2001-10-09,-0.0011118707567386954,-0.0027211412188416274,-0.004878438394579522
2001-10-10,0.010370240275101495,0.02130994202537194,0.021869856953538044
2001-10-11,-0.005989762250212792,0.013946587469045509,0.011490259409539133
2001-10-12,-0.002067199663028739,-0.005751487941869612,-0.0038321702356897665
2001-10-15,-0.0033933057374311184,-0.0024072198141182484,-0.0002296696671390342
2001-10-16,0.0011530125231275657,0.005774432730252084,0.005574493783124911
2001-10-17,-0.01009491606544105,-0.01923221171321751,-0.01695510826062328
2001-10-18,-0.016458911668864224,-0.00705428698037231,-0.0052880588375166715
2001-10-19,0.009891331220145724,0.0013324073949691438,0.003634955143598975
2001-10-22,0.01852008941629419,0.01455650045652055,0.015411189228508539
2001-10-23,-0.005906056956614314,-0.004568444121853794,-0.005839661633735479
2001-10-24,-0.007626672126889671,-0.0024889757400518293,-0.00036566485037185423
2001-10-25,-0.0020977848023992773,0.014454236700301977,0.011981600747428881
2001-10-26,0.0037103392256339846,0.005062543300006606,0.003982396570891949
2001-10-29,-0.013354299431413983,-0.024022714378016143,-0.023687273236770535
2001-10-30,-0.01669328563777433,-0.018528506038133576,-0.016266699782083026
2001-10-31,-0.004077219171403162,0.000670750864107621,-0.0006526140050647337
2001-11-01,0.014836111256701095,0.019502511658163153,0.023814354787111712
2001-11-02,0.004589909290913024,0.004671323778081661,0.002850455878669242
2001-11-05,-0.006619754848844729,0.014265871514623657,0.012021106532873999
2001-11-06,0.00264641302752294,0.015047070000000003,0.016212090968085808
2001-11-07,0.00021619550899394012,-0.0012056449338452846,-0.0029966192088501397
2001-11-08,0.001997834581405199,0.002057883099324485,0.004370262062620354
2001-11-09,-0.0028631362117695343,0.0007316241549019072,0.0017572894672344735
2001-11-12,0.0012399859128406402,-0.0013027816253857157,-0.002000591426316969
2001-11-13,0.006786165891539716,0.020687005701205533,0.01850897231945304
2001-11-14,-0.0009676645401696771,0.004522617351548256,0.00224606451632055
2001-11-15,0.0013531462462293676,0.0019286542202201406,0.002034868591029801
2001-11-16,0.004563937243640469,-0.0020176674387912086,-0.004563912273747692
2001-11-19,0.00648550256422079,0.013917386637633667,0.010979111313908569
2001-11-20,-0.0064080857457149195,-0.007167983120904223,-0.006626449559943126
2001-11-21,-0.001672778228531543,-0.004773570092951066,-0.004582088845110699
2001-11-23,0.0030037276824451294,0.012971313308162482,0.01103882095299174
2001-11-26,0.0047990297248686285,0.006173062664263549,0.0055258675480154935
2001-11-27,-0.0027775583009001944,-0.0060173462696792406,-0.008055228896380584
2001-11-28,-0.009754925038695022,-0.01741962092492102,-0.017866211129454218
2001-11-29,0.013261348273864456,0.009955563001618966,0.01078729167857876
2001-11-30,0.002328604222978958,0.0015691720080379236,-0.0008841589893054152
2001-12-03,-0.00026269716914492896,-0.00947813819224229,-0.008774058205006699
2001-12-04,0.001091014269280967,0.012786137377511575,0.01076550753923315
2001-12-05,0.0020928323050175787,0.023542992111857227,0.02095031429695785
2001-12-06,-0.011654033941013192,4.600000000000013e-05,-0.0022295519428530107
2001-12-07,0.008156159116994213,-0.008096423689670274,-0.007458191460930633
2001-12-10,-0.005027454432391362,-0.01571714261668057,-0.01594540001591511
2001-12-11,-0.004586290460895101,-0.00444825391268551,-0.00373592444159314
2001-12-12,0.0019028916934286705,-0.001708963343059539,0.0007341995501802954
2001-12-13,-0.005390639850336034,-0.01736883909590628,-0.016347340611701986
2001-12-14,0.005777972571467246,0.0007334902030571518,0.003370463415070959
2001-12-17,0.001334418087380273,0.007751770332851055,0.01134158815485415
2001-12-18,0.003519654994086002,0.006014444273974329,0.006171952415233874
2001-12-19,0.016351893145829143,0.005768885424538638,0.008250697974993261
2001-12-20,0.0022570136428099854,-0.007856027591719323,-0.007993004483562863
2001-12-21,0.011685116963213393,0.004153717400068569,0.004045550210186685
2001-12-24,-0.000529327378517969,-0.00038591478020175184,-0.0016743611141042181
2001-12-26,0.004403140279131443,0.0038286058816999085,0.0033552708415340447
2001-12-27,0.0024687310122835566,0.007549459108742156,0.006503800557660217
2001-12-28,-0.0025483757829510693,0.004489116446808413,0.001738801017141015
2001-12-31,-0.007803909848654458,-0.009906077671889536,-0.012550790586696673
2002-01-02,0.001968854993541827,0.005028552707609004,0.007942300345970363
2002-01-03,-0.0009637145108522559,0.009630380085497763,0.00967407657369236
2002-01-04,7.044760036554677e-05,0.008001019272921265,0.005274791566181036
2002-01-07,-0.005067870011446388,-0.005822057817143222,-0.0076600289931866
2002-01-08,-0.004253117405205404,-0.00457924,-0.003000870966286619
2002-01-09,-0.005619342210368206,-0.004642539888619563,-0.005190454750445913
2002-01-10,0.003130478963394455,-0.001345841814130444,0.001992632905577825
2002-01-11,0.006929164653540813,-0.009017084409694292,-0.009750101410133698
2002-01-14,0.00437084376230681,-0.008159615416231973,-0.005230396073183081
2002-01-15,-0.0020161816347768974,0.0063238257160131974,0.007401945804594011
2002-01-16,-0.004754400836954562,-0.017208333800092852,-0.016336074260251705
2002-01-17,0.003049040074260512,0.00849663084451566,0.01075594706311284
2002-01-18,-0.0007130044003370914,-0.007608365602991606,-0.010840124640885596
2002-01-22,0.007306790254225247,-0.006272068634291456,-0.0076090017712890715
2002-01-23,0.005886269770636367,0.006924103964327716,0.0056584135711212095
2002-01-24,-0.010977605361343179,0.004437573761811929,0.0016812964787574854
2002-01-25,-0.005421167159273658,0.0009798942357865262,0.00010902224962664008
2002-01-28,0.0013279201187594925,-0.000685408523504882,-0.0006583208186975619
2002-01-29,-0.009566021097974912,-0.031332651222487615,-0.03112861732937618
2002-01-30,0.017628283416294868,0.012235623010627113,0.012464875172898019
2002-01-31,0.018572362818701855,0.015986318378805195,0.014921854923201808
2002-02-01,-0.0020676660746179057,-0.008314588346451678,-0.008100129759540328
2002-02-04,-0.01405690517252516,-0.025436223233626022,-0.02611203114656809
2002-02-05,0.0034327810130187326,-0.006930703624901848,-0.0029186292960220574
2002-02-06,-0.004628165946155267,-0.00699082046130856,-0.004782791699731023
2002-02-07,0.0028750567765819584,0.0026057799999999994,-0.0017911599755018738
2002-02-08,0.005672777258180404,0.017116038838186232,0.015387362612753065
2002-02-11,0.014514419887124668,0.013848651535471034,0.013247037899187292
2002-02-12,0.005008642100195055,-0.004701320463078276,-0.00405184361645018
2002-02-13,0.0019306546572334144,0.010929592403397933,0.010314003626976315
2002-02-14,-0.0048050572514405825,-0.0028372183753928564,-0.0013931963859013978
2002-02-15,0.00428421333667387,-0.01042028908988121,-0.01243408968061779
2002-02-19,-0.01230424392258591,-0.019519250815962116,-0.018281329461716542
2002-02-20,0.016768850161441418,0.014566939926417482,0.014720614367083265
2002-02-21,-0.00919910268132561,-0.013909082135423207,-0.016633335098999287
2002-02-22,0.015570175014228528,0.008466270149083285,0.009638947015689953
2002-02-25,0.006213909208800716,0.021458033797441413,0.018805550953963572
2002-02-26,-0.008504473242022526,-0.0019038476125518254,-0.002431922698337984
2002-02-27,0.001420044122237303,0.001012679115209167,0.0015531495832853191
2002-02-28,0.0017881750717883428,-0.0032193754803808666,-0.0019117090056102667
2002-03-01,0.013110631941388335,0.020862208379153115,0.023585347145308046
2002-03-04,0.004723674192231489,0.019561743363932363,0.016887470774167378
2002-03-05,-0.008929597766738897,-0.008392236328314762,-0.008115725606392604
2002-03-06,0.011222291636238486,0.016256385170061085,0.01436028372759024
2002-03-07,0.0037186627133259107,-0.004699652026720075,-0.005561550019513971
2002-03-08,-0.008771498147710877,0.006983745139355514,0.005805571566255283
2002-03-11,0.004423842111922346,0.0035240000000000002,0.0030035041168363645
2002-03-12,0.005243879247924446,-0.000491930861812971,-0.000643080524686595
2002-03-13,-0.00010619238946192392,-0.00932554078721741,-0.00951982744118688
2002-03-14,0.0025192426155706688,-0.0026993174418135793,-0.0018349110852931435
2002-03-15,0.010112760678959616,0.013405197202708864,0.01185524582948657
2002-03-18,7.18858198791439e-05,0.00023057409459900869,-0.0017714084584109799
2002-03-19,0.0038186276775479195,0.003068457687328741,0.0036933196581246885
2002-03-20,-0.003993272744391888,-0.0157455917541064,-0.017276289319594892
2002-03-21,-0.0003916277487819463,0.0024453544836795906,0.001150658758264482
2002-03-22,0.00047196804382915983,-0.004583555171981543,-0.0033362263161818393
2002-03-25,-0.005213023351901505,-0.014667211543960586,-0.014566294319841265
2002-03-26,0.003027821833776252,0.004675050663891764,0.005814177670678185
2002-03-27,0.008891718745020878,0.005679639535610918,0.0036405496028928393
2002-03-28,0.0012752796820838662,0.0022264613560398624,0.0009980104009253649
2002-04-01,-0.004493422014245612,-0.00029090305669641803,-0.0009822414889588947
2002-04-02,-8.325295496184195e-05,-0.006388172640228513,-0.007660919752403533
2002-04-03,-0.006131334307905084,-0.009972170425792234,-0.008715563255683553
2002-04-04,0.003506320788256897,0.0013945559912397368,0.000565943088906959
2002-04-05,3.0913353390523855e-05,-0.0012167028918933524,-0.004511397469119185
2002-04-08,-0.0011646243929204904,0.0023452925429872694,0.0008151029404203927
2002-04-09,-1.1036229300389826e-06,-0.005463574617580689,-0.008541660633093338
2002-04-10,0.012872560818145182,0.01060957,0.011485461558546385
2002-04-11,-0.006585334219794606,-0.02315674505763883,-0.02646458630508335
2002-04-12,-0.0039294845508560305,0.007286388350443335,0.006592259495816805
2002-04-15,-0.005761303518478873,-0.007197761988081049,-0.009314504549122754
2002-04-16,0.008989306689782461,0.024767422438604903,0.024088814203680583
2002-04-17,0.009501472073133005,-0.000860355352238258,-0.0025048141344524346
2002-04-18,0.01815843797001449,-0.0008669132017517305,-0.00042134207937262583
2002-04-19,0.01618911936190819,0.0028810683410864604,0.000620860175610654
2002-04-22,-0.004285352247237293,-0.016000077352209326,-0.016551435064681062
2002-04-23,1.2919499212339923e-05,-0.005904236269066577,-0.007879309670421816
2002-04-24,-0.006805971680392827,-0.006545200793341216,-0.007019479666372748
2002-04-25,0.009287183884866783,-0.004008868164096372,-0.0019219814927546957
2002-04-26,-0.005883130897963505,-0.012567082317971805,-0.014576752368096099
2002-04-29,-0.009322289592624933,-0.011612356935114641,-0.009955716252758864
2002-04-30,0.01098472561122822,0.010954442567345358,0.009611472228190775
2002-05-01,0.014313301315149898,0.00817750694676692,0.010933974879628843
2002-05-02,-0.0003737276615253947,-0.002768444922604872,-0.0018796548061434106
2002-05-03,-0.0021842250382616015,-0.007459190798181942,-0.011655434651882025
2002-05-06,-0.0006505440889569629,-0.019249255897463194,-0.020950133989328112
2002-05-07,-0.010349779815274287,-0.0038733460456202877,-0.0034717748236147293
2002-05-08,0.007643330420674211,0.03531818243019624,0.04169759085980377
2002-05-09,-0.004719953267899823,-0.01354431,-0.015619137095395669
2002-05-10,-0.008810351990243132,-0.016147618299256806,-0.016492544757517182
2002-05-13,0.0015730053519753067,0.01955256242662437,0.021071007334650966
2002-05-14,-0.0100671599673182,0.020633711950560997,0.021526941200861002
2002-05-15,0.002560128179541342,-0.003205054970874825,-0.006913085141380193
2002-05-16,0.007785012079729084,0.005357151783222682,0.009669910333434404
2002-05-17,0.0034481791646093865,0.007829700246736036,0.010072831522667204
2002-05-20,-0.008994866559283395,-0.011315281446097693,-0.014307997152642356
2002-05-21,0.0012524512851486767,-0.009362109006565887,-0.011702217973273157
2002-05-22,0.0037531623958751287,0.0050301192505839915,0.006473966047354858
2002-05-23,0.001950624046110863,0.010266424211850252,0.009524706585044986
2002-05-24,-0.002562389516018631,-0.01302716319963038,-0.013913172744152635
2002-05-28,-0.0006758535559629686,-0.0072249662214040975,-0.009052634426435911
2002-05-29,0.005560070271469344,-0.006456911464071532,-0.006365551973064517
2002-05-30,0.00763970746314812,-0.0010183232646783088,-0.001789769074271067
2002-05-31,0.00718647918978753,0.0032671026573325235,0.001509652774914132
2002-06-03,-0.013927186640183352,-0.02540246791389281,-0.025287071591248798
2002-06-04,-0.001321891285434477,-0.0019625908767121835,0.0014169575060965032
2002-06-05,0.013946568693490107,0.009943504015650743,0.009788251364868087
2002-06-06,-0.009031383665650945,-0.021396368416869337,-0.02112288250516156
2002-06-07,0.0018209827966663274,-0.002148185166578187,-0.0030057028404225326
2002-06-10,0.003106107044383459,0.0036918399999999996,0.0037478223472470276
2002-06-11,0.0034027478067232054,-0.017140544654223752,-0.0176844941222701
2002-06-12,0.002082815517609158,0.004079630665506535,0.011240920278862096
2002-06-13,0.002101418471010678,-0.007426601006206512,-0.010019007883441847
2002-06-14,-0.014233761859347209,-0.005031234911974554,-0.001594932575461046
2002-06-17,0.011534631100716067,0.030653357380064795,0.02957603504371626
2002-06-18,0.0019286517998997456,0.0027394662699394595,0.0015562107735135903
2002-06-19,-0.015519340722015385,-0.01633295227150754,-0.018349144528262095
2002-06-20,-0.0019424997328741749,-0.016466971446560737,-0.014825038090189103
2002-06-21,-0.016715386567841245,-0.017464776749996597,-0.020162688482003536
2002-06-24,-0.020483373688143285,0.003275471251551913,0.006407597420707865
2002-06-25,-0.01945130969838238,-0.01434961318532852,-0.016746410626337964
2002-06-26,0.0019440320628949842,-0.00540508703315835,-0.0004188523588289505
2002-06-27,-0.0006404845402858117,0.01723092045966936,0.019084952391011743
2002-06-28,-0.005727282274559511,0.00020075108006441852,-0.004652091099950303
2002-07-01,0.006295755241602339,-0.020763769897703503,-0.021433796201660343
2002-07-02,0.004432120042901382,-0.021877006971107674,-0.018864725081529445
2002-07-03,-0.008407802892867723,0.009039626858548491,0.008361044304377837
2002-07-05,0.016798016508064863,0.03603928176656202,0.03745427727070538
2002-07-08,0.004052589117272402,-0.011617273814179213,-0.011486861983811849
2002-07-09,-0.011693336872341127,-0.024513551785251497,-0.026051765617335663
2002-07-10,-0.024441333304312106,-0.037032209999999996,-0.03489672810643278
2002-07-11,-0.014286262433483424,0.008928622167601265,0.008572682299483542
2002-07-12,-0.015111111594858772,-0.0054778742396253185,-0.007089049550018345
2002-07-15,-0.002358445890209324,-0.002474997999610218,-0.0034804386639092355
2002-07-16,-0.03190172089140051,-0.018285735989212428,-0.018947903883110094
2002-07-17,0.016856729393798512,0.007980145920292954,0.009263482467298433
2002-07-18,-0.016602720318888986,-0.02976223612874416,-0.027745110928352676
2002-07-19,-0.047429316522290516,-0.03498437137371613,-0.03868201737805319
2002-07-22,0.00919760874535055,-0.03169441666832108,-0.03561879218539725
2002-07-23,0.004928653521450738,-0.022179856624324656,-0.025110183178157615
2002-07-24,0.031088622490831736,0.055454946222615514,0.05887323819955851
2002-07-25,0.011883462791469065,-0.0049341689511544756,-0.006594650126683125
2002-07-26,0.010761773808322139,0.016159364123501687,0.022379026243926847
2002-07-29,0.034079554494152675,0.05257792056556624,0.054617810277640635
2002-07-30,-0.013487066952359364,0.005008435811180858,0.004065239835637924
2002-07-31,0.02957669190394309,0.01171939900862506,0.014556179739331609
2002-08-01,-0.016294399555881082,-0.029881421536029518,-0.032681677380141
2002-08-02,-0.001152031646455082,-0.01980676625258176,-0.02010950884462999
2002-08-05,0.002554291488835908,-0.03811840586511585,-0.035517196649559546
2002-08-06,0.00949519067076563,0.029125214612770057,0.029382685131928453
2002-08-07,0.007839063343724783,0.01984726118648009,0.023546989547504595
2002-08-08,0.023931831795318416,0.032435179999999994,0.03525560502197992
2002-08-09,0.004524867915480913,0.0029515399485321686,0.003429306707176976
2002-08-12,-0.0031809728524647453,-0.006727580992085854,-0.005659135884502244
2002-08-13,-0.006897784205499794,-0.021524989131242064,-0.022602458447121464
2002-08-14,0.03476385067990838,0.03825088281997595,0.042800595227645795
2002-08-15,0.0012678945501287038,0.010352684624045714,0.010167877039475352
2002-08-16,-0.006225813330866028,-0.0005149817229726514,-0.001959512877682118
2002-08-19,0.014059348842750806,0.02437047194719491,0.02502404722494236
2002-08-20,-0.0070623539467090475,-0.012746154253852327,-0.014843007305458436
2002-08-21,0.002706792148825843,0.014078837800131016,0.012664680975549021
2002-08-22,-0.0022308379195852958,0.013311699588043593,0.012662109878550296
2002-08-23,-0.02721672803727636,-0.023983126976577316,-0.02341438922532506
2002-08-26,0.005105756367151716,0.008047136808434082,0.006581918386867297
2002-08-27,-0.003419209153025714,-0.013744371611952393,-0.014044541162162125
2002-08-28,0.0030420037318319355,-0.01662593045510163,-0.016941605844041502
2002-08-29,-0.0020124945877514635,0.0020743349917416577,-1.022832547834048e-05
2002-08-30,0.003729203661218145,3.864990839181022e-05,-0.0021127664935131217
2002-09-03,-0.02764312986884829,-0.042258787025509156,-0.04445232374440014
2002-09-04,-0.0026855443228513344,0.018388332970565913,0.018654384429854707
2002-09-05,-0.0005329321043006389,-0.014316136104092676,-0.017597302381875776
2002-09-06,-0.0059795628795925836,0.017074157085065843,0.01725270248798011
2002-09-09,0.01699825416407949,0.01152504,0.010771064821857392
2002-09-10,-0.001181677996877454,0.00788009594218251,0.009340311785023245
2002-09-11,-0.0008991335779907383,0.001533472512726271,-0.0006499346152111334
2002-09-12,-0.0173999410693034,-0.025042766519212327,-0.02586322002630758
2002-09-13,-0.014111097822174044,0.002335177116785533,0.0031780444117932593
2002-09-16,0.021137035107398425,0.001907086975129328,0.004308213967622053
2002-09-17,-0.03558715098094218,-0.020528111576181052,-0.019029589747848293
2002-09-18,-0.005104949755629916,-0.006219686139492553,-0.004917972308065951
2002-09-19,-0.029979032940838184,-0.03598932111726921,-0.03161484550034868
2002-09-20,-0.008657223101809894,0.0037763357007951355,0.0018553309749757916
2002-09-23,-0.00039655228711527854,-0.014867402061828672,-0.013555992210040942
2002-09-24,-0.01758236798616591,-0.017954099908291717,-0.015252571650083216
2002-09-25,0.005548266165266621,0.025543888218793935,0.025014067105114873
2002-09-26,0.02309314716327784,0.0196073605803715,0.017102681672141833
2002-09-27,-0.05049985698788968,-0.03175268766558166,-0.03581182794970881
2002-09-30,-0.010248272222355526,-0.016614089590511652,-0.015564047447981285
2002-10-01,0.041898058535300015,0.04034225978527997,0.04460241512025046
2002-10-02,-0.019830342174129496,-0.02588928496680747,-0.022333480706544475
2002-10-03,-0.0020637188774807066,-0.01253791406055593,-0.009754179238957996
2002-10-04,-0.035426197425586316,-0.02391658026698095,-0.021476352361162746
2002-10-07,0.008039374132329094,-0.01951116876214843,-0.017050243258747693
2002-10-08,0.007780222687708438,0.019833189999999997,0.021239237825887554
2002-10-09,-0.03470990569811993,-0.028986704429780324,-0.024510586972715197
2002-10-10,0.011816002740355548,0.035785345633661585,0.032666038603005605
2002-10-11,0.011387774952617464,0.04012657153476387,0.03928343887551381
2002-10-14,0.014940960517435433,0.00713002555736629,0.008394032249897515
2002-10-15,0.013957768549089252,0.04621396531775219,0.048061039292749574
2002-10-16,-0.014820295477555439,-0.02295565016007418,-0.022193630505829846
2002-10-17,0.00823775707257076,0.021859248126244395,0.021585018846842406
2002-10-18,-0.005020538548334647,0.0059867972825890705,0.00652461811440404
2002-10-21,0.03869721382845951,0.019747415808711644,0.013189090223827667
2002-10-22,-0.034172533901003076,-0.012033153238685694,-0.009117001536539264
2002-10-23,-0.0015278909821456004,0.007648915001624791,0.00439255664124743
2002-10-24,-0.009716027581041729,-0.016355836425249223,-0.016215006301194053
2002-10-25,0.0012638677290059807,0.018729139941777877,0.01821871470191394
2002-10-28,-0.011729097438054614,-0.007993106143254517,-0.007262527013797814
2002-10-29,0.007873986075031342,-0.008946920297596216,-0.008086216275203305
2002-10-30,-0.00018001247480839674,0.01073403592732775,0.008920116144900443
2002-10-31,0.0018521437503794239,-0.00836415395499603,-0.0058339184141748025
2002-11-01,0.007261805712808633,0.016365781982242946,0.014745791091681549
2002-11-04,3.0541906734230035e-05,0.006948395293282122,0.007152093394436105
2002-11-05,0.019301226566291293,0.007708559137145534,0.010801433267703626
2002-11-06,0.00881766765610494,0.01031213,0.007264111723539923
2002-11-07,-0.011576831576205456,-0.022921589598572868,-0.02124198785613599
2002-11-08,0.0026103939925019902,-0.00780693920549442,-0.0053843083924578795
2002-11-11,-0.018752713443735847,-0.022884655173248846,-0.021210131066597478
2002-11-12,-0.004992274761512137,0.008936976132526723,0.006649954589870337
2002-11-13,-3.630587822141931e-05,9.253891962031164e-05,-0.0008535498880384139
2002-11-14,0.004812764423403834,0.024160736114932652,0.023271534702629625
2002-11-15,0.007275766907283531,0.00678141987914827,0.005013170148587951
2002-11-18,-0.012122240421523427,-0.010636352214564439,-0.011539592496013702
2002-11-19,0.008238524650496987,-0.004556718722088156,-0.0035312494461323092
2002-11-20,0.012369168322114894,0.018089873178464187,0.01941293959684273
2002-11-21,0.006186793134543172,0.022001754176230903,0.020234126836794486
2002-11-22,-0.002125771030980786,-0.0029887578505483872,-0.005701019180255036
2002-11-25,-0.0027495273738297322,-3.94997268738657e-05,0.002414307907123977
2002-11-26,-0.012228220139783825,-0.018849325626774553,-0.020277349681882457
2002-11-27,0.026605784024739926,0.029515150464574164,0.02828589827678566
2002-11-29,-0.0064811697541717304,-0.003421382274231937,-0.004235572271709846
2002-12-02,-0.0016692030403194877,-0.0005691802745431425,-0.002093523991268945
2002-12-03,-0.009741246117697637,-0.014790657407449082,-0.013830449284547316
2002-12-04,0.009965697437616066,-0.003339125002607268,-0.002430115090075922
2002-12-05,-0.012330260585643344,-0.011321371267465751,-0.012853577217799223
2002-12-06,0.015672169470183107,0.00716667,0.006718245959546813
2002-12-09,-0.024656930895880936,-0.0221979920471852,-0.021701687736437405
2002-12-10,0.006854575991461343,0.012366735323184568,0.01374493792503549
2002-12-11,0.0016976992588077949,-0.00022258032926271014,0.0004000766396769008
2002-12-12,0.0003985023869300608,-0.004232486344820644,-0.005672122754249605
2002-12-13,-0.014922982877310881,-0.013000749139282617,-0.013294607187883497
2002-12-16,0.02704495408644074,0.022443189758571108,0.024352106302147646
2002-12-17,-0.008198473273445063,-0.008447806379361043,-0.009467760303440258
2002-12-18,-0.008358618128564697,-0.013688803722813772,-0.013071186075274776
2002-12-19,-0.0019234055520291847,-0.007908543999672602,-0.007423677724397766
2002-12-20,0.002278552475973764,0.011891466535831605,0.012519976431990654
2002-12-23,0.018053748946747508,0.0011099710827716554,0.0014892401410868264
2002-12-24,-0.0055771357223120144,-0.0059483732572300045,-0.005885363099952856
2002-12-26,0.002140318250202429,-0.002799894589146424,-0.0053181466956622155
2002-12-27,-0.014838276964806519,-0.015507212779743791,-0.015686935043251363
2002-12-30,0.006236218461669105,0.004659407061657244,0.004501144812910297
2002-12-31,-0.0013545722475936648,0.001790534647829642,9.291554306251388e-05
2003-01-02,0.034902764246904076,0.03375847244431675,0.03333757463479922
2003-01-03,-0.005633603619927165,2.849599803341307e-05,-7.728658343941351e-05
2003-01-06,0.023056661852309077,0.023109615498950138,0.02277318156896671
2003-01-07,-0.009287610354327838,-0.007241528477436024,-0.00589766944921923
2003-01-08,-0.0076637317472452735,-0.013822470000000002,-0.014377379899054233
2003-01-09,0.013174181820053815,0.01981545875408457,0.019433088904795906
2003-01-10,0.002035129095018089,-0.0007409195054941158,-0.0007923393783698983
2003-01-13,-0.00489788540165342,-0.0016602838461829126,-0.0003333010448681349
2003-01-14,0.0032816285463028506,0.005200154172851375,0.006681323493780318
2003-01-15,-0.008455952575208519,-0.014986246997524181,-0.015471196520329111
2003-01-16,0.003520977401519376,-0.0030748927596864492,-0.004496340702633763
2003-01-17,-0.0024651785739677645,-0.011120242564511301,-0.014362194247594703
2003-01-21,-0.016956288802079583,-0.016184567509201397,-0.0146082443714195
2003-01-22,-0.005787309076880546,-0.010990105817086412,-0.010094275264665829
2003-01-23,0.004341474116190924,0.007743643934955008,0.00858049138482854
2003-01-24,-0.01896414812261206,-0.028836316618986703,-0.03105039439875397
2003-01-27,-0.012710187478423502,-0.016903152661323514,-0.015457344738466222
2003-01-28,0.011879978702827693,0.011885256684587646,0.012253168744282311
2003-01-29,-0.001364036127234676,0.00653482892714584,0.007997701631647385
2003-01-30,-0.015636297854445744,-0.023026965148315794,-0.02404800439870362
2003-01-31,0.022626311405580992,0.014075703707809346,0.01330691046626299
2003-02-03,-0.005330993132423211,0.0037904028122884904,0.006814628548580624
2003-02-04,-0.006278397010211774,-0.013594312393977447,-0.014851212848303643
2003-02-05,-0.0024956224895042217,-0.004909933161516371,-0.006240159950886605
2003-02-06,-0.0028079188976798423,-0.006433885435536107,-0.005279457186779743
2003-02-07,-0.003330676917216115,-0.00879986,-0.009919780466067944
2003-02-10,0.007288894529643907,0.006934724437185814,0.006993775833294606
2003-02-11,-0.01572228382960096,-0.008349777886669412,-0.008195503832753514
2003-02-12,-0.016637730734741337,-0.011897754029771087,-0.01158864003597045
2003-02-13,0.000772619644241989,-0.0036705874355878127,-0.00032305417914428694
2003-02-14,0.014712761487288244,0.02196144292660822,0.021731645096203792
2003-02-18,0.010648471521180843,0.019591646959488153,0.020085201152111945
2003-02-19,-0.006079745662106448,-0.007887564599605698,-0.0064750026644294
2003-02-20,-0.010654321531444258,-0.009732230631374626,-0.010985040467211741
2003-02-21,0.011876823767367164,0.012969114981387218,0.013356895787328264
2003-02-24,-0.019752206000863564,-0.01937984087550324,-0.018570331409840733
2003-02-25,0.014468548703695775,0.007490796401529002,0.008079648196059526
2003-02-26,0.001313331724061571,-0.011487294582317828,-0.013550666939551061
2003-02-27,0.010534755524862422,0.011535670551050953,0.01203040191181626
2003-02-28,-0.00234452545328591,0.00432001768390799,0.00402344256633391
2003-03-03,0.000970348919623231,-0.008116520945739208,-0.007438034237918908
2003-03-04,-0.009426727105495185,-0.015400326398794597,-0.014751427840050665
2003-03-05,0.009862015671073596,0.007942561980997104,0.011430590547634794
2003-03-06,-0.01689671262450525,-0.011529568069116222,-0.009783794267074406
2003-03-07,-0.0040533967996185865,0.007259171766115537,0.008733291848587978
2003-03-10,-0.018140554181922317,-0.02573961944719337,-0.025631077796406054
2003-03-11,-0.0039510479055533355,-0.008286980000000005,-0.006795560698422811
2003-03-12,0.0057985310456256725,0.003372449735579755,0.005424760443677518
2003-03-13,0.02678100509297225,0.030495171590343297,0.03356989177470529
2003-03-14,0.006649073622606748,0.0015866040117187225,0.0019894331918283346
2003-03-17,0.027589214625219405,0.035953771996371016,0.034251134500108645
2003-03-18,-0.012798463806736677,0.004654278444857223,0.0037846406807951743
2003-03-19,0.014755761812950165,0.009435306230174441,0.011001521782068686
2003-03-20,-0.0023390690709275104,0.0014778506344432655,0.0012081576879486688
2003-03-21,0.010096551429042717,0.023694548425603226,0.024264566935965758
2003-03-24,-0.02072916689734558,-0.03485217164978574,-0.035292330678788425
2003-03-25,-0.0009079152331367435,0.011075146941834507,0.011451038321500576
2003-03-26,-0.003941702578542912,-0.005874330462482743,-0.005980630474762585
2003-03-27,0.004532196953219624,-0.0019439538573204768,-0.0018682803826186656
2003-03-28,-0.005090107563727765,-0.0047191531489164,-0.005866980996255323
2003-03-31,-0.023448502126157802,-0.01897955177608042,-0.019425758275663726
2003-04-01,-0.0067655158500392705,0.011661062921347002,0.013346342142406249
2003-04-02,0.021989734506245633,0.02441371885399568,0.026991789376820105
2003-04-03,0.0013334061460637185,-0.004313378337315783,-0.004529907904421938
2003-04-04,-0.012649853093478505,0.0030552576646007655,0.0037884170608775596
2003-04-07,0.00207817288219172,0.0037331213465780833,0.0001736681065324849
2003-04-08,0.0037020954709729393,-0.00256925371403924,-0.00020002662093017437
2003-04-09,-0.005056040534516928,-0.013184930000000003,-0.014859553066437827
2003-04-10,-0.004430219185135947,0.006501426895233775,0.005522871064977873
2003-04-11,-0.004972688410884652,-0.0035451081038787692,-0.004535175003660711
2003-04-14,0.011922105071353674,0.02015182291707738,0.019771153179577707
2003-04-15,-0.013493841642033941,0.00495118639844733,0.005969853257132682
2003-04-16,-0.01318302408137927,-0.011950214258112804,-0.01260598850175929
2003-04-17,0.015975358792724253,0.014601050115608628,0.014887427408692066
2003-04-21,-0.0023655576512454832,-0.0023233204740115243,-0.002537009472066763
2003-04-22,0.03361187417209505,0.0206662014265105,0.021283556072395734
2003-04-23,0.010379786157856624,0.011127532697903567,0.009861450922268209
2003-04-24,0.0017743334302978394,-0.008905675386973047,-0.008807728142940285
2003-04-25,-0.00520648336614188,-0.013302344037409687,-0.013295280057813462
2003-04-28,0.01668331553592767,0.017182525277141703,0.017689074979682813
2003-04-29,-0.0018194948919905438,0.003374544016742454,0.0023251383865548767
2003-04-30,0.004485283563222641,0.00011947549647763779,-0.0006935154702252629
2003-05-01,-0.00537756693767789,-0.000924116896217711,0.00010946985943541254
2003-05-02,0.01872301690576161,0.016585274812419802,0.014396092841904523
2003-05-05,-0.0057773808454869525,-0.004630692037058823,-0.005691894211567575
2003-05-06,0.0038831402274579732,0.008810753738670763,0.00826240825831351
2003-05-07,-0.008208347702818398,-0.005548018419700355,-0.004827057045827899
2003-05-08,-0.010149805474925952,-0.012393870044904278,-0.010514060281844565
2003-05-09,0.00948459312652436,0.015055870000000002,0.015257636936904538
2003-05-12,0.008413938556113916,0.013555296815248209,0.011539455204162101
2003-05-13,-0.0004593971009610586,-0.0029614241351181973,-0.004234302672668383
2003-05-14,-0.0014684402801584963,-0.002124894779761341,-0.003458364284847646
2003-05-15,0.0062387450502145655,0.007254082881139483,0.00713545131889629
2003-05-16,0.00959716065289472,-0.0017107950273430221,-0.003933663468026646
2003-05-19,-0.010193206201531677,-0.025024144999625637,-0.025293732132861527
2003-05-20,0.0061473926712919316,-0.0020990684594789782,-0.0020372892246488567
2003-05-21,-0.0010533446038484182,0.005410839144026125,0.0034151983055366363
2003-05-22,0.007925266663274642,0.009311998225118256,0.007848596005681767
2003-05-23,0.023722043035897908,0.001886833900295015,-9.864888100745856e-05
2003-05-27,0.01264384797711443,0.019228097321014104,0.019492130102597063
2003-05-28,-0.0034888394220784543,0.0036592056683098836,0.0026269138773993557
2003-05-29,-0.01418906374116516,-0.004326355640687868,-0.004362304093168044
2003-05-30,0.016238231093274408,0.016164874428118984,0.01282175580202584
2003-06-02,0.005545086325268036,0.003972280014534653,0.0029865768978505985
2003-06-03,0.003627908561269056,0.005961970989379099,0.0070989338028376895
2003-06-04,0.006907533562043129,0.014988037120795697,0.014445664502939593
2003-06-05,-0.01110720492632864,0.005159194229333746,0.003651115983712403
2003-06-06,-0.002028246673230501,-0.0013926229887546283,-0.0017389742690992142
2003-06-09,-0.005457275845892098,-0.013968816405091164,-0.010290135534497202
2003-06-10,0.002821287297243728,0.00953166,0.010030906767569183
2003-06-11,0.007842798918220944,0.012348190081715716,0.011978264161777009
2003-06-12,0.012636237311338526,0.0017271210227560207,0.0011633767367422256
2003-06-13,-0.003853052863476389,-0.008774022672031192,-0.008940463822708057
2003-06-16,0.019261574127988384,0.02191328639714593,0.023246116573273672
2003-06-17,-0.0033933127857089097,0.0015849998456433662,0.0023972056387360505
2003-06-18,0.0026284240732379286,-0.001294799655658199,-0.0015017694049815876
2003-06-19,-0.0098454825981225,-0.01548462297475881,-0.015433298008641485
2003-06-20,0.0002572126416034694,0.0017464343184134378,0.0013514071501820935
2003-06-23,-0.009801778528717872,-0.01472907891513936,-0.013295746808831633
2003-06-24,0.0035989720660454506,0.0017876480012031205,0.0020090089217050583
2003-06-25,-0.008744976340527455,-0.008046481461008736,-0.009561056352007696
2003-06-26,0.010724930532219566,0.011525875547394718,0.011280008513564742
2003-06-27,-0.005025958850753935,-0.0088979065556814,-0.010789665731619439
2003-06-30,-0.00203601761055272,-0.0008082202544485314,-0.0019515013337456225
2003-07-01,0.006756255163450954,0.0071039502813212115,0.009302224918428689
2003-07-02,0.007128292816430203,0.011481777756256677,0.011951949519996166
2003-07-03,-0.008766162002902445,-0.007602721786007547,-0.008336503889926126
2003-07-07,0.006732838992352977,0.019874999330392194,0.01932323658492751
2003-07-08,-0.001576892068714279,0.0025428583543557317,0.0019228511834950323
2003-07-09,-0.006521958446815134,-0.005620847405129097,-0.006035219546035061
2003-07-10,-0.01857096326985186,-0.014507599999999999,-0.012849262643646907
2003-07-11,0.009793560704249868,0.009321932335175797,0.01074771957453968
2003-07-14,-0.004216151637945383,0.006963336251823179,0.006204660478790196
2003-07-15,-0.006552719240295508,-0.004392980504483734,-0.0035792651077012363
2003-07-16,-0.010209476999612967,-0.007019084067665922,-0.005883688947571013
2003-07-17,-0.0007925137781232056,-0.011119448405914596,-0.012063690900250994
2003-07-18,0.019517450872701576,0.010633144365878137,0.01138611084738157
2003-07-21,-0.009060594663264095,-0.01330235185854225,-0.01611865784102939
2003-07-22,0.0027619595033119087,0.008963979037164055,0.008737799432897389
2003-07-23,-0.004973509264706621,0.0012315250343445717,0.001309700901818899
2003-07-24,-0.008025367236246637,-0.005971459571306037,-0.008827275153369863
2003-07-25,0.010495774635965974,0.016350868506440987,0.018414436839877223
2003-07-28,-2.731230330660069e-05,-0.0018278753063957582,-0.003574528279762343
2003-07-29,-0.011589028198629319,-0.006949818792550963,-0.007861529999309683
2003-07-30,0.0049041973262820135,-0.0016436926352741165,-0.00045232923586382935
2003-07-31,0.003120269909404864,0.0013567291084903054,0.002414697435952279
2003-08-01,-0.005909400841669126,-0.010669910807791682,-0.011999049748961632
2003-08-04,-0.00031860045746606367,0.002842393704858586,0.004176357827382412
2003-08-05,-0.01149222872316855,-0.017513613674606104,-0.017441545190467842
2003-08-06,0.007516654350989772,0.0021179269626992996,0.0021665284513088506
2003-08-07,0.013020126855985449,0.0054934738240368765,0.0073752991896995
2003-08-08,0.0033340001507036012,0.0049842,0.003662656130041206
2003-08-11,0.0004682008890632297,0.002519141915693799,0.002739177103591242
2003-08-12,0.008159771317886338,0.011409742146880312,0.009755490573624528
2003-08-13,-0.0035915390105974512,-0.00588176720592681,-0.008211681137191451
2003-08-14,0.0073765692568193,0.006990603398742437,0.005646452007164423
2003-08-15,-0.0035475231049030337,0.0008308752563689275,0.0009501063321738167
2003-08-18,0.0008009021297548122,0.009190864964253925,0.00882992666739917
2003-08-19,-0.001544475469115097,0.0019449578531571927,0.0012488871557513406
2003-08-20,-0.002016998740934504,-0.002631338052231956,-0.003843711272712165
2003-08-21,0.0010218131532017832,0.003768802681508025,0.0013187356486781669
2003-08-22,-0.009381837847279676,-0.011144145577874532,-0.009965966969335776
2003-08-25,0.003350461583279398,0.0008046586996844137,0.0018556140246074597
2003-08-26,0.004125492482794337,0.0027590441003802714,0.0029936959807354787
2003-08-27,0.0036734995742631884,0.00042982239738710364,-0.0009555892888804457
2003-08-28,0.0017407877469319643,0.006349785437750434,0.005035285110739293
2003-08-29,0.0030204519365678597,0.005853261271684808,0.00424387607077128
2003-09-02,0.012410945506875793,0.01280187650332909,0.01431001529614618
2003-09-03,0.002931240650252277,0.0021352638589419333,0.005812272103940138
2003-09-04,0.004217504020199155,0.0008480154934670022,0.0024363762475137422
2003-09-05,-0.004553183000443189,-0.006026951137902334,-0.006436069027039903
2003-09-08,0.0044275129109908875,0.009639964414004635,0.010438686346869742
2003-09-09,-0.005328499587809221,-0.008869870000000002,-0.008131989127500256
2003-09-10,-0.003964946915841448,-0.012241626741092011,-0.009925724748273386
2003-09-11,0.00020980447007486295,0.00523277145239478,0.005473468907769872
2003-09-12,-0.0026307269467392667,0.0023814887011183714,0.0020095261776110394
2003-09-15,0.001153638557174959,-0.0028182074893230366,-0.0034579767503088664
2003-09-16,0.009916587361761783,0.014659423481977,0.014429164701183602
2003-09-17,-0.0012620588088956863,-0.0030446578767097,-0.003480988244769824
2003-09-18,0.008357961684844999,0.012508107193673876,0.013374809217216642
2003-09-19,-0.001710085278177822,-0.0038404364085688676,-0.003891724851646581
2003-09-22,-0.005022202612872776,-0.012959150403770357,-0.013875511364360034
2003-09-23,0.006025207152274725,0.004423641264486134,0.005715912194834611
2003-09-24,-0.00959583889114396,-0.018911605901200956,-0.01976026815148902
2003-09-25,-0.001751981776573466,-0.004814898078637255,-0.00447953626701687
2003-09-26,-0.004070569071877664,-0.006546015665234671,-0.005949372445010893
2003-09-29,0.003710279736415813,0.007946635330821199,0.009815805471740144
2003-09-30,-0.005027644212168395,-0.009444930325401849,-0.011974673329748593
2003-10-01,0.016033442041901123,0.022912318418057333,0.02360134164635477
2003-10-02,0.005463791037306332,0.002608748889467849,0.0023405377341727735
2003-10-03,0.005110784066584713,0.01012240244898764,0.00828181371266175
2003-10-06,0.0038920263034316303,0.004441847880674736,0.0038831068441130953
2003-10-07,0.004364560999613328,0.00504301593720605,0.004841871918887699
2003-10-08,-0.0040770303906707515,-0.0046692,-0.005537114896873735
2003-10-09,0.0016878574997004577,0.006837276811247076,0.004693408836552465
2003-10-10,-0.002753881891236228,0.0003951897246029341,-0.0009066073431028177
2003-10-13,0.008921700176320392,0.006556120024396826,0.005600621816760688
2003-10-14,0.00695364194465033,0.001655661905414401,0.003401628209398484
2003-10-15,0.005569760607319118,-0.0023468348460141107,-0.0020192492385936686
2003-10-16,0.001961903666961508,0.003511840786463281,0.0032275013666822265
2003-10-17,-0.005113877989516247,-0.009613104419312117,-0.009764483677656657
2003-10-20,0.007488025755922064,0.004660800004789558,0.0056980981397423865
2003-10-21,0.0009604719913398845,0.002146826450859011,0.001676875825673346
2003-10-22,-0.008970100959262185,-0.01434338077304194,-0.015778139247052438
2003-10-23,-0.0028917563888322608,0.0030891420363039594,0.004086763659341415
2003-10-24,-0.002762065142185117,-0.0028307347218532535,-0.005780575886914037
2003-10-27,-0.0013516640718414573,0.004063636788690481,0.0004800590446738552
2003-10-28,0.00969430719424272,0.015480808796998813,0.015338608862624009
2003-10-29,0.007705585197691003,0.0024020549603846458,0.00018517700759119898
2003-10-30,0.0028617787103750996,0.0015907738841967683,-0.0015324034176845754
2003-10-31,0.006626291413173008,0.0015040528464831731,0.003545437820492177
2003-11-03,0.0017433819644763209,0.008219120885168723,0.007596329674061111
2003-11-04,2.740737873347295e-05,-0.0042845029830220595,-0.005694306024071777
2003-11-05,-0.002271941735753541,-0.0010357999122816894,-0.001527068566719564
2003-11-06,0.004145887277081322,0.00521457,0.005862919971213426
2003-11-07,-0.0042884946773166935,-0.0027915257574509696,-0.005601259798345426
2003-11-10,-0.0021460349904030653,-0.006348064912876649,-0.004642955712805507
2003-11-11,-0.0005059068757217901,-0.0006367796071547996,-0.0002539292281988962
2003-11-12,0.01200226638899836,0.012867822182845537,0.011519734130827642
2003-11-13,-0.0003627006207465612,0.0006699890444707345,-0.0010593738279219657
2003-11-14,-0.004861699106988773,-0.007842932136433214,-0.0070517503680742845
2003-11-17,-0.0009723449943917346,-0.005524408356553451,-0.005352211692966936
2003-11-18,-0.0074930807199990596,-0.010857729182160285,-0.008098134764795602
2003-11-19,0.006623366294350929,0.008600546521323773,0.009635647112055178
2003-11-20,-0.006013922620497786,-0.008495840837488805,-0.009690412111520818
2003-11-21,0.0006934494727657788,0.00018275086616061052,-0.0003132625097676319
2003-11-24,0.009121331541112407,0.015601834000817038,0.015198253551942533
2003-11-25,0.0027407036098199356,0.003302436743439777,0.0006926054591839832
2003-11-26,0.003031640511693181,0.004385986699942107,0.0033828517676408546
2003-11-28,-0.001151488357977091,0.0005939295604436562,-0.0005207788806500023
2003-12-01,0.010811191828336618,0.012147555702900423,0.010796820107928522
2003-12-02,-0.0008651370560237633,-0.0023406787924425752,-0.0028734552329628053
2003-12-03,0.001088588167792863,0.0002824033738022792,-0.0006691744563831714
2003-12-04,0.004994555439732791,0.005097460986437095,0.005921436015142117
2003-12-05,-0.004021271537538126,-0.007111957803119517,-0.0074939201058959485
2003-12-08,0.006121728751015774,0.00671931,0.0074068866809256055
2003-12-09,-0.00484490894823955,-0.007551518075529911,-0.007216744856715907
2003-12-10,0.005002514702000589,-0.0016563287370946712,0.0009563666227424257
2003-12-11,0.006914134457257516,0.012997929674890968,0.010926132509812779
2003-12-12,0.0036646576916714107,0.004293212100593212,0.0028184482101801063
2003-12-15,0.0033799582268631435,-0.00531204055369217,-0.0038792759795795062
2003-12-16,0.005406056551111519,0.005598352578234678,0.0073560331043468355
2003-12-17,0.0042271469783641165,0.0015177642674162747,0.0008924047966218741
2003-12-18,0.0038630947877505385,0.011105052527129481,0.010609192455035171
2003-12-19,-0.00044984628855894383,0.0007731735066654208,-0.00011802693755538872
2003-12-22,0.0032799377457109692,0.005469905934153205,0.0032627820751953067
2003-12-23,0.00041186355009807104,0.00287195414804908,0.0023414718080829694
2003-12-24,-0.0022144467611536246,-0.0016637418750580096,-0.001981915391236469
2003-12-26,0.0005747703624221805,0.0016803040985910902,0.0015997302258582038
2003-12-29,0.011423047075707992,0.013368847969464472,0.012876249943685678
2003-12-30,0.004174986133579946,-0.0009986104649610942,-0.0005593468515111462
2003-12-31,0.0037123545348626188,0.0024339549347316535,0.002794268824717371
2004-01-02,-0.003105757392547539,-0.00267126333812405,-0.0016033439379956893
2004-01-05,0.012695115260813869,0.012284599517494598,0.01308927682498199
2004-01-06,0.0022278341284068443,0.0007067859683235363,0.0007794266992831409
2004-01-07,0.0007860190479574846,0.0018876781327101769,0.0028311087811577237
2004-01-08,0.0013373901101579458,0.00429142,0.0047341491182857805
2004-01-09,-0.006121662470591731,-0.00956598167216245,-0.010240323761562798
2004-01-12,0.004898114412106876,0.004191424598995372,0.004846876725066638
2004-01-13,-0.004052199916878079,-0.004340467865186703,-0.005864481168745771
2004-01-14,0.005799855249935697,0.008575635929468904,0.00755083401432671
2004-01-15,-0.00275711368930391,0.0025313546482504854,0.0008692429901954211
2004-01-16,-0.00012148521047952534,0.004698752361004828,0.006127566163033001
2004-01-20,-8.323306586016435e-05,-0.003289248482602815,-0.00183182636664093
2004-01-21,0.003175043928713303,0.007219563027111804,0.008581666333741484
2004-01-22,0.0018699254074964198,-0.0007618907104548711,-0.0021920794463524728
2004-01-23,0.002294158130843928,-0.0033534363909244265,-0.002534683276277024
2004-01-26,0.01132005213139948,0.013252805751299357,0.014209672094844049
2004-01-27,-0.007704099280807269,-0.010175647222547185,-0.010784382583575391
2004-01-28,-0.009601591876654655,-0.014398848546873916,-0.01386786613520976
2004-01-29,0.0072084037877028955,0.004832190413339283,0.006518090231724697
2004-01-30,-0.005416788243994456,-0.0022854275234769055,-0.004391186355195137
2004-02-02,0.0030953452647486217,0.0032388458312299054,0.004099179388865842
2004-02-03,0.006190944478493777,-5.3840670509490994e-05,0.0005813319089784787
2004-02-04,0.003968365719664022,-0.005792818772427266,-0.006980164009123504
2004-02-05,0.005261468689135249,0.002547996317550074,0.0018587990529757093
2004-02-06,0.004910245696862526,0.011088081458609695,0.011049262338253088
2004-02-09,0.0008180689857386527,-0.00255251,-0.0033271078825493354
2004-02-10,0.0035612671527907613,0.006556628382843492,0.005207146371791524
2004-02-11,0.005280412792377865,0.0134910379390434,0.011170472946094285
2004-02-12,-0.002607519835204359,-0.005408431062762895,-0.005577613155684633
2004-02-13,-0.004228885604958273,-0.00427171644815287,-0.004737431992270308
2004-02-17,0.005534047675277653,0.01068886278983271,0.009688667868451113
2004-02-18,-0.005860315729922688,-0.004063234899634404,-0.005216527808206377
2004-02-19,8.331325011348772e-05,-0.0030411771954538523,-0.0037241472624954582
2004-02-20,-0.00048477946574582707,-0.0022237835785570304,-0.0011849101038563265
2004-02-23,0.00024896899773853255,-0.003673188960836776,-0.0013877945557754525
2004-02-24,-0.002619642669472999,-0.003213687473288783,-0.0016519145162900858
2004-02-25,0.003105856212385688,0.0038761033254342226,0.0033862576472378516
2004-02-26,0.0007852828041263793,0.0018672537972672112,0.00029818569268468437
2004-02-27,0.00047846604090756356,-0.0008621198574027303,-0.00216855227513639
2004-03-01,0.008582244071149844,0.009609128712662675,0.009086505781893118
2004-03-02,-0.005350307077538058,-0.005091507339513204,-0.005888122846813904
2004-03-03,0.0010506692035200348,0.0019752990365704856,0.001885451821286698
2004-03-04,-0.0026244860446611863,0.003236796850225801,0.0030378704836583866
2004-03-05,0.001021744977219902,0.00171821835914172,0.0008352943851726756
2004-03-08,-0.0035146138242452846,-0.008115838446051972,-0.008133384474370512
2004-03-09,-0.0033143403364658663,-0.005496660219106437,-0.004510814803927948
2004-03-10,-0.0020423707186428023,-0.01485461,-0.014233594254822611
2004-03-11,-0.015608478955518892,-0.014507453754546826,-0.014910512011982993
2004-03-12,-0.0003223892653411493,0.012065568483207669,0.011024363081575806
2004-03-15,-0.011512762948125218,-0.015994210618847912,-0.014053466608106698
2004-03-16,0.0037270994899618764,0.006007389885498469,0.00659772095917287
2004-03-17,0.009257691511146231,0.012338976789648693,0.009906853802388411
2004-03-18,-0.0009781934286069134,-0.0012758978694622414,-0.001145859703980202
2004-03-19,-0.00652131743903911,-0.010466017877438642,-0.012279669362693904
2004-03-22,-0.015585171022600737,-0.013999338862452259,-0.013232442052848034
2004-03-23,-0.004773756067636336,-0.0005988128630784555,-0.001156557941478266
2004-03-24,-0.0029862256510560597,-0.0034867546267373477,-0.0024226907360899216
2004-03-25,0.011642634077453974,0.016411435635101793,0.016115107160999214
2004-03-26,0.0005772922639878608,-0.0009359389422759548,-0.001269956200787191
2004-03-29,0.013229452520615415,0.013545736595659816,0.01357541010223979
2004-03-30,0.00598081522126338,0.003533129544165275,0.003455294416286358
2004-03-31,-0.0023988153075938643,-0.001215553703339489,-0.0021109972235911667
2004-04-01,0.004654834926024268,0.005805134029625658,0.005762282650919406
2004-04-02,0.002704360064511557,0.0070339928173847755,0.008013039123390507
2004-04-05,0.0010616662026101795,0.00870134181752801,0.008302772456853838
2004-04-06,0.003357885690978476,-0.0022666988255718497,-0.0021528380661446638
2004-04-07,-0.006886390132365517,-0.007391562869959028,-0.007028598849478211
2004-04-08,0.004269125864330176,0.0007593599999999998,-0.0005537394123744125
2004-04-12,0.0020858149879126363,0.005717607256653587,0.006006989465249411
2004-04-13,-0.00977176769054021,-0.01363445750640757,-0.012903241910118862
2004-04-14,0.0020386434026632184,-0.00164482614476918,-0.00028678782273846193
2004-04-15,0.0011495246923030424,-5.659273799800004e-06,0.0015151193001765688
2004-04-16,0.004013207425187665,0.005605803453063149,0.004432386341136797
2004-04-19,0.0057472313209260065,0.0004577332458008486,0.0015407976224786292
2004-04-20,-0.005859725473465318,-0.014769782989219432,-0.016035424789246692
2004-04-21,0.0027242043960086716,0.006089166655654934,0.005090152845633911
2004-04-22,0.00802433010752864,0.015661915391431656,0.012266412233366776
2004-04-23,0.004641819291773904,-0.001793908880531402,0.001252006673379095
2004-04-26,-0.002519566168892213,-0.0029621451189896825,-0.0034180512211221033
2004-04-27,0.0022232019602862483,0.0025380846063249563,0.0025090944719158557
2004-04-28,-0.012471833211956499,-0.01353917512068158,-0.01377757766176922
2004-04-29,0.0013482303825894692,-0.006988034861289609,-0.005680291815275777
2004-04-30,-0.0017830703782571171,-0.00628439222694281,-0.006248795071767404
2004-05-03,0.006180783730883902,0.009365367689496919,0.009701746398689568
2004-05-04,-0.0026823132927596633,0.0020151330728899798,0.0022379493809094545
2004-05-05,0.0006540186637896419,0.0013312328726393307,0.0011492994725207577
2004-05-06,-0.0004906308059664057,-0.006834679188301497,-0.006146082173783008
2004-05-07,-0.002951069228605926,-0.013559343936277278,-0.011825448856584653
2004-05-10,-0.0044766752136241325,-0.010740099999999999,-0.00873324604078552
2004-05-11,0.0023585558360880404,0.008226844396876898,0.007174162261863321
2004-05-12,-0.0030495258432050227,0.0024947878084873748,0.0026195973117798506
2004-05-13,-0.005649334368072603,-0.0009565329532948399,-0.0020797365245481167
2004-05-14,0.0005620240342861435,-0.0017899624727323671,-0.001688426264679652
2004-05-17,0.0024275668815100172,-0.01140346494989128,-0.009624330404321275
2004-05-18,0.0010436823169272355,0.0068944260133113906,0.006057918467350026
2004-05-19,-0.00270708306812655,-0.0018364998572058878,-0.0027159819362143206
2004-05-20,0.0047217467311783555,-0.00047465966365460696,0.001188531317967048
2004-05-21,-0.0019451871190504554,0.0039012620417359484,0.003344479400203595
2004-05-24,-0.0024763578503588196,0.0017622769370881925,-0.00044361073067535376
2004-05-25,0.01718363369506542,0.015538955164315391,0.015602809428716934
2004-05-26,0.003050624361659431,0.0024336814088551993,0.001482270540243803
2004-05-27,0.007257885206210332,0.0072736133848225375,0.0063770756619021965
2004-05-28,-0.0022752671021211883,-0.0013588723900610576,-0.0017102847043010945
2004-06-01,0.0014611070191953666,0.0006914283786855038,0.0006837140818677459
2004-06-02,0.006940600821295998,0.003148642839606395,0.004190499437656696
2004-06-03,-0.0007214977371472264,-0.008157063707223734,-0.006721136000684463
2004-06-04,0.002386628823494299,0.0055442417692987325,0.004982768581355133
2004-06-07,0.004099744694433423,0.015942059728425183,0.015532848939690534
2004-06-08,0.004291333686389772,0.002102495220671629,0.001683554795738221
2004-06-09,-0.002569408636600222,-0.00836058,-0.008398480465011534
2004-06-10,-0.0018681307015749329,0.003964162291117875,0.004704800340496918
2004-06-14,-0.0007137564491966381,-0.009222807898427676,-0.008679635052972002
2004-06-15,0.0011388945403346742,0.005021168873187128,0.005341187028222595
2004-06-16,-0.0008501736062120606,-0.000104525866037346,0.0006586648573172884
2004-06-17,-0.004054186506874676,-0.001146650407290945,-0.0011776665389555438
2004-06-18,0.001179399616213222,0.001758835162044391,0.0025943776260916236
2004-06-21,-0.0015727673076099608,-0.0053793399447001925,-0.005077751115341951
2004-06-22,0.00019725686707286363,0.003289982384138837,0.0022739539046666823
2004-06-23,0.0027477090698828427,0.009130862355264306,0.00778166446980866
2004-06-24,-0.0016841386089236096,-0.0018419977625138007,-0.0025950533117136735
2004-06-25,-0.010056947546510209,-0.003678311190952989,-0.007674994167906009
2004-06-28,0.004241879999921238,-0.001940259601993984,-0.0006946150276439407
2004-06-29,0.00472540871089233,0.0030583976907615413,0.0029419813955687585
2004-06-30,-0.0021452872043095494,0.0036219013191272275,0.0027320899648886807
2004-07-01,-0.0027670482016529823,-0.012176158410079508,-0.009692402114869225
2004-07-02,-0.0011970898931535255,-0.0035662193707524225,-0.0030126968088844
2004-07-06,-0.00045912821607543657,-0.008503248158562803,-0.00711220574742708
2004-07-07,-0.002483125166105871,0.001756005630958168,0.0017267708592649722
2004-07-08,-0.0011650830119167626,-0.008053626007605858,-0.007243449975666165
2004-07-09,-0.0007905863939288207,0.0029222120277814898,0.003456329592496579
2004-07-12,0.0024450986310123467,0.0024373700000000003,0.0021336348496194123
2004-07-13,0.0006481959176401982,0.0008466265629143494,0.0013576075360103206
2004-07-14,-0.0007829340247342823,-0.00385417114089324,-0.0038048519868157347
2004-07-15,-0.005720895296736814,-0.0043555403489482876,-0.006577355119621516
2004-07-16,-0.0001179783234873045,-0.004254690574329431,-0.0037788352159283554
2004-07-19,-0.003956623176562273,-0.001901482489054998,-0.00043555962442909385
2004-07-20,0.002464874685527618,0.007143073943300994,0.006349392576519529
2004-07-21,-0.014034836635777455,-0.013729872943983213,-0.01246216431831688
2004-07-22,-0.00475855557634507,0.0017309284052606812,0.004396553853410322
2004-07-23,-0.008928986669473596,-0.009782205735290248,-0.010093920335420375
2004-07-26,0.00012868713484809422,0.0004266070005912969,5.974659858445373e-05
2004-07-27,0.00980013593012459,0.012257670423617544,0.010714620869562513
2004-07-28,0.0013071665316163477,0.0008922110214942513,0.001513519372729632
2004-07-29,-0.0061899426147452195,0.004121672074658199,0.0030678352569417206
2004-07-30,0.003803168815871586,0.00023837011742773635,0.0003831547131518758
2004-08-02,0.007853264857138527,0.004281587610481257,0.004861841872007278
2004-08-03,-0.0031787469006688044,-0.006566427424590688,-0.005273220179399593
2004-08-04,0.0027539179504797295,-0.00026431821658654957,0.00015516706710988243
2004-08-05,-0.01153080000727906,-0.016384109834232354,-0.016210568592710386
2004-08-06,-0.011333905167438634,-0.01505645633793543,-0.015012915297629246
2004-08-09,-0.0009878964797038852,-0.0006376671203729583,0.000654433848573888
2004-08-10,0.007670225844904736,0.013434069999999998,0.012106528424586049
2004-08-11,0.00504150140305124,-0.0019234658695163071,-0.0017207949604567683
2004-08-12,-0.005232430732398697,-0.012176110730769931,-0.011587223272286425
2004-08-13,-0.0006867319026926898,0.0005079282037108302,0.0022868838122347525
2004-08-16,0.004637997708585046,0.014507200653707109,0.012714932238568368
2004-08-17,0.0006753853529757118,0.003378192741634726,0.002088030773944888
2004-08-18,0.00820419179132855,0.01253408278859259,0.012404658943460996
2004-08-19,-0.004588718720169248,-0.003851034906449937,-0.003443037795119449
2004-08-20,0.0029621967937944857,0.007533664300156522,0.006022174073512587
2004-08-23,-0.0003181218100267043,-0.0014066896846829126,-0.0018253007461825758
2004-08-24,0.001703620895109057,0.0014361701613631805,0.0007973117679369294
2004-08-25,0.006103300069984366,0.00888866873422705,0.008106927336425682
2004-08-26,5.115701366523394e-05,-0.0002201076433782448,-0.00023529480468092643
2004-08-27,-0.00027001181385376147,0.0029837866719781164,0.0032112085357757915
2004-08-30,-0.0031560026228097888,-0.008441690638555877,-0.007701586074412787
2004-08-31,0.006145685018256146,0.004194243886919416,0.004616677278249439
2004-09-01,-0.0004983149380488138,0.0019587336578008197,0.001063169017150731
2004-09-02,0.004861708784756508,0.011713532430111811,0.010760575771681984
2004-09-03,0.00028964075965082453,-0.0030609470016121918,-0.00450665231943559
2004-09-07,0.0007523115189942951,0.006408465628612577,0.006789520970015149
2004-09-08,-0.005179525231344164,-0.0037426007251203,-0.002964584232178245
2004-09-09,-0.0022844691364945257,0.00156868,0.0014560097387133475
2004-09-10,0.0040391959052468555,0.0058351998410633215,0.004723216643551531
2004-09-13,-0.0021008596867719918,0.0024178935764194334,0.0010016001465726484
2004-09-14,0.0012397648343980537,0.002527394156135418,0.0026486450153696346
2004-09-15,-0.0023933042093474527,-0.007200906375502164,-0.007536586310058419
2004-09-16,0.0019313400217456393,0.003565267726778044,0.0017296651524492423
2004-09-17,0.0009590137345936053,0.004434447830643148,0.004489471368799374
2004-09-20,-0.0073889308990145305,-0.006699729239755117,-0.0068855554750135795
2004-09-21,0.0015648624368801531,0.005182089667794466,0.005510337553508795
2004-09-22,-0.01161109873922795,-0.01454883505711224,-0.014999697904452667
2004-09-23,0.0006180439207317805,-0.004100350013039944,-0.005068064613574429
2004-09-24,0.0014503038973503939,0.001949768350424747,0.0007332759139669797
2004-09-27,-0.003810876168353537,-0.006436792787500427,-0.005549225444245433
2004-09-28,0.0046769514038602685,0.006114699047964463,0.006033049903827131
2004-09-29,0.0017399112764910892,0.0053320604217474655,0.0046128821449940025
2004-09-30,-0.0009844350018999028,-0.0015385800522887238,-0.0035895509254497116
2004-10-01,0.009849330129195102,0.01659375356097651,0.015793195413162417
2004-10-04,-0.0008265713802242758,0.004338289929465775,0.0037420000687654435
2004-10-05,-0.0017218399437685782,-0.0006659592563917879,-2.041006667267572e-05
2004-10-06,0.002392435501746775,0.007257392248719512,0.006971138653517111
2004-10-07,-0.006027819868895133,-0.009701383153988916,-0.009999845070749755
2004-10-08,-0.001979481679042689,-0.00821454,-0.007292892609287648
2004-10-11,0.0003873435030142034,0.001181104447054507,0.0025402043369498893
2004-10-12,-0.002126512898857969,-0.0027442384448601834,-0.00211372380458617
2004-10-13,-0.002710204449611117,-0.005931680116063513,-0.006723034702466977
2004-10-14,-0.003653239283564424,-0.011055392544416023,-0.010790941222528001
2004-10-15,0.0029635705233002096,0.004025572913797414,0.0040937405637147565
2004-10-18,0.0036365223468627084,0.0042582400557984925,0.0060173087455794565
2004-10-19,-0.007075019331655315,-0.010274317531766346,-0.009065797852421884
2004-10-20,0.0015830399923438569,-0.00011731332822425654,-0.0005202924113500079
2004-10-21,-0.0008764361675120176,0.0018005656785760574,0.0005977850614718683
2004-10-22,-0.00240158750668911,-0.009413101223878366,-0.011452090166066686
2004-10-25,0.004635315686260018,-0.002253936479532727,-0.0021270178742112036
2004-10-26,0.008176525481930593,0.014086125204743394,0.013851361844049963
2004-10-27,0.005376280895872149,0.01407072105043299,0.013047013194531597
2004-10-28,0.001387061623711939,0.0025376799102126407,0.0027426959117427562
2004-10-29,-0.00010817377296021779,0.0012903418347727453,0.0019110908679705598
2004-11-01,0.0010835540136326285,0.0011833665286671534,0.00021401912171544466
2004-11-02,0.00013809878690371503,0.0008800911479159505,0.001025363900884034
2004-11-03,0.006684467644066943,0.009926524286824789,0.010347115936668403
2004-11-04,0.007033461579110087,0.01578275994157737,0.015756942616985358
2004-11-05,0.002556882381226637,0.004247638622438394,0.003838377160104096
2004-11-08,-0.0037416942226912685,-0.0002588200000000001,-0.0008101696577702416
2004-11-09,0.004277081928519644,-0.0007750307460676974,-0.0006895677305433808
2004-11-10,3.191001057248246e-05,-0.0010375059293457564,-0.0021621493044319965
2004-11-11,0.0057766089444374474,0.009418278817546838,0.008837602687047889
2004-11-12,0.007984083666273671,0.007984891538487401,0.009686972547638341
2004-11-15,-0.00489360401380189,-0.0010429462868999896,-0.0002638948855053758
2004-11-16,-0.006175998901863049,-0.007198116082664333,-0.007182532805473406
2004-11-17,0.0020534497849082974,0.005482030850419779,0.005459415573676798
2004-11-18,-0.00476062036793257,0.0008301518060843614,0.0007263326191513313
2004-11-19,-0.009353307869678005,-0.011501253719719533,-0.011134195323528159
2004-11-22,0.0074856470858865945,0.005602434934640884,0.004138853763360535
2004-11-23,-0.00044199014842148736,0.0001485203438455581,-0.0008221747725678298
2004-11-24,0.0027182134609897396,0.0033942798867973548,0.00274553096340246
2004-11-26,0.0017658466718837573,0.0012376464612301823,0.00020666052600476983
2004-11-29,-0.003961997453721029,-0.002727450417183397,-0.0033904256468900457
2004-11-30,-0.003649891194627496,-0.004166027566430891,-0.004116520223048537
2004-12-01,0.009453227006532774,0.017142409106802342,0.016497020313692982
2004-12-02,-0.003465211668742722,0.0012152319095724362,0.000831914643035049
2004-12-03,0.000741361868593885,-0.0008333113757301959,0.0002172423414212708
2004-12-06,-0.002037485749928259,-0.0006816067690288381,-0.0009191074737047301
2004-12-07,-0.01308807376774842,-0.01028257753394631,-0.009954438151817369
2004-12-08,0.00489634634920036,0.00416504,0.0055768735257701605
2004-12-09,0.007833450536509464,0.006115950898669008,0.004969912246952387
2004-12-10,-0.0027884980141442764,-0.0015200540100911663,-0.0021269982753142915
2004-12-13,0.009221667574219687,0.009015547758108984,0.009274830447965949
2004-12-14,0.002925307360816287,0.003283342998985616,0.0033654024905092833
2004-12-15,0.0012053459709694342,0.0018117380612295117,0.0014454204944982108
2004-12-16,-0.0015417767731974671,-0.00124322618657709,-0.0006144443292190935
2004-12-17,-0.0023931186760075035,-0.005942739191484227,-0.00929569951587033
2004-12-20,0.006172668970292962,-0.00013247237960224974,0.00010528277742767719
2004-12-21,0.006273207066231092,0.008344084470935988,0.008973933898081599
2004-12-22,-0.0010408774513747125,0.005144309158006028,0.004639725242204785
2004-12-23,0.0028313387672962535,0.00010075006101605017,0.0008396285994629932
2004-12-27,-0.008591218597525749,-0.0037147806008855128,-0.0038428458935558605
2004-12-28,0.005445839491512139,0.006921151639315062,0.006213431056940429
2004-12-29,0.0024292103598711192,-0.0008277476082192782,-0.0007527232247900726
2004-12-30,-0.0008243163940896565,0.00038532213889074787,-0.0004592417357770144
2004-12-31,-0.00169366505075652,-0.0019639881106476116,-0.001579071058877063
2005-01-03,-0.01633473804101755,-0.006785656545820244,-0.005700618518797448
2005-01-04,-0.005675699718534515,-0.011213701615303603,-0.010012040849326099
2005-01-05,-0.0034640388699410866,-0.0031691827889514597,-0.002088745782084811
2005-01-06,0.007611265120708453,0.004165949388969369,0.004437567162572762
2005-01-07,-0.0014400666425727492,-0.00031236999999999986,-0.001243783394332001
2005-01-10,0.0013764639275834424,0.0035285818898849433,0.003421434613947013
2005-01-11,-0.004233756040700654,-0.006779378498709784,-0.006391953835228446
2005-01-12,0.001867140356377679,0.003294413060365464,0.004026467439077656
2005-01-13,-0.007505799967534343,-0.008721700324294172,-0.010337143397378554
2005-01-14,0.0017839654066422808,0.006161837380551973,0.005294718780057355
2005-01-18,0.007482471909513674,0.009144008379049422,0.009269710877035769
2005-01-19,-0.006125958668998066,-0.010272964716487065,-0.010349182174492518
2005-01-20,-0.006403389572362819,-0.009294538013937061,-0.007923975329431445
2005-01-21,-0.0034453741641791097,-0.006777088654379814,-0.006616656634503917
2005-01-24,0.0012661158774016034,-0.003915374282380541,-0.002676286367153789
2005-01-25,0.0029533722644658478,0.003980388136284799,0.005582435103078158
2005-01-26,0.0032878676234596622,0.005113344390194256,0.0038001183729581504
2005-01-27,0.005448576131501409,-0.00036545300890449114,-0.0005588894623476858
2005-01-28,-0.003111855442925295,-0.001394569383724897,-0.002301224635549108
2005-01-31,0.008264465784175805,0.008044823809535182,0.006981618030242133
2005-02-01,0.006099313120847607,0.006867932633438585,0.006304535492145666
2005-02-02,0.0022792418121851256,0.0029536192748351505,0.003182697855168999
2005-02-03,-0.005197430310585189,-0.0022049343225346014,-0.0026546516570893127
2005-02-04,0.007294567192260156,0.010759985288168801,0.011016071469708701
2005-02-07,0.00047962951223530953,-0.001660778828804396,-0.0007112795403222619
2005-02-08,-0.0006249891189165919,0.0003827900000000001,0.0014815833506837371
2005-02-09,-0.005505291739471139,-0.008353020531150883,-0.007643839593181917
2005-02-10,0.0013907386623383993,0.003850116791766624,0.004268075596710557
2005-02-11,0.007352667027563258,0.007255191274405895,0.005740970458861291
2005-02-14,-0.00014802598632846883,0.001409778555728946,0.0015335158644142668
2005-02-15,0.00452832204322084,0.003905260170041784,0.0034025470540029663
2005-02-16,0.002552877905237873,0.00012975986725997847,-0.0004485635441444602
2005-02-17,-0.004935659110310919,-0.007979726918934763,-0.007801510637828788
2005-02-18,-0.00208937977173617,-0.0010942047677417648,0.0012524925023862858
2005-02-22,-0.014786120280374331,-0.014925127966365559,-0.014201183621174231
2005-02-23,0.006121469241237541,0.007156630428814352,0.005985179516270027
2005-02-24,0.0044335883779140425,0.007295974835160605,0.007236520196342228
2005-02-25,0.0033418311000496526,0.008517333879084096,0.008596697769074004
2005-02-28,-0.0038483662080283283,-0.005672225315036708,-0.006143455194058607
2005-03-01,0.003097161398460415,0.005742550733572552,0.004953065068513753
2005-03-02,0.0025191509587171195,-0.0010448293051769349,0.0002968044345444948
2005-03-03,0.0009745261286763808,-0.0014220712792609195,-0.000676390304139571
2005-03-04,0.01006103312970772,0.009751979028296701,0.009270267545410904
2005-03-07,0.004330263570075151,0.002763905083436244,0.00222658789650752
2005-03-08,-0.004581949604649769,-0.005862661303503125,-0.004637407466658801
2005-03-09,-0.009303393804208884,-0.008829894648587824,-0.009339503617357654
2005-03-10,0.004923641753026171,0.00378205,0.002837962730944953
2005-03-11,-0.011758068103016918,-0.008143445651473845,-0.008152624263339502
2005-03-14,0.004848206981956499,0.004811859732103703,0.004152739985355298
2005-03-15,-0.00814021723395828,-0.0058228612592262355,-0.007223340776820904
2005-03-16,-0.005820265108726192,-0.007073269444907822,-0.006552072445082623
2005-03-17,0.002579513500176054,0.0017948728058220533,0.0008898778132254224
2005-03-18,-0.0026244376006845215,-0.0010156765764202714,-0.00019256052203204984
2005-03-21,-0.0041872312812780725,-0.004948382026269286,-0.005813012953875473
2005-03-22,-0.005046165141166767,-0.009004403278079151,-0.010452450503421891
2005-03-23,0.0021773942646685033,0.0003498286707127446,0.0015959420641306569
2005-03-24,-0.002288066315205117,-0.0016495234086005594,-0.0020766535274996606
2005-03-28,0.002388365800770338,0.002814047772651673,0.003409724916947524
2005-03-29,-0.0007328167218543755,-0.007216817843218781,-0.006972848777476752
2005-03-30,0.01206705516695247,0.014875619833598168,0.013747811535404025
2005-03-31,-0.0023644662350310796,-0.0012905578029928913,-0.002171212613236403
2005-04-01,-0.008972186797412548,-0.007906303649709045,-0.008011078512894586
2005-04-04,0.004664481784086317,0.004304216559414393,0.003617296417580069
2005-04-05,0.0039953331529503835,0.004990828068199148,0.004931493074341193
2005-04-06,-0.006886866883487595,0.0017713304009210112,0.002172732418199593
2005-04-07,0.006771263138629654,0.0071810694139149015,0.006266791443477209
2005-04-08,-0.004875631907582208,-0.007869696079755314,-0.0076546403988082806
2005-04-11,-0.002011329450355977,-0.0011632600000000002,-0.0002116841652260188
2005-04-12,0.0037477301037435874,0.005160546124624932,0.005772777449037634
2005-04-13,-0.005647042208993237,-0.01024702163666332,-0.009696210645349814
2005-04-14,-0.005318086253179964,-0.01043419608719823,-0.008330283459801325
2005-04-15,-0.020774043577369148,-0.01626968745668912,-0.01455845254326268
2005-04-18,-0.0013778081765475091,0.0013994238826834451,0.002096060989429803
2005-04-19,-0.003420345099395844,0.004371932770365453,0.00409684146906655
2005-04-20,-0.01361804235884073,-0.011450014027564721,-0.012511245896478885
2005-04-21,0.02405958971303431,0.019626480902202873,0.019682593381548676
2005-04-22,-0.00736506411674547,-0.008100495051890415,-0.006605526621244061
2005-04-25,0.005521636377754614,0.008520890763248554,0.007501240326337945
2005-04-26,-0.007945910072756038,-0.009715984707781275,-0.008404320894467809
2005-04-27,0.006115164104231047,0.004964395117100382,0.00454067485679333
2005-04-28,-0.008717639498234677,-0.008888026077184088,-0.01115114767348731
2005-04-29,0.00941699479138052,0.011208618294506803,0.012381303446842969
2005-05-02,0.0068429675186224975,0.0034402608848837137,0.004242568118472924
2005-05-03,-0.0003859316199763347,0.00015681639753777464,-0.00039355429326911874
2005-05-04,0.008513846953149674,0.013428956059995554,0.01117799585188841
2005-05-05,-0.004463372988502664,-0.0028731366068348975,-0.002079052828705792
2005-05-06,-0.0022406403458988472,-0.0015809907305203775,-0.0018401087506778298
2005-05-09,0.0023638577202355487,0.005509077070762053,0.005668760363452421
2005-05-10,-0.009162906827625175,-0.011038870000000001,-0.010686610583965677
2005-05-11,0.001966679115823459,0.004992277162804164,0.004803213186085323
2005-05-12,-0.004380554380014407,-0.007525277787303655,-0.008462112697196617
2005-05-13,-0.005724728593157365,-0.0031272138050865523,-0.0031443230838662894
2005-05-16,0.009090345487432325,0.010827887155446242,0.00981340898697988
2005-05-17,0.0003418141781065274,0.00643186586620289,0.0059763656282180435
2005-05-18,0.005839014445358065,0.009619593926287745,0.009259506859973414
2005-05-19,0.0001121648863104787,0.00479681720020055,0.005142836974084467
2005-05-20,-0.0044282142173149765,-0.001829758159294866,-0.002069473739765455
2005-05-23,0.0013723673842845477,0.004512010088029523,0.004168296976173179
2005-05-24,0.0007556898390406736,0.0002660825519039449,0.0007166796277671712
2005-05-25,-0.001775839252563505,-0.0041719630764279975,-0.0028908551528934725
2005-05-26,0.003724385795127877,0.007109927478366132,0.006271670333395235
2005-05-27,0.0006621254946387762,0.0003833159114291175,0.00040321442682912683
2005-05-31,-0.005340098707528257,-0.00635420072181677,-0.007465268473173953
2005-06-01,0.005650841203145211,0.008817101514207134,0.009337904024073869
2005-06-02,-0.00011734519598468682,0.0015311535222742785,0.0012425771780360344
2005-06-03,-0.00786402796152898,-0.007011577158167018,-0.007859773844919465
2005-06-06,0.00013830721953250673,0.001264844859276909,0.0008901779772914463
2005-06-07,0.0007698428943283774,-0.0008434091914672454,-0.00013694905692391885
2005-06-08,-0.003995756270919114,-0.0015864618474707597,-0.002161394144492963
2005-06-09,0.004759559170243399,0.0049970200000000005,0.005172007657008117
2005-06-10,-0.002719030771110892,-0.0029804452843054203,-0.0027747203879918848
2005-06-13,0.001790637887549621,0.0022601431799902723,0.0016709886051743193
2005-06-14,0.0010819548781873212,0.0013084674082752522,0.0012811045351818517
2005-06-15,0.0010390902500796737,0.001550739672373509,0.0021819836219079017
2005-06-16,0.0021688186382077214,0.0034980032506739134,0.0028842180511943942
2005-06-17,0.0021517865240217866,0.0046865175263062836,0.004474358745870816
2005-06-20,0.0015531871186786304,0.0006566169258817882,-0.00032353292219357315
2005-06-21,-0.0019327650354533058,-0.001070830246112836,-0.0017926437756410497
2005-06-22,-0.0010513518582653306,0.0010998787587646753,0.00010372943942578105
2005-06-23,-0.011347358081907654,-0.011481660355881176,-0.011398463317207888
2005-06-24,-0.0057486564126179975,-0.007426819885838092,-0.00784752204222363
2005-06-27,-0.0005896305120089184,-0.001739178566956011,-0.000934993916870423
2005-06-28,0.011651240940548035,0.009419353045086003,0.00843661868308101
2005-06-29,-0.004938881516602706,-0.0009961153608219597,-0.0007219122203433934
2005-06-30,0.009794425348487255,-0.005907255149725492,-0.00893979237691812
2005-07-01,0.0017009584049134158,0.0029092409775439503,0.0023862661255344185
2005-07-05,0.001701380575992903,0.007803417810690311,0.008545295560143105
2005-07-06,-0.008561834640800346,-0.008424926239106196,-0.008384363524359856
2005-07-07,-0.002602401970996567,0.0026327431409249053,0.001759068286820655
2005-07-08,0.013903099159157469,0.011159651379352905,0.011809799304773622
2005-07-11,0.0058943150199222225,0.00676089,0.005758716546418413
2005-07-12,0.002209016740449018,0.0028847581545504808,0.002613843314430063
2005-07-13,-0.008632804246247043,0.0019148719963878247,0.001827468455306895
2005-07-14,0.0008130502579885296,0.0031824085877999683,0.0038810999186013337
2005-07-15,0.0038076384449285375,0.0017220246848512507,0.0010002933229700658
2005-07-18,-0.006152209220162311,-0.0053960246921131,-0.007056092324520234
2005-07-19,0.005010693753082868,0.007084283419162346,0.00649476008806567
2005-07-20,0.003980003402412365,0.005222194036174131,0.0034226351218981247
2005-07-21,-0.009585441849192657,-0.004789660994330059,-0.005477476117906634
2005-07-22,0.0028583244809883106,0.004846944113274902,0.0035435539117612417
2005-07-25,-0.007247938023684679,-0.003325178970242028,-0.0031605731457805234
2005-07-26,0.003080586993356157,0.0018898810941347678,0.0009081042459150743
2005-07-27,0.011961583165985787,0.005294662404098951,0.0048621842585289616
2005-07-28,0.0038018570132157163,0.005875587721131951,0.005015407495823242
2005-07-29,-0.0069552309182570864,-0.007264474934826138,-0.008540001239237592
2005-08-01,0.004415906346102481,0.00034310422468452186,0.0013281281354946954
2005-08-02,0.005694786370376971,0.0070240979090637,0.0072788421344856654
2005-08-03,0.0013408713775399058,0.001490253840374548,0.0012040780731314379
2005-08-04,-0.008926489198396734,-0.007440869942485182,-0.007102541464536386
2005-08-05,-0.007098914471721831,-0.006731194343466087,-0.005856472457428008
2005-08-08,-0.00045706894200877603,-0.002816541166897175,-0.0024949896506764164
2005-08-09,0.0054634514994369955,0.007739510000000001,0.00763896779768646
2005-08-10,-0.0014181066966079071,-0.0020857546370986286,-0.0026647769580678085
2005-08-11,0.008156329861953604,0.007518180057245212,0.007296026993501994
2005-08-12,-0.005533876777742793,-0.00719254352657793,-0.007058869882551847
2005-08-15,0.002245547978762665,0.00364254841082647,0.0027770808217186392
2005-08-16,-0.0075776694102387245,-0.011781316112126237,-0.010981347619843174
2005-08-17,0.009336943660013572,0.0024697555605043696,0.0015734364690486139
2005-08-18,0.0026562479177353417,-0.000847438229343022,-0.00033214767133089493
2005-08-19,-0.003254435180257722,7.73339614062087e-05,-0.0003756600113338113
2005-08-22,0.002900056223675907,0.002333636972143383,0.0018492241037130208
2005-08-23,-0.0008189027616229975,-0.002723470818706241,-0.0035453239926879973
2005-08-24,-0.005377163607129077,-0.008176531912979396,-0.00817273690674549
2005-08-25,0.002043584826122968,0.001910926189685255,0.0018455314519302956
2005-08-26,-0.005032078926676274,-0.005359973894115458,-0.005411232182337758
2005-08-29,0.006941306648945223,0.005764645651485562,0.006488367832218694
2005-08-30,-0.0028576518187540907,-0.0027997851799654414,-0.0029206345098248348
2005-08-31,0.01004521787976335,0.00820914591976803,0.008729350872681535
2005-09-01,-0.0024549216767820138,0.00046795885234653556,0.0007318613759564195
2005-09-02,-0.0035851335337818264,-0.0024592732634344753,-0.002838148869427777
2005-09-06,0.012793582640946531,0.014080397293626095,0.013453706715954973
2005-09-07,0.005586890602024333,0.00257855325294822,0.00286010718051306
2005-09-08,-0.0034756741056206717,-0.0028236600000000004,-0.002447521536699048
2005-09-09,0.0028648744615721532,0.007434863929382841,0.0072791690865825496
2005-09-12,-0.0021532964129960344,-0.0022904500391232787,-0.001795239951065249
2005-09-13,-0.006879438151682264,-0.006269848832417825,-0.007081091028970335
2005-09-14,-0.0016153998946147954,-0.004368149332226362,-0.003641285571648688
2005-09-15,0.001881087518261819,0.00010004979151060436,0.0007614726789461504
2005-09-16,0.00791264364570317,0.009433273956676584,0.009295445168239384
2005-09-19,-0.00626547566361945,-0.004542764943176739,-0.004475211405553811
2005-09-20,-0.009370075661243342,-0.00809028291994283,-0.007463561232947796
2005-09-21,-0.01159071828296638,-0.010007901584155566,-0.008690639947841946
2005-09-22,0.0007661804033977697,0.0032319577779500136,0.0034764742303284297
2005-09-23,0.0069427413663009675,0.0016341694555858262,-0.0006411802461714759
2005-09-26,-0.003332638003060056,0.00024683476652060174,0.0001941513775788294
2005-09-27,-0.00026851685409560143,-0.00028205730491569176,-0.0006153695173736215
2005-09-28,-0.0040192487261978835,-0.00018853025837639906,0.0005480413432797808
2005-09-29,0.0038192827167918032,0.009857655296983014,0.009434154207048418
2005-09-30,-0.0005476705352908986,0.0009268541428319846,-0.0006896016027353426
2005-10-03,-0.0033849907647361,-0.001187378387250254,-0.0030006799609624472
2005-10-04,-0.0046245578852952916,-0.00946193598668392,-0.00905733052906203
2005-10-05,-0.012723615807900388,-0.014133416902831854,-0.012374079525114939
2005-10-06,0.002380388236135962,-0.004369268583319803,-0.002635349401659995
2005-10-07,0.001641639063979443,0.00315957,0.0032068205615299293
2005-10-10,-0.002563022718940126,-0.005764186743381214,-0.0051849700574145875
2005-10-11,-0.002235428842135974,-0.0013831519783647894,-0.0006764032638956827
2005-10-12,0.0017241233095248059,-0.006560298528018503,-0.004602514143667055
2005-10-13,0.0019015188689780814,-0.0021336845035027263,-0.0004889206067763278
2005-10-14,0.005935492901604034,0.009179902297310865,0.007091067427857454
2005-10-17,0.003153932530020665,0.003142836971552184,0.0020119830816147143
2005-10-18,-0.008551241837287272,-0.009705105808731528,-0.009390053029075791
2005-10-19,0.015526939521326883,0.01739908777706464,0.01625397611718902
2005-10-20,-0.01468393861825023,-0.015783016948509192,-0.01665771102249219
2005-10-21,-0.0007626425102798245,0.0005852554384917877,-0.0001771418258324455
2005-10-24,0.015146094380774447,0.018227661647054947,0.016104445678289184
2005-10-25,0.003045972102715232,-0.0021849670963617037,-0.0016630744433387724
2005-10-26,-0.006988145374957964,-0.00406531142404766,-0.004003791270827447
2005-10-27,-0.007666565944512389,-0.00937932533277691,-0.00888120724041232
2005-10-28,0.00829096546933193,0.015228390048321208,0.015827304190156915
2005-10-31,0.002410694620758955,0.00844577743497079,0.0060982260840024465
2005-11-01,-0.0073262105156342554,-0.0040490797254048375,-0.003995430907823681
2005-11-02,0.003679644819809544,0.009918749256150982,0.009373980459850724
2005-11-03,0.008283833896370388,0.0053663722108059295,0.005341402483673728
2005-11-04,0.00010704806343268193,-0.0008295729836682815,0.0003863528990599537
2005-11-07,0.0024079922249474546,0.0014357200000000004,0.002354870347003407
2005-11-08,0.0007872159939221868,-0.0018933498287938045,-0.0016949223831942348
2005-11-09,0.0032930219058900905,0.0004506615372588221,0.0013110036652116378
2005-11-10,0.007469502143082485,0.007960390645636245,0.008301278716991755
2005-11-11,0.000547855586895381,0.003626828174684639,0.0034808564861917063
2005-11-14,-0.003919005203053456,-0.00025788568359643425,-0.0005018067311758998
2005-11-15,0.0014318945235528581,-0.0038979932607823967,-0.003450833497855647
2005-11-16,0.0008847836976274513,0.0018991103646216305,0.001686374983781304
2005-11-17,0.0025924747859621526,0.009322960559831884,0.007546927762216867
2005-11-18,0.0029061067230300402,0.003570754046728518,0.00548126353861961
2005-11-21,0.003110208643475289,0.005208217965818413,0.005253610140500702
2005-11-22,0.0030501004356569385,0.006368849245557566,0.005183678666091518
2005-11-23,0.002745382948592187,0.003153959563860678,0.0038185498643955556
2005-11-25,0.002089577521283637,0.002168212840960493,0.002121874818976588
2005-11-28,-0.007005773670614468,-0.008527056246724759,-0.00800643528194412
2005-11-29,-2.196422908950474e-05,0.0007123407238743598,-0.0007539705375960401
2005-11-30,-0.002429441515457739,-0.006759431501012025,-0.006860986004841778
2005-12-01,0.01435714113917286,0.012067668630694351,0.010181332689134568
2005-12-02,0.0003617182240497811,0.0007247786086843164,-0.000184298367324224
2005-12-05,-0.003355070167477056,-0.0027101569908350165,-0.002122207079670832
2005-12-06,0.0047107060812281235,0.0025796817462092913,0.0010833321594133456
2005-12-07,0.0003962965487125222,-0.00401931,-0.004645960331675407
2005-12-08,-0.005513239554515306,-0.0015560355078068834,-0.0024093365952061363
2005-12-09,0.0058822963071069375,0.003211228636165435,0.0019975461772714486
2005-12-12,0.003737964071842769,0.002107130440336774,0.0013325676501884918
2005-12-13,0.006729352347546778,0.006619930353379564,0.006192615149592382
2005-12-14,0.003144312352678188,0.0035375650038918555,0.0040325634995678206
2005-12-15,0.0017966488972670257,-0.0012610478654424223,-0.000747990108565114
2005-12-16,0.0051798389366617854,-0.0037197830622755883,-0.0035222323132721714
2005-12-19,0.004615986203453619,-0.0054259490296745955,-0.0036089573231492702
2005-12-20,-0.004925929401528565,9.085530616946345e-05,-0.00121950688693942
2005-12-21,0.0022241253377580277,0.0026156017590876963,0.0016062727339895258
2005-12-22,0.004326971818177854,0.005046352347622521,0.004296709720987689
2005-12-23,0.0020703562193003047,0.0009234227678091485,0.00048624938057009064
2005-12-27,-0.0029205728612829943,-0.009523653513379913,-0.009755829431879994
2005-12-28,3.072229768815355e-05,0.0013058743469045455,0.0007844527857525029
2005-12-29,-0.0037557267202460473,-0.0037274277443553137,-0.0032343869321253887
2005-12-30,-0.007078213289976287,-0.004952453265057066,-0.0048868598965548715
2006-01-03,0.012582358886855763,0.016409178005579454,0.017209974979115895
2006-01-04,0.002221324124305305,0.0031344654513336483,0.0025753662087861944
2006-01-05,0.0022119174035553596,8.76257899237952e-05,0.0001917483349984739
2006-01-06,0.010659644054080871,0.010349753445643983,0.009362724047382254
2006-01-09,0.0009742634414612336,0.00480591,0.0031233498156371838
2006-01-10,-0.0025831874242891796,-0.000734043991779467,-0.00047713987300316006
2006-01-11,-0.0040762918445131835,0.0037614609593128057,0.004485303599656347
2006-01-12,-0.004374691610999923,-0.005532246852895855,-0.006311548681907531
2006-01-13,0.0016482855418143312,0.0006707012072724332,0.0008583419951029645
2006-01-17,-0.00709459576627195,-0.004008427539208421,-0.0043330096606537805
2006-01-18,0.001059353264234216,-0.004498521720157554,-0.005617936083753161
2006-01-19,0.01063529798471686,0.006039767377656982,0.0048230571784678
2006-01-20,-0.01032972279982796,-0.01804777155241233,-0.019971518072553363
2006-01-23,0.007317408572387043,0.0011842718446624966,0.001043058414651541
2006-01-24,-0.003095602998320654,0.002224423190408521,0.0003732868352503582
2006-01-25,-0.0013092302335230284,-0.0011125241916333825,-0.0005800328750956068
2006-01-26,0.005739505375983366,0.008541460995505944,0.006863227089667056
2006-01-27,0.0066196258854230765,0.006607203034996316,0.008001351150661746
2006-01-30,-0.005542608781746751,0.0005773710870747242,0.0016430368465070468
2006-01-31,-0.01332700329688465,-0.0031219824096799715,-0.00433254353614168
2006-02-01,0.005520475391110403,0.002893738755026063,0.0030669857113785498
2006-02-02,-0.00808928884177832,-0.009593276193670305,-0.008890571007891849
2006-02-03,-0.0032455516583218096,-0.004332356626009829,-0.005536108722610941
2006-02-06,-0.002848558271420699,-0.0011215695036316362,-0.0016078762081868322
2006-02-07,-0.0036740924582420852,-0.006959903478751268,-0.006846685919983638
2006-02-08,0.01174715242794259,0.009599120000000001,0.011427745364857632
2006-02-09,0.003158831080411131,-0.0019285685756342574,-0.0011833287771220375
2006-02-10,0.003308553926465129,0.0037260861202088116,0.003210502880415026
2006-02-13,-0.0028067445292882685,-0.0031977453455198446,-0.0033168648189793397
2006-02-14,0.009246282467466614,0.013145590611886561,0.011302268679424344
2006-02-15,0.002374252301915417,0.0037605105664047043,0.0038378930538548977
2006-02-16,0.004091121074308007,0.007255512605720439,0.006303423094978096
2006-02-17,-0.005574478969450741,-0.002515706274247999,-0.0019337406044598303
2006-02-21,-0.00548813564199864,-0.0038516537625316837,-0.00376888475800302
2006-02-22,-0.0016787005977977017,0.007529754497456495,0.006545751081799288
2006-02-23,-0.007223435016882604,-0.003910754381053009,-0.003814488314199553
2006-02-24,-0.006240163748707936,0.0013697442737783479,0.0012776652935615666
2006-02-27,0.003760893441561392,0.004386770162696591,0.0041449383817827624
2006-02-28,-0.008689122269578905,-0.011330291587519992,-0.01051859287240031
2006-03-01,0.008062434959952963,0.00908377470487495,0.008310368119114689
2006-03-02,-0.006641780732093871,-0.0015872711802705577,-0.002032093471691802
2006-03-03,-0.0009649806949110122,-0.0014568707284570183,-0.0011228207603550997
2006-03-06,-0.009673702915218947,-0.007476781465142178,-0.005716781505458818
2006-03-07,-0.003975394030768861,-0.0021571863211935017,-0.00039591304846657647
2006-03-08,0.004857904110670774,0.002162063028892544,0.0028412073780358814
2006-03-09,0.0016974776243936958,-0.005142854365519169,-0.0055364494504149715
2006-03-10,0.007644555095697171,0.00706985,0.007199248470661687
2006-03-13,-0.0007329981992796257,0.001492043533713178,0.0015764781285304997
2006-03-14,0.0029672124081153053,0.01102611794026451,0.009475254488574536
2006-03-15,-0.0015390663585935875,0.003873906821451184,0.0034320172002390795
2006-03-16,-0.00200262634832666,0.00014641683106901188,0.0014314530897842142
2006-03-17,0.0022492978922269225,0.0005756659178224152,0.0010688712850244512
2006-03-20,0.0012946053848371135,0.0004731952270290554,0.0005590680357152682
2006-03-21,-0.006108727941344488,-0.00716487215515149,-0.005642827514743498
2006-03-22,0.008647845684154769,0.0075159465042845255,0.006379580645327465
2006-03-23,-0.0022132309947344086,-0.0029183070014967747,-0.0035192285586084413
2006-03-24,-0.0005918237853506387,0.000442057296491648,0.0002361590840893613
2006-03-27,-0.006678284737649895,-0.0003455661714163418,-0.000987030183812727
2006-03-28,-0.006914645731389052,-0.0074770409597736025,-0.007874413805682469
2006-03-29,0.004238573071790092,0.008104325113868365,0.0070227223260281154
2006-03-30,-0.004096108008981894,-0.0026034263962611804,-0.0016162225106521085
2006-03-31,-0.007275051696493059,-0.005224098960468406,-0.004563657739620131
2006-04-03,0.0025116004504445004,0.003035734747639867,0.0026955947762793775
2006-04-04,0.0030648980990037236,0.006818142966911599,0.006115773631639344
2006-04-05,-0.0007031246986638867,0.004214885941511489,0.0034098856943125914
2006-04-06,0.004229198867434276,-0.0006844437146670453,-0.002219568741887785
2006-04-07,-0.008361866580435768,-0.010059711674651136,-0.010456133484463061
2006-04-10,0.0046265936908415845,0.0014518,0.001500326034788192
2006-04-11,-0.00473028449034126,-0.0077443583622996155,-0.006822594451373037
2006-04-12,0.0009119245446794429,0.001388570493014122,0.0012058487839851058
2006-04-13,-0.003112647332211928,0.0012970253362645833,0.0003817458394439964
2006-04-17,-0.007122531774294445,-0.003302406338445181,-0.003935294548027101
2006-04-18,0.007421469851782937,0.017093536344267385,0.016151752271462212
2006-04-19,-0.0005477281331487494,0.0024138462989294895,0.0008841275735711645
2006-04-20,0.0004082589658706011,0.0013793925934288806,0.0008589721491789367
2006-04-21,0.0011545459245913372,-0.00014289962168089677,0.0003360116766790096
2006-04-24,-0.002186794956787534,-0.0027176073407190545,-0.0023294558942769904
2006-04-25,-0.005212516756074067,-0.006752274212506217,-0.004608716476256648
2006-04-26,0.0047467378189030365,0.002943705087002658,0.0033413188434832245
2006-04-27,0.003527459782278691,0.003710911295929621,0.005603958474347205
2006-04-28,0.003952612710346861,0.0002278878288347721,-0.0005695480171140397
2006-05-01,-0.003549099558692796,-0.003960996557741908,-0.004109423006955401
2006-05-02,0.0009715895480894294,0.006137397484547228,0.0055775927684983675
2006-05-03,-0.004366452085804812,-0.003035577383658455,-0.004433130795310911
2006-05-04,0.0009713651809594674,0.004223272650088212,0.003130648079103822
2006-05-05,0.005899108551755261,0.010699255032321522,0.010359054501341647
2006-05-08,-0.0015689573958297895,-0.0016116282636916492,-0.0017945589491692375
2006-05-09,0.002812425658235642,0.0009654419360415881,0.0011734001654324746
2006-05-10,0.003641941761403947,-0.00127253,-0.0018434497007311706
2006-05-11,-0.008343133331452268,-0.012724788695358504,-0.01288715450570397
2006-05-12,-0.002103391553459678,-0.011778342275498229,-0.010418293205616852
2006-05-15,0.010792159686996837,0.0020325221742345727,0.003898729986865355
2006-05-16,0.0029148072089074844,-0.0014685317742442069,-0.0007158715300130598
2006-05-17,-0.00795462997994397,-0.01725990221492306,-0.016712457405140976
2006-05-18,-0.005560028752975951,-0.007526716151733135,-0.006421555248416705
2006-05-19,-0.0036283182526454785,0.004345994892410831,0.0028816243888111943
2006-05-22,-0.005173105287017194,-0.004430907468138638,-0.002684058534181322
2006-05-23,-0.002744875897541117,-0.0040744184412765715,-0.003322492709128618
2006-05-24,0.0071457860806260634,0.0012341986750277081,0.002603434528162092
2006-05-25,0.005851074636721637,0.013298207683405316,0.012074475623764826
2006-05-26,0.002713799788486182,0.006013653208267482,0.005246236337866264
2006-05-30,-0.00967755672390988,-0.01608125289271833,-0.01645011277258748
2006-05-31,0.005749765220489165,0.00862475595549862,0.006871099197763108
2006-06-01,0.012089891495079386,0.013368585456185115,0.011689315498647676
2006-06-02,0.0018219402687464508,0.0022451753912694585,0.002314062336512408
2006-06-05,-0.014685105678659847,-0.01847042092969119,-0.017066922709593795
2006-06-06,0.007052463095444722,-0.0015140025031417869,-0.000297347094798687
2006-06-07,-0.002667646087968,-0.0071214590908166234,-0.006451150122443675
2006-06-08,0.0012128254287160222,0.0009417990772892042,0.0020998885708987626
2006-06-09,-0.003587402101590286,-0.0040706,-0.005306697044741721
2006-06-12,-0.007687647603848325,-0.013751473015225777,-0.011409029032926959
2006-06-13,-0.006419327933329288,-0.008766632180048063,-0.009251333163359124
2006-06-14,0.004778973842132107,0.006182079249141043,0.005934504937611937
2006-06-15,0.00964433976619337,0.021129056555689005,0.018877020618233233
2006-06-16,0.0008201147834472844,-0.0038395883119450793,-0.0034734446571579656
2006-06-19,-0.006234343041507666,-0.009394459146108548,-0.007842619879495976
2006-06-20,-0.0003287814242135027,-3.6497542486569195e-05,0.0006356141312858505
2006-06-21,0.005494090557631369,0.009489006355587694,0.008604821324807712
2006-06-22,-0.007104420643526614,-0.005756820156409803,-0.00505196727911725
2006-06-23,-0.003182673445653977,-0.0004512242743405298,-0.0020406799675501868
2006-06-26,-0.0019022390156411442,0.0049028077594091835,0.0053490708443446585
2006-06-27,-0.01010069431087214,-0.009895050819144406,-0.007991521078724013
2006-06-28,-0.0017307546192473833,0.005023871937413911,0.005980023334893577
2006-06-29,0.013770014008700277,0.022293106814052353,0.020384834342956126
2006-06-30,0.00029502630819576436,-0.0017354361639626895,-0.004407424404797275
2006-07-03,0.00597041820694568,0.007847197549033846,0.008839257577826849
2006-07-05,-0.0020523353916153063,-0.00751615364778865,-0.0057007255866086326
2006-07-06,0.004006987394233275,0.0014516890444067402,0.0037551532960265212
2006-07-07,-0.003136841685132071,-0.00731485955212516,-0.006488070573448326
2006-07-10,0.0018486237927329112,0.0007542284305345769,0.0015285522127782697
2006-07-11,0.004375643089100505,0.00552612,0.004232990739192808
2006-07-12,-0.004972461832590546,-0.011338598737335634,-0.011374984324868782
2006-07-13,-0.004495946471515533,-0.013083165102088744,-0.012023185127185997
2006-07-14,-0.005416255497207077,-0.0044720338159724305,-0.0044582942301743785
2006-07-17,0.0030102044271684866,-0.001391113322350618,-0.001522753180622943
2006-07-18,0.0002782159357352233,0.001869824439477698,0.0032556265013607933
2006-07-19,0.013672876288782474,0.0168854972415355,0.01719466432436725
2006-07-20,-0.0028179604952099824,-0.007582763288555561,-0.006659659876824904
2006-07-21,-0.004700144590758192,-0.00788137254686403,-0.0047526386767989546
2006-07-24,0.006922079613874398,0.017249937182178765,0.016587777753350942
2006-07-25,0.0066169453348328645,0.005758064223916678,0.005425675839612189
2006-07-26,0.002119374892238797,-0.0014716781226744185,0.0006923903224050385
2006-07-27,-0.0035697413208657628,-0.003979633873519008,-0.0026243971855172523
2006-07-28,0.010543473551663766,0.012108166950992354,0.011839008090486589
2006-07-31,-0.000508212525940835,-0.0016755353760513543,-0.001944775767134098
2006-08-01,-0.002019020510652955,-0.005587596694652804,-0.00420726941065855
2006-08-02,0.006176158462265211,0.004517622511130471,0.005112487363476631
2006-08-03,-0.03575590802355975,0.0004286879660959986,0.0008674460390809752
2006-08-04,-0.00021549085540984388,-0.0019946842460814534,-0.00047861171944861867
2006-08-07,-0.0013696318017100287,-0.002692558193166243,-0.002211851439785593
2006-08-08,-0.0031959655911793627,-0.003713869088683025,-0.00257650687718457
2006-08-09,0.005801364343327141,-0.004347140000000001,-0.0026269097577672597
2006-08-10,0.004425820121339756,0.004179557540195286,0.003944639876646422
2006-08-11,-0.0010859997567202995,-0.004079954859390154,-0.002824675847980872
2006-08-14,0.0034755001187291913,0.00030056152800307754,0.0010072097899818076
2006-08-15,0.006529705161170964,0.01461896415039135,0.012230465773571052
2006-08-16,-0.00025708382567697836,0.007576192996861665,0.005852454798598716
2006-08-17,0.000719744150100753,0.001929837232957157,0.001868026135891826
2006-08-18,0.007703855999944132,0.003292013756962622,0.005257870433811383
2006-08-21,6.342866755711816e-05,-0.00398833437701023,-0.0024762162642017293
2006-08-22,0.003403353035077406,0.0007894920872078573,0.0006353914287808262
2006-08-23,-0.0031081271530104936,-0.004462214328601418,-0.003656718226120423
2006-08-24,0.007741489888290197,0.0021147691475163904,0.0033127663200209403
2006-08-25,-0.002093650191930888,-0.000556419405815921,-0.0005777111498151779
2006-08-28,0.007722757423434379,0.005036744184931157,0.004726913124525974
2006-08-29,0.005729909546997972,0.0024749131148747417,0.00161204506121037
2006-08-30,-0.00011510659543889907,0.0009911317161738406,0.00022911870209475424
2006-08-31,-0.0003652060004740981,-0.0005728170209112335,-0.0017484320647319028
2006-09-01,0.006671107211104151,0.006604444594769123,0.006080229097042347
2006-09-05,-0.0026470553769611074,0.002262357523049845,0.001072211483330421
2006-09-06,-0.007470510614222981,-0.011068887033698993,-0.00938095695562722
2006-09-07,-0.008070583850111708,-0.004721601132616938,-0.004224425365439576
2006-09-08,0.0032118449121571508,0.00416074,0.0035112765700756597
2006-09-11,0.004814883461206582,0.0006460854774704693,0.0009656949128822257
2006-09-12,0.004395228151717261,0.01021978700582696,0.008919076055283442
2006-09-13,-0.00507475822448222,0.0034925255639109342,0.003278115522117884
2006-09-14,0.00015992086650956966,-0.0010267705015730008,-0.00019262302230830167
2006-09-15,0.006039131487396966,0.004054323365802777,0.002731668625006804
2006-09-18,-0.002714872129114954,-0.00035630658654600174,0.0010355051345395455
2006-09-19,-0.0010528332753283979,-0.003009966810168666,-0.0017500457098463677
2006-09-20,0.004071080742911337,0.005391635340945918,0.005669983090950924
2006-09-21,-0.0045572070937347775,-0.0057803462343682796,-0.0046824594461751705
2006-09-22,-0.0022466660947741187,-0.001562057008870546,-0.0017156136893221412
2006-09-25,0.004756289280547695,0.008818084012479114,0.007977451673121399
2006-09-26,0.0026306682557155608,0.008310152616262473,0.00814469731286067
2006-09-27,0.003260113469856979,0.00026866316148133214,0.00028420899332808785
2006-09-28,-0.000595856830139947,0.002737930082136228,0.002208517757773024
2006-09-29,-0.0027944790384773375,-0.0016961843052695899,-0.0020018146038651174
2006-10-02,-0.0027134079015966274,-0.0049886286213695575,-0.0036621286191962747
2006-10-03,0.002242522889467497,0.0024028280051290873,0.0029582397121146963
2006-10-04,0.008567440271896851,0.012210120713017936,0.011828604085978772
2006-10-05,0.0005614875124975183,0.0021454510837208836,0.0007938810653364103
2006-10-06,-0.0003831699306875362,-0.002036434470040149,-0.0016345219456031699
2006-10-09,-0.0013887656050540057,0.00051202,-4.885972117349607e-05
2006-10-10,-0.0025019929059466235,0.0013792557840634442,0.001530306953281742
2006-10-11,0.0024774852134499363,-0.00224604756415634,-0.0022433709040726164
2006-10-12,0.002084465374542925,0.010283612911071336,0.009208729096722533
2006-10-13,-0.00020179032183337422,0.0028750090946198757,0.002221303280499505
2006-10-16,0.0017715164513542898,0.002274615312659256,0.0009048773141310214
2006-10-17,-0.001410433449225799,-0.004365427590801521,-0.0032144848593147184
2006-10-18,0.008362090377998933,0.0008099739655969578,0.0020829146276671786
2006-10-19,-0.00373880949576094,0.0008020349255374452,0.0009700640655660289
2006-10-20,0.007553408895920786,0.0015236344275903761,0.0035624626718646847
2006-10-23,0.005843431958733913,0.006596432942642103,0.006805323521107706
2006-10-24,-0.0035370159317231285,0.00036148594632111607,-0.0009378724061242466
2006-10-25,0.005316597145182848,0.002479034269448929,0.003408779433791375
2006-10-26,0.00135710221228668,0.005304569653811725,0.0044489849826365915
2006-10-27,-0.0051695037767144816,-0.008802341658532114,-0.008235177915149421
2006-10-30,-0.0008096231640333466,0.00027002330126585833,-0.0009552213384217919
2006-10-31,0.0004869854818557414,-6.292814586652218e-05,-2.8968568827008026e-05
2006-11-01,-0.0030425046754121686,-0.00807062596228876,-0.006847915815938725
2006-11-02,0.0003370378636078599,0.0008425621099267653,0.0006063235583768043
2006-11-03,-0.003182308966329507,-0.00269089805548744,-0.0018202395686036576
2006-11-06,0.007526813076861749,0.010231201522161558,0.010709260166428737
2006-11-07,0.0009953854836621118,0.0025449100000000005,0.002436831822381205
2006-11-08,-0.00013461833750595402,0.001190223240123976,0.0019207950936842048
2006-11-09,-0.009639296796859303,-0.0068939189271887665,-0.005545325772713881
2006-11-10,0.0025761875953053295,0.0017514341546079554,0.0010674621975445173
2006-11-13,-0.002819204592204922,0.0030720389580740177,0.002560138655095359
2006-11-14,0.004004215653633441,0.006450183882409755,0.006730285506494982
2006-11-15,0.0021253204953356405,0.003498602861140912,0.0019646903568878724
2006-11-16,0.006765707199160973,0.0024398300146081147,0.0021214342640331996
2006-11-17,0.006192372464271346,0.0007085884463523519,0.002164980504504104
2006-11-20,-0.00211508342780578,-0.0017675650161885286,-0.0010634309474867947
2006-11-21,-0.0002039851577372369,0.002009670390268189,0.0009062076741769237
2006-11-22,0.0013910111808157829,0.002329347924220331,0.0015762869800056674
2006-11-24,-0.004543238876016405,-0.003834571203009887,-0.004337524604937563
2006-11-27,-0.010847415251492094,-0.013661318143273626,-0.012647350976080019
2006-11-28,0.005442659871261784,0.004184642152140963,0.0043593518864377895
2006-11-29,0.0084817494194169,0.009107106165532668,0.00892267331594689
2006-11-30,-0.0006342446258209807,0.00046978876979871426,0.00017835075431168733
2006-12-01,0.0008532742339671384,-0.003117155652338071,-0.002503835981815226
2006-12-04,0.013523723179624556,0.009740386242871055,0.00671808153758828
2006-12-05,0.0035036676590759572,0.0054854975463634326,0.0038786948831830204
2006-12-06,-0.001724022955937097,2.1817274188370123e-05,-0.0012561791498124247
2006-12-07,0.0008572154974038364,-0.00488284,-0.0038949220963307336
2006-12-08,-0.0014923118506893222,0.0012888393013441757,0.0025316396544724
2006-12-11,0.0008527249208609712,0.0026412011014976863,0.003002281804971128
2006-12-12,-0.000333494506735422,-0.001959920555783938,-0.000503835759264392
2006-12-13,0.00409385229934297,0.0017638613604230532,0.0023263425568970705
2006-12-14,0.004375879006461262,0.007838577680539506,0.009012152938727867
2006-12-15,0.0006206667207202184,0.0007255514752816964,0.001958936705210426
2006-12-18,-0.0005448625433506056,-0.0035312153097745,-0.00202169492810763
2006-12-19,0.006368316531883344,0.002485895740229644,0.0024568789910645646
2006-12-20,-0.0015189486729364585,-0.0016263415876789505,-0.0020034920421595215
2006-12-21,-0.002314850988823145,-0.0029738554872992427,-0.0031644522312534785
2006-12-22,-0.0030931365488417887,-0.005570093375185146,-0.005715199110383616
2006-12-26,0.003230966601751482,0.0037604789306467067,0.004705474844350843
2006-12-27,0.006355582663011142,0.007011136328738256,0.007250596979701867
2006-12-28,0.0004950727698992529,-0.0015616367867227103,-0.0011977626075938027
2006-12-29,-0.005126951578935674,-0.003952348373014142,-0.004193190984077503
2007-01-03,0.0020866715576781697,-8.557043514428316e-05,-2.208656828544792e-05
2007-01-04,0.0030937692175464424,0.00315561345278749,0.0023562936512177475
2007-01-05,-0.006554733104666779,-0.00670198742807841,-0.005596774460121674
2007-01-08,0.0027818602790795344,0.0027292201630944916,0.0023387407893083957
2007-01-09,0.0009720309327658943,-0.0016019100229527944,-0.0015303081836045684
2007-01-10,0.003457173654434999,0.00266396,0.0013053960063394536
2007-01-11,0.0021993209165650208,0.005878185414722595,0.005796610944305501
2007-01-12,-0.00017835692952258917,0.0051717943273129445,0.005654281357717437
2007-01-16,0.0035465003386898667,0.0011599915000185994,0.0006681765681523431
2007-01-17,1.2872137280797192e-05,-0.0005667917421778354,-0.0012868375851909804
2007-01-18,-0.0009846496286483018,-0.0027917000821166523,-0.0025013938881675584
2007-01-19,0.000992935207517683,0.0023759382446246727,0.0015607331491185067
2007-01-22,-0.004551912884403548,-0.005691409524127632,-0.005052989467652956
2007-01-23,0.0007593027595580943,0.003413929513805797,0.0018810521505041688
2007-01-24,0.007341582872544495,0.00985052990444245,0.009465716720351075
2007-01-25,-0.00814763275104223,-0.010651221007397712,-0.01168547294392363
2007-01-26,-0.0001674136242966789,-0.0023673767725784912,-0.0021773934628816784
2007-01-29,-0.0013777346115092714,-0.0008357933324833232,-0.0013401201493857759
2007-01-30,0.004979695803913546,0.005654810504959929,0.00491872547949675
2007-01-31,0.00476048326130815,0.007046341286289955,0.006533239914386688
2007-02-01,0.006406069836559152,0.0060502231983477735,0.004233843939949851
2007-02-02,0.003917365392552786,0.001003111541116634,0.0007789443566385693
2007-02-05,0.0003150881053774118,-0.0008567225401678579,-0.0007024240010401876
2007-02-06,-0.0006966977341404572,0.0007704727769798949,-0.0006781762322155215
2007-02-07,0.0016934047817268448,0.0026781122751996017,0.001032736894373007
2007-02-08,-0.0012258783147434658,-0.0008406930325820897,-0.0015659816504391569
2007-02-09,-0.004143376336796228,-0.0068354800000000005,-0.006911504153541831
2007-02-12,-0.0004055360785572361,-0.003458117517780438,-0.003126656089414412
2007-02-13,0.004926686126982501,0.00716678377883897,0.0067628720842722685
2007-02-14,0.006469115984488732,0.008214087624642982,0.007281670297398966
2007-02-15,0.0014486659348554728,0.0018133181452932485,0.0007118864280669302
2007-02-16,-0.001205620723158308,-0.0005517355535552546,-0.0011359851721081927
2007-02-20,0.0005459931105122874,0.0024737048791408753,0.0023544120562734726
2007-02-21,-0.002709163767400887,-0.00164943752904947,-0.002184442401980005
2007-02-22,-0.001985770398363875,-0.00032270891212875756,-0.0009556704383599631
2007-02-23,-0.0032970195038874743,-0.003416544150212213,-0.004127475053723413
2007-02-26,0.0026530402619021824,-0.001519475371307623,-0.0008540646705429779
2007-02-27,-0.0273359071737382,-0.03454530908790765,-0.03538367716449264
2007-02-28,0.0032220005447926047,0.005384182588879881,0.00582352868514651
2007-03-01,-0.0009534786468856338,-0.0010850108408810542,-0.001669998762859183
2007-03-02,-0.009557773476428671,-0.011157344540438223,-0.010418558597444883
2007-03-05,-0.005370520068110194,-0.008551605595415523,-0.007669429316507797
2007-03-06,0.01346729232568468,0.015854938646635047,0.01541339921583002
2007-03-07,-0.0017058712371523675,-0.0018825091979084334,-0.002466356421698354
2007-03-08,0.005344969003273593,0.007189663948325144,0.006135624306691731
2007-03-09,0.003922018851831135,0.0007613102879265679,-0.0002978869871900645
2007-03-12,0.0023947875809335172,0.0038567871784221863,0.0029616214431097423
2007-03-13,-0.016031090231003037,-0.020473019999999998,-0.019551689097006258
2007-03-14,0.0017843078172661282,0.007090176291407512,0.0070741952031567685
2007-03-15,0.0014985429824186636,0.0030903666209561036,0.0026132690146254503
2007-03-16,-0.0037991915914750312,-0.004432559769032492,-0.004335740043538725
2007-03-19,0.009917021245491067,0.011004408429595844,0.011087519197048801
2007-03-20,0.0069229256529285115,0.006320298644508658,0.006482755700808776
2007-03-21,0.008163053800659686,0.016578503326196467,0.017309730604981886
2007-03-22,-0.0012934210815538588,-0.0009037813537080512,0.0005083329875420838
2007-03-23,-0.0018757297433145076,0.0003666843967848128,-0.0003911539922936183
2007-03-26,0.001052941593872034,0.0017136688998340651,0.0019485196845332882
2007-03-27,-0.0046717482721707615,-0.006393271422009751,-0.005940413757809263
2007-03-28,-0.003617614439448197,-0.008293491648696921,-0.007949146267910382
2007-03-29,0.002022732408708802,0.0037621115955726457,0.004261798365894748
2007-03-30,-0.0011654982122569003,-0.001720366727463607,-0.0016394350409923923
2007-04-02,-0.0024083197218435068,0.00034520818255433304,0.0009575573193710193
2007-04-03,0.008730013353814882,0.01049515371995705,0.009984981244635423
2007-04-04,0.0035269011682353456,0.0018524275862838347,0.0019435099673035259
2007-04-05,0.0048782097521032994,0.003550517956782742,0.0032450285709419114
2007-04-09,0.00010564282864963017,0.0007586737703986249,-4.1396463967265596e-05
2007-04-10,6.278336176559878e-06,0.0019868253367607896,0.0026731649836778766
2007-04-11,-0.0008171901631399975,-0.006191620265617158,-0.00657118884897956
2007-04-12,0.004826484152017367,0.007386669999999999,0.0064050071135895205
2007-04-13,0.0043054610047648335,0.003982870848856874,0.00415073229097201
2007-04-16,0.005356422022323494,0.0106762525741429,0.010593201876343165
2007-04-17,0.008841206077508542,0.001333138755545314,0.0018986248466568603
2007-04-18,-0.0007435684604633473,0.00038137793450813734,0.00033071252028788394
2007-04-19,0.0027972963157888845,-0.00029614224937196795,-0.0006216833468997813
2007-04-20,0.009866223490693285,0.009727517473959675,0.010375460273914335
2007-04-23,-0.003331112711791911,-0.0028464845108042806,-0.004442106164482886
2007-04-24,0.0017415126305260291,0.00032850620081138835,-0.0009085546851254461
2007-04-25,0.0034974423559844185,0.01037985491400708,0.010533754008131748
2007-04-26,-0.003488555389174978,-0.0007611310852821079,-0.0003569708932151101
2007-04-27,0.002164408045331394,-0.0007167675033077726,0.0008132675268114807
2007-04-30,0.0008062284834295571,-0.007690345827688252,-0.005696375297773994
2007-05-01,0.0045976651282013045,0.0022277947946689573,0.0031714986226120613
2007-05-02,0.00364800291779211,0.0074040454749384746,0.005570856684380616
2007-05-03,-0.001609509492049239,0.005667328721276891,0.0054533883740558306
2007-05-04,0.004520305963628098,0.0036645349874021966,0.0026398987423457603
2007-05-07,-0.0012355244890989811,0.003295985669749995,0.0029325084651241457
2007-05-08,-0.0016733648878812708,-0.0009893374907741636,-0.0009108032940861765
2007-05-09,0.003448658816400765,0.0036165497720894854,0.0025683094665778267
2007-05-10,-0.014419614916116846,-0.013505149349468868,-0.013535112048670752
2007-05-11,0.00297554625755902,0.009671049999999999,0.009707795117753581
2007-05-14,-0.004974022441858595,-0.0020190413283910635,-0.0015659442370581625
2007-05-15,0.0009293376964104516,-0.00021495444687249664,-0.0004163851964621271
2007-05-16,0.014228985907210983,0.010055831339674939,0.010371036373502535
2007-05-17,-0.001394742709607963,-0.0003789111425265914,-0.0006511692408711162
2007-05-18,0.0031289021953097526,0.006416091056942538,0.00672765942964118
2007-05-21,-0.002400509205563776,0.0009812116110314887,0.0008120344443684114
2007-05-22,0.0008110607770453523,-0.0010489664388356793,-0.0008976718443976828
2007-05-23,-0.0005285339680952228,-0.00020181427204545794,-0.0007547118627690303
2007-05-24,-0.0037143719404780545,-0.007938610231365887,-0.007732543935023885
2007-05-25,0.0004705103542569177,0.004804868077208905,0.005552238607947367
2007-05-29,0.002425726670089437,0.0009236498815273396,0.0006600956841928987
2007-05-30,0.003582529247992398,0.007948951440389663,0.007848454857827898
2007-05-31,-0.0021745172992476587,0.0009296086557654375,-0.0007106609713763721
2007-06-01,0.0055626682881210095,0.004703164498723898,0.0037838127994496333
2007-06-04,-0.0015732047821865856,0.0016922174164331074,0.0020037871472983254
2007-06-05,-0.0036931390056722285,-0.004820194010716161,-0.004711562575920148
2007-06-06,-0.007343861304991913,-0.008961442039105727,-0.008143936469263242
2007-06-07,-0.009075975138791506,-0.016752202250743153,-0.016429951557900467
2007-06-08,0.006689671822534743,0.011055671838921578,0.0109639117996708
2007-06-11,0.0028475673081165727,0.001146611842024535,0.0010426013954226085
2007-06-12,-0.0031540609822956287,-0.010149760000000002,-0.010466517685168
2007-06-13,0.010609772926228552,0.015230735815753299,0.014604569293227844
2007-06-14,-0.0004019731594996269,0.004995871689973601,0.004994903458969188
2007-06-15,0.0010838668671537281,0.006595413503554537,0.006409140799021568
2007-06-18,-0.0018543467609656893,0.0003486526423013461,-0.0002787214233826861
2007-06-19,-0.004067142012609874,0.0005744911635342571,0.0017505224139738376
2007-06-20,-0.00516038446277788,-0.01306595916716602,-0.013358294191285109
2007-06-21,0.014831944159627722,0.006011626978276924,0.005877306105768486
2007-06-22,-0.012492308067553873,-0.012038706591481553,-0.013958748480803402
2007-06-25,-0.004228689121588017,-0.0022662720973667034,-0.0015148991415566062
2007-06-26,-0.006637318622211752,-0.002809170662720819,-0.002115400955796829
2007-06-27,0.005203460523028793,0.0069085909178524425,0.008094162194210065
2007-06-28,0.0015893345026157812,-0.0008421915334615104,-0.00031353908352028427
2007-06-29,-0.003366602131211196,-0.0024131497902954843,-0.0019885288602070573
2007-07-02,0.008471861841440765,0.01103371361613665,0.009759399635126826
2007-07-03,-0.003161147521892506,0.0032848467384354384,0.004912014397213211
2007-07-05,0.0004075873928290716,-5.260749275943434e-05,-0.00035437403359006825
2007-07-06,-0.00022445414330188922,0.003669311070648866,0.003170469931948118
2007-07-09,0.005310247129662008,0.0006414205804364672,0.0009660084221310801
2007-07-10,-0.014063516173697848,-0.014367317321576742,-0.013690911364228082
2007-07-11,0.006019192624386866,0.00626899171511709,0.0064150282114674466
2007-07-12,0.02031884862152507,0.020108789999999998,0.02109614973633628
2007-07-13,0.0018278831722201947,0.00371444104455761,0.00331287357758641
2007-07-16,-0.0013153458888999691,-0.0015534346724736265,-0.0005309794861995861
2007-07-17,0.0030475467072839883,0.00037512845426362955,0.00015904035477067095
2007-07-18,-0.004176294032817889,-0.0026385080884823307,-0.0029924765575971356
2007-07-19,0.002134046243597522,0.0021586749070383895,0.0037282918975215296
2007-07-20,-0.012793329366017805,-0.012083358532521068,-0.011437416430111775
2007-07-23,0.0035877274381237337,0.00453021324881798,0.006139166837071827
2007-07-24,-0.017568609554765767,-0.01973399894805794,-0.018790376859185005
2007-07-25,0.0037089969415758286,0.0035132467365016113,0.0058181343360817475
2007-07-26,-0.01446238915676942,-0.023077153168634533,-0.02269906752797992
2007-07-27,-0.013390364356176233,-0.015269023701668008,-0.01583651436974403
2007-07-30,0.0051046099125075396,0.010584032133461608,0.00870921270138143
2007-07-31,-0.01850904124388516,-0.014178684902180497,-0.013455826053152455
2007-08-01,0.013115916970406318,0.0068577746832099535,0.008430474896936902
2007-08-02,0.004674813298163795,0.004725090691851499,0.004372051596013132
2007-08-03,-0.025451027189696513,-0.026173725669295596,-0.02484821639616394
2007-08-06,0.02811388365817759,0.023095440521842328,0.024506917166107617
2007-08-07,0.00579165025803103,0.0054687154869608135,0.006124608065240091
2007-08-08,0.012883993256463633,0.014941241548815732,0.016547907066011593
2007-08-09,-0.0313049173381851,-0.02904473042370766,-0.030008673739418363
2007-08-10,-0.0033065760615636265,-0.00013516999999999997,-0.0008508777933407709
2007-08-13,-0.002555553805932306,0.0023895937330648985,-0.0010509539722987874
2007-08-14,-0.010712677553360422,-0.019061410424082704,-0.016398996065457
2007-08-15,-0.007164254665578462,-0.013246620174795934,-0.011627714049338867
2007-08-16,0.0034984271307234812,0.0030572980931539086,0.003905464590375316
2007-08-17,0.0221206607227144,0.02351968759931331,0.024418674422335397
2007-08-20,0.0009939937436006195,0.00020805480893331118,-0.0007777267620336823
2007-08-21,0.0005188208189329259,0.0008257646537332506,-0.00045843768204853485
2007-08-22,0.00725439661153166,0.012545779441557362,0.010926814424139866
2007-08-23,-0.0029045563525372676,-0.0017845674453748858,2.4017728114629215e-05
2007-08-24,0.007963045652493537,0.013254773463439774,0.012142354432675707
2007-08-27,-0.005236843084451651,-0.007573712700325883,-0.0068917581157818585
2007-08-28,-0.013944088731420898,-0.02417469815451468,-0.02297333605231209
2007-08-29,0.01683359532229375,0.02189027165980344,0.021507721533957257
2007-08-30,0.0019331881170307175,-0.005090455540264033,-0.00430386366466345
2007-08-31,0.014899690292494109,0.011643524943056916,0.010653557114711682
2007-09-04,0.002311713973297181,0.011570180489444366,0.010608120492898311
2007-09-05,-0.00944583253508266,-0.010758817569182585,-0.010432599848883194
2007-09-06,0.0034211925075904085,0.004820669780800386,0.0037357540872448905
2007-09-07,-0.015714027369142163,-0.01697327843856101,-0.016055026234989077
2007-09-10,-0.005947688688580162,-0.0005867929149505968,0.00016533319802602452
2007-09-11,0.0067622810399958445,0.01342189,0.014137534018763536
2007-09-12,0.0022182627703575767,0.0006295284299809233,0.0009166098449886504
2007-09-13,0.0026308016572616816,0.00885608954334498,0.00889928897587113
2007-09-14,0.0005073045416902131,-8.600794270179303e-05,-0.0006806193484083904
2007-09-17,-0.0029254066345923923,-0.005548107253211637,-0.004732214168138294
2007-09-18,0.015059667276914379,0.027736669623539312,0.02720771155823602
2007-09-19,0.002988252422075719,0.0064947684584292465,0.005560803203791771
2007-09-20,-0.002267698917126919,-0.005207458975224362,-0.004416357028347508
2007-09-21,0.002730960348361175,0.006289211223197262,0.005632815616615399
2007-09-24,0.0014884289950010624,-0.004760926836015515,-0.004548418742219565
2007-09-25,0.0006705248159754422,4.226360361565274e-05,0.00035724819044948437
2007-09-26,0.004814705858906653,0.0049636549486129725,0.004593014147436241
2007-09-27,0.004776173237609962,0.004433832118740642,0.0038668423238827528
2007-09-28,-0.0003046814058780797,-0.002576433198154837,-0.002886672910109092
2007-10-01,-0.0006748797577277013,0.011874037108451467,0.012448304117804244
2007-10-02,-0.0012862059319285555,-0.00021326871267293124,-0.0005369523321673146
2007-10-03,-0.0009392228075587345,-0.003901625654829615,-0.004618070039256742
2007-10-04,0.002192227854646824,0.003397522478713895,0.002188569033810966
2007-10-05,0.005725540185140231,0.00866474592764423,0.007670172993166412
2007-10-08,0.0011752068278126145,-0.002581155023209811,-0.0023428567533187597
2007-10-09,0.002784909842813683,0.00833914728214445,0.007919697434792192
2007-10-10,0.00016959333135276389,-0.0008219099999999998,-0.001106551523339144
2007-10-11,0.001761292678369261,-0.004907077525689139,-0.004664632079530926
2007-10-12,0.004939654168876546,0.006881603477450549,0.0046819338740867866
2007-10-15,-0.006002439300986398,-0.010644716243378488,-0.008224764408246488
2007-10-16,-0.0061445013648823215,-0.00736891322066038,-0.0061494035340055085
2007-10-17,-0.0010399420912687361,0.001552811366898669,0.0028224383556701856
2007-10-18,0.0019708306884149876,0.00017303292313127004,-0.0013618718555662328
2007-10-19,-0.014747592621729236,-0.026759057313711743,-0.02536606207394283
2007-10-22,0.00572142255899496,0.0026459496858195404,0.0023891866277106254
2007-10-23,0.009848860800145796,0.011124575563807308,0.009865083560949837
2007-10-24,0.0025232669070258643,-0.0025669593887977034,-0.0023967469638219575
2007-10-25,0.0043348985518417,0.002166248303704793,-6.994988865456918e-05
2007-10-26,0.0028746564431755056,0.014386513291209052,0.015763985038099754
2007-10-29,0.00246008998015996,0.0023866904174574314,0.003879353896808132
2007-10-30,-0.00786688541442902,-0.008316341793498704,-0.006963940421509114
2007-10-31,0.009740908277326606,0.012233278602692842,0.011794270857231596
2007-11-01,-0.014111194929083838,-0.025031746280126617,-0.02565824057871756
2007-11-02,0.006710292118683686,0.0017577876256656896,7.668025158682275e-05
2007-11-05,-0.0032065746287425244,-0.005116771996531168,-0.004860643128486905
2007-11-06,0.005275327510418561,0.01324644634792411,0.012760835752745982
2007-11-07,-0.007092708002955918,-0.027947485900790263,-0.028330895853811728
2007-11-08,0.011303367257455442,-0.0014943900000000004,-0.003307071616814208
2007-11-09,-0.003435422475669668,-0.015706904211935276,-0.015516107171227247
2007-11-12,0.002485992582422504,-0.011752897090514495,-0.009475728358725566
2007-11-13,0.019830946853477787,0.028029281956884353,0.03059974618222497
2007-11-14,-0.0021485521591709383,-0.005412785621417023,-0.006093930050441689
2007-11-15,-0.004059413583745581,-0.012560280303662333,-0.013060602917282815
2007-11-16,0.011896113994442768,0.005878168700982584,0.006823237296639423
2007-11-19,-0.009607045321000249,-0.017349102209129764,-0.016790800866170585
2007-11-20,0.00768808620614227,0.0032042409640847943,0.006252850873521477
2007-11-21,-0.014343095638979867,-0.016975229852231596,-0.016527823184189865
2007-11-23,0.010338284096868584,0.018626816145673977,0.016789609532270287
2007-11-26,-0.007247099381755749,-0.022536420143669054,-0.023269241887842015
2007-11-27,0.0070835458434731725,0.015438269902721681,0.014881297682850465
2007-11-28,0.01655041632822377,0.029497766408423647,0.027805331495389034
2007-11-29,-0.003661322192159368,0.001390155485276078,0.0020512058178045914
2007-11-30,-0.003759794740321818,0.008273499080436503,0.007050246913462993
2007-12-03,-0.001562307240905033,-0.004672520484152125,-0.006704049517391845
2007-12-04,-0.003096047565813086,-0.006400701356231237,-0.006558127742145664
2007-12-05,0.009851676942864032,0.013513624548768224,0.016748281619164865
2007-12-06,0.00947817499362708,0.014231923839305669,0.01424645266707662
2007-12-07,0.002000184213617126,-0.00194253902263852,-0.0023447862348020083
2007-12-10,0.005237617752439295,0.007497080000000001,0.007247726722185887
2007-12-11,-0.013072056908494828,-0.026070495728235756,-0.021948822181843138
2007-12-12,0.0053031935104192116,0.0061071291156710675,0.0065746581156648
2007-12-13,0.0058396476792397355,0.002425325214530773,0.0024858558423280653
2007-12-14,-0.005856947983099519,-0.013404788430478282,-0.013024815918713085
2007-12-17,-0.008756117350052519,-0.0158904613318947,-0.015175531352686794
2007-12-18,0.005565090208884479,0.004872994414139704,0.005398498942960744
2007-12-19,-0.0022396043512338095,-0.0008517925294000559,-0.0009042952801823222
2007-12-20,0.011102248022229273,0.006139600345415437,0.005795343408760551
2007-12-21,0.019614169798229546,0.01835645005809116,0.017265298790707213
2007-12-24,0.005815475747164493,0.007526935423936564,0.0077778141708340345
2007-12-26,-0.0005658711295606076,0.001283585169052069,0.0017862247855821155
2007-12-27,-0.011454977218722077,-0.013433872334998289,-0.013680722335838986
2007-12-28,0.0008023706418845398,0.0003768861062896352,0.0016149011803030734
2007-12-31,-0.007352051251709675,-0.006578751752166403,-0.008121065202771408
2008-01-02,-0.012409508056843732,-0.013441751802709033,-0.012977338925150727
2008-01-03,0.007987929223430475,0.0014040143162322295,0.0017079321647315616
2008-01-04,-0.008801052919988868,-0.025946320090594062,-0.0239673490398284
2008-01-07,0.013897294973382131,0.0018729350494617965,0.002977513021884877
2008-01-08,-0.009585422983250302,-0.015659056305210275,-0.01665276689003504
2008-01-09,0.0030259895916008297,0.013213910073135712,0.014889991413667486
2008-01-10,0.0030974531173923697,0.00827346,0.006744423861849454
2008-01-11,-0.007422556069674457,-0.012442467922204358,-0.013416512015503647
2008-01-14,0.0015438451906390706,0.011312140265822146,0.011071605113778993
2008-01-15,-0.009159106656009941,-0.02596885420396542,-0.024898799850698584
2008-01-16,0.0010778591878944615,-0.005817727813594738,-0.008289570823219076
2008-01-17,-0.01495424249563548,-0.031011935761867546,-0.028269574536197644
2008-01-18,-0.012320372575934128,-0.00865231768668772,-0.006866802465986375
2008-01-22,-0.019611666733134702,-0.010626562145502887,-0.013518196175509796
2008-01-23,-0.007119876323170266,0.01802044977996384,0.017758176501426134
2008-01-24,-0.00649048911238236,0.01204734766018457,0.01149092174256533
2008-01-25,-0.015761605107314117,-0.015960663990395734,-0.01806075420541118
2008-01-28,0.011663000139521975,0.0170981132999935,0.0160329522244065
2008-01-29,0.00020712224923540994,0.005215252759945277,0.005032768834018828
2008-01-30,-0.008350753802371696,-0.006421532505551983,-0.004432304944905627
2008-01-31,0.017702491553555844,0.015566066581046516,0.015119417778232154
2008-02-01,0.004871613369412617,0.01877542260350813,0.009838419494900672
2008-02-04,-0.00159325589085429,-0.009056519588358422,-0.01073120715426156
2008-02-05,-0.01265561479578612,-0.032137359819248895,-0.03130756767799607
2008-02-06,-0.0005360436895643652,-0.008280732738127544,-0.007910573358685748
2008-02-07,-0.0016983080762455636,0.00823364886795943,0.007095205813007647
2008-02-08,-0.00846168426863457,-0.0022952655287763355,-0.0037583976753798754
2008-02-11,0.0010644616647580922,0.006185939999999999,0.005959792780139706
2008-02-12,0.014144597784713345,0.006101825084258284,0.007695649723674094
2008-02-13,0.004548965706251649,0.013909504484967038,0.014238596110497827
2008-02-14,-0.010088718695123849,-0.012098216791442662,-0.012663621034853549
2008-02-15,0.0016015406103666006,0.0006449146665684501,0.00039121415511731057
2008-02-19,0.0073283437054712675,-0.00015753759734584054,-0.0012539915958794771
2008-02-20,-0.0011166330474845566,0.00928385570695077,0.007574520781645535
2008-02-21,-0.005709467083273381,-0.013044863356491389,-0.010919216430450098
2008-02-22,0.008400203188941182,0.008106242082225632,0.006722338752038269
2008-02-25,0.010686048245901397,0.013858237682386075,0.01267603403115453
2008-02-26,-0.0009978416989977882,0.006510952585096194,0.006624940081185368
2008-02-27,-0.00648827739332633,0.0008703147107914199,0.0012710957065513477
2008-02-28,-0.007596233960635151,-0.007380201857626874,-0.0069015652180036465
2008-02-29,-0.01657223854407926,-0.025084940451947937,-0.024882916351225637
2008-03-03,0.003854757902494712,-0.0003952195793246481,-0.00042395708496843765
2008-03-04,0.003869548339287957,-0.004822011032942745,-0.004334046718501241
2008-03-05,0.006737748930542938,0.005400802392248108,0.005394289738552818
2008-03-06,-0.012603288326428716,-0.020859288651571186,-0.019833319691106608
2008-03-07,-0.016193798532922722,-0.007955791403533193,-0.00810063221419143
2008-03-10,-0.004903994740168428,-0.01644798777945362,-0.01371870369315416
2008-03-11,-0.0013604311849246978,0.03392515765200123,0.0362537609450794
2008-03-12,-0.013338721353349497,-0.008681819999999998,-0.007886088018550735
2008-03-13,0.027061796472830864,0.005462779256595496,0.0040138820446461495
2008-03-14,-0.026929861160156218,-0.021007941135930398,-0.020236682724348927
2008-03-17,-0.025455927714278292,-0.011190731364367094,-0.0044045792366741695
2008-03-18,0.01785114139567462,0.04270714975672274,0.04119971759931137
2008-03-19,-0.04020676175311994,-0.027891564700394743,-0.02521187834971384
2008-03-20,-0.001940531527712226,0.02147197713506222,0.024367204064979116
2008-03-24,0.028064029541306,0.015456912240100549,0.014079359123827092
2008-03-25,0.025706552815449788,0.004660050229115124,0.0014303957232816322
2008-03-26,-0.0002499759505266024,-0.007252719184292665,-0.00720848083220332
2008-03-27,-0.007124501975394835,-0.011541958815488952,-0.011602037509422375
2008-03-28,0.0037638975928877497,-0.006040279260943229,-0.006219027716784501
2008-03-31,-0.005481082071099403,0.003528893459703347,0.004450316965006893
2008-04-01,0.017282314692799772,0.032352951087992896,0.03325021129860133
2008-04-02,-0.003950716652411575,-0.00322258846675884,-0.003582823659770857
2008-04-03,0.008928014286837867,0.0036759214497304638,0.0018154181489025306
2008-04-04,0.0034716125805030707,0.002896489145675951,0.0005974149807771326
2008-04-07,0.002129300398316315,0.003314719596116523,0.0028280494136603785
2008-04-08,0.003691942777612345,-0.0045597366038891704,-0.005095795517163331
2008-04-09,-0.009331436588752174,-0.006302587908995244,-0.005784234748938396
2008-04-10,0.016468558767402556,0.006410135256684994,0.006242105716669451
2008-04-11,-0.007603805148853917,-0.017695139999999998,-0.021448954221417384
2008-04-14,-0.002954928294899535,-0.0022614890555870807,-0.002652406114384218
2008-04-15,0.004023144287116715,0.0023790314083731237,0.004274905400763505
2008-04-16,0.01897712221827905,0.02238600060232303,0.021378098132709796
2008-04-17,0.0014896011083347347,-0.001103573550367761,-0.0002479078817218574
2008-04-18,0.005665780418198666,0.02018084252372278,0.01895890044025305
2008-04-21,0.005725152369869622,-0.0007142315598453807,-0.0003810512204678623
2008-04-22,-0.012187879213208151,-0.009190708851370149,-0.006510184108140922
2008-04-23,0.024125246515662023,-0.0005609708084055199,0.0020101470746839455
2008-04-24,0.0012020828246559407,0.005201823671191206,0.005672333611833542
2008-04-25,-0.0033229274804637346,0.008091150339042539,0.0041019986490390455
2008-04-28,-0.003532639946538221,-0.0017934762739651852,-0.0025104592380216072
2008-04-29,0.008156505853916139,-0.0053384172796217735,-0.0035127476310295217
2008-04-30,-0.014541095883726072,-0.004015798672908018,-0.0024960499939602914
2008-05-01,0.005426097995013553,0.017424659048729464,0.015599824985705921
2008-05-02,0.004481038421942254,0.004728758910316086,0.003239832564010292
2008-05-05,-0.0034312644552332173,-0.00340313198696488,-0.003967216969318616
2008-05-06,0.013032789816675218,0.009586095549336645,0.006659552449394144
2008-05-07,-0.009936957779698009,-0.017815555090291844,-0.01714143990159152
2008-05-08,0.00538104998262532,0.0042559419771002974,0.0037773088577922587
2008-05-09,-0.006218598020008697,-0.00798725463989545,-0.007689256414389344
2008-05-12,0.00947771432560069,0.011211860000000002,0.009638834651459099
2008-05-13,-0.0009908155199796682,0.00018842586503089494,-0.0013412079693984494
2008-05-14,0.0031124846897662016,0.0024103936361400922,0.0030116152701243817
2008-05-15,0.010839538111495179,0.011969801649539482,0.010867723240941422
2008-05-16,0.001725073305973215,0.0032108972940325816,0.0019602785477683066
2008-05-19,0.002350731818595059,0.001874474629620071,0.0016827232317336688
2008-05-20,-0.009825518856307362,-0.008321017562666387,-0.010057593006198658
2008-05-21,-0.013675539864157654,-0.015384358664847667,-0.015913357770807223
2008-05-22,0.009280025551443987,0.0036894714471970135,0.0033695727036735764
2008-05-23,-0.007515715921072872,-0.012172134209359435,-0.012262300560151883
2008-05-27,0.0009318935491109256,0.006564265554987287,0.006150134849850636
2008-05-28,-0.0066297609491630435,0.0037004040579135832,0.0033042200918020352
2008-05-29,0.013700220641030773,0.0039312621207501005,0.004772988053699416
2008-05-30,0.007280454266159058,0.0015209165823290658,0.000848231639357592
2008-06-02,-0.009888842636434787,-0.009374654713343415,-0.010186233391177671
2008-06-03,-0.004680200204409122,-0.005270168042935116,-0.006399758191545369
2008-06-04,0.0036792259238962793,-0.0006621511807829544,-0.0005668412300657297
2008-06-05,0.004730684687259205,0.01881776048858106,0.02072126545377409
2008-06-06,-0.02519402210250981,-0.030074914476102846,-0.030045019922979338
2008-06-09,-0.009565274366483927,0.00304566237004279,0.0021555876781797923
2008-06-10,0.0060733396230801765,-0.002409534984239695,-0.0011077624220112035
2008-06-11,0.0025091580554228473,-0.015162370000000001,-0.014462189327359093
2008-06-12,0.02330333699637203,0.002439711332831585,0.002165066829700947
2008-06-13,0.003436579545323762,0.01498356025590253,0.013827345268410361
2008-06-16,-0.011886447036002147,-0.00016790321001222637,-0.0010503890139008318
2008-06-17,0.0014698215717452888,-0.005252023050263114,-0.004688881518756785
2008-06-18,-0.007052059748939181,-0.0063521601173535695,-0.008742684930023314
2008-06-19,0.0030089471489315287,0.003484308674226757,0.0019687694123887837
2008-06-20,-0.007629297807085023,-0.018253098341775558,-0.018236556234352122
2008-06-23,0.0043968394335555105,0.0017686703779447694,0.002668720018065377
2008-06-24,0.004586988170096037,-0.005583045271666862,-0.0030620397331987377
2008-06-25,0.010491927483730927,0.001909923347340759,0.0048872934555730775
2008-06-26,-0.018096822166666603,-0.028339423565252597,-0.028509919636707938
2008-06-27,-0.001340432576057106,-0.0030731902462704606,-0.004621231481240211
2008-06-30,-0.0032874596893237686,0.0013253308303240489,0.0024980126560289894
2008-07-01,0.010394352797363884,0.0045998319741772375,0.005341943725246258
2008-07-02,-0.000918335191787414,-0.01866676417320853,-0.01651956394949831
2008-07-03,0.009383498290820174,0.0017797336819759288,0.004004899395299755
2008-07-07,0.003996649414302679,-0.00816669861016914,-0.007162473752829876
2008-07-08,0.02028973724897227,0.01453314762386864,0.014574560563434744
2008-07-09,-0.0023535539811587987,-0.02253953576927189,-0.021919502986913083
2008-07-10,-0.001741034705205254,0.008210368158024428,0.00914036266347963
2008-07-11,0.015359689654856417,-0.00798079,-0.00948848145799239
2008-07-14,0.0022685607374419623,-0.00637154084005087,-0.0063081658668207585
2008-07-15,-0.0040567413542086745,-0.013680363078715594,-0.012191171175691387
2008-07-16,0.0020199547960872877,0.0237622555825213,0.021770920872990127
2008-07-17,-0.010086026414406793,0.008082557707233798,0.009014651944943195
2008-07-18,-0.0005536458190021893,-0.00020303906881832774,-0.0007318981996379211
2008-07-21,-0.00169634977848565,-0.00031066654226728205,-0.00022783291637103607
2008-07-22,0.010512695978318363,0.006743183250724512,0.009443275037555038
2008-07-23,-0.0023567147539526366,-0.0015875637861217466,0.0017494092013561895
2008-07-24,0.00016827909118278966,-0.017812611010807885,-0.017669204176335974
2008-07-25,0.007123081618104018,0.005174480863242647,0.005358261283532982
2008-07-28,0.0013947952934485698,-0.01641402232047708,-0.01851156832087829
2008-07-29,0.010822460002670209,0.02162779169661834,0.02080160420190542
2008-07-30,0.004486013094319921,0.01833367805461549,0.01816238248436487
2008-07-31,-0.012173284846701217,-0.013039094050591775,-0.014725865825708163
2008-08-01,0.004615495931542744,-0.004654042619529192,-0.0044256970667857
2008-08-04,0.007900761944724687,-0.011930879697941802,-0.009280442745811563
2008-08-05,0.0147144746883528,0.026290479316895717,0.027432256718293937
2008-08-06,0.009602443404628102,0.0060927223446808985,0.006122922206029711
2008-08-07,-0.01077061302801278,-0.017084007227213555,-0.016565627516393712
2008-08-08,0.01100945461778964,0.02153449378437617,0.021373133130313807
2008-08-11,0.001246410937147198,0.00725554,0.006378122266527773
2008-08-12,-0.0003128127535489528,-0.010666072441547457,-0.010289735183202918
2008-08-13,0.018587346635805926,-0.0028431661245292457,-0.0038983348071243095
2008-08-14,-0.005797723719285221,0.004005476832956852,0.004080400458322468
2008-08-15,-0.008199227143169351,0.0025359273983076073,0.002805938997388962
2008-08-18,-0.009518888225849578,-0.014147171053377842,-0.013881551575557838
2008-08-19,0.010045434709347125,-0.008852211508564347,-0.00838436478707534
2008-08-20,0.016549178859604673,0.007436412222116558,0.007181890960370463
2008-08-21,0.012394344752578825,0.003617181930705345,0.0029898851385562557
2008-08-22,-0.005455301834085136,0.010444837119187351,0.01197258832571606
2008-08-25,-0.009966242707814986,-0.01919127603065178,-0.019266328687525893
2008-08-26,0.007246247947152751,0.004392734905245641,0.0031825808518636265
2008-08-27,0.006239429141002073,0.0068924510601076966,0.0065922272339016975
2008-08-28,-0.00558492058816475,0.01358949081861348,0.013776914414383515
2008-08-29,-0.008877605065222416,-0.01377364628398835,-0.014936676000735383
2008-09-02,-0.016636642063671693,-0.005374157885227071,-0.004055255877139352
2008-09-03,-0.009802495287532425,-0.0023428384700576767,-0.0008357183048682196
2008-09-04,-0.018516913430585008,-0.030607723445561456,-0.029294196133189523
2008-09-05,-0.0028229877476795553,0.0038151882566724482,0.003465343234549329
2008-09-08,-0.0003304643222416832,0.02085202243907265,0.021977669597727095
2008-09-09,-0.03509228531973868,-0.03497436527161622,-0.030629484910347872
2008-09-10,0.011910425775789999,0.00639609,0.0064893618267966345
2008-09-11,0.009321159275309937,0.015297390751687042,0.014832340899753802
2008-09-12,0.004452968950913788,-0.0012282139916250307,-0.0011774173000062935
2008-09-15,-0.03370438386409699,-0.047331037663265324,-0.04757532898940471
2008-09-16,0.01599773096217291,0.01761296152550278,0.018485131723512155
2008-09-17,-0.0357592450869773,-0.0487458056937855,-0.04698762428679278
2008-09-18,0.01572184565454298,0.039563942314386334,0.04002105983352812
2008-09-19,0.029958136263705963,0.041264610078986276,0.04087073999114919
2008-09-22,-0.019323624859420994,-0.037390573381528375,-0.03404110624963016
2008-09-23,-0.016388349068449562,-0.01547294454113761,-0.01492067549315684
2008-09-24,0.0053906733515219135,-0.002721154484962499,-0.00041899697419041403
2008-09-25,0.015281759492147924,0.020122837503803694,0.022964496514787137
2008-09-26,-0.00899401488756237,0.0021141402904612115,0.006330575729450804
2008-09-29,-0.06663040562831285,-0.09418370531668495,-0.0875064880984636
2008-09-30,0.03913248438580192,0.05989464552725272,0.05846454304065534
2008-10-01,-0.0014699303429625825,-0.006656954798659911,-0.001581723031630664
2008-10-02,-0.028272131081425806,-0.04046949885730095,-0.0335686042768623
2008-10-03,-5.5835261706327734e-05,-0.010958472387434616,-0.01218943857450363
2008-10-06,-0.040157037026937265,-0.040056692476124735,-0.03624236427296468
2008-10-07,-0.034586128141794556,-0.05791842819047808,-0.05746959972179317
2008-10-08,-0.0036216473202501888,-0.009663502979911955,-0.008608601284524167
2008-10-09,-0.07480962609657373,-0.0659604,-0.06989676926118014
2008-10-10,-0.028211639007055034,-0.009020661830194353,-0.009276897482297668
2008-10-13,0.10356218178236434,0.11390756621938343,0.10975551789342049
2008-10-14,-0.009874500332554962,-0.011809495120961718,-0.009278881708814808
2008-10-15,-0.04057290298044302,-0.08770604976345299,-0.08337361999671518
2008-10-16,0.030045941752589365,0.04111435225558968,0.046243392608594766
2008-10-17,-0.006888026115762993,-0.006743717368881617,-0.009040558159226468
2008-10-20,0.0335396986795892,0.04555437624396222,0.04674159048318617
2008-10-21,-0.00929603984602631,-0.029799459205703673,-0.030282933690553113
2008-10-22,-0.026159925540439943,-0.05194354586232716,-0.05360024943029115
2008-10-23,0.024088709419170205,0.012164045129831385,0.01791029486019112
2008-10-24,-0.03218743126889726,-0.035102965867436164,-0.03435735605542499
2008-10-27,-0.010312998261493476,-0.028541160238721587,-0.026967446573462974
2008-10-28,0.0700972979622603,0.10776096065701475,0.10754503381464581
2008-10-29,-0.012551750583217489,-0.013364447836737665,-0.014808437957614561
2008-10-30,0.018800746997150765,0.02881347883626584,0.023582676294264433
2008-10-31,0.005647344226854419,0.01749977736682629,0.012525599485981075
2008-11-03,0.0016066863225607858,-0.0030264635812415697,-0.002103480226796318
2008-11-04,0.011564201839703893,0.03782460175019543,0.0370494414299551
2008-11-05,-0.0389537668189675,-0.052511887987024254,-0.05195926231264144
2008-11-06,-0.02896043922546201,-0.047135361060044685,-0.04620445582402888
2008-11-07,0.024454775903704748,0.026879880000000002,0.029330032941626148
2008-11-10,0.0035093189874816663,-0.009766091283188838,-0.00812421431261039
2008-11-11,-0.01616269605040948,-0.021331464252379306,-0.017965256078767325
2008-11-12,-0.03568238081606733,-0.04750120449082079,-0.048313798272800954
2008-11-13,0.06334430783788592,0.06521066694732233,0.06523297332383793
2008-11-14,-0.017829832441733726,-0.04007202090430572,-0.03893324492411014
2008-11-17,-0.020213461211062895,-0.02642253313905788,-0.023789636278663772
2008-11-18,0.015831184375580818,0.009510427977680497,0.014315514936503767
2008-11-19,-0.03257422798919604,-0.05547088427740666,-0.05462370811822829
2008-11-20,-0.05689945738417456,-0.06419048784182697,-0.06180580924851584
2008-11-21,0.04811085287850878,0.05633595690317263,0.059782308267014535
2008-11-24,0.02380968345509035,0.060905457403346575,0.05660932515434198
2008-11-25,0.000334232687208525,0.007113415613794791,0.004578114938708596
2008-11-26,0.013533003216182844,0.03256790661390546,0.031128591648760497
2008-11-28,0.003991966779932555,0.01069804251373555,0.009014977473013129
2008-12-01,-0.048102070805335975,-0.08609683043868925,-0.08230141897297252
2008-12-02,0.01981611784129807,0.034469458188708474,0.038000969340737635
2008-12-03,0.0027298110575521744,0.027472203469301414,0.026966264567371587
2008-12-04,-0.024543620080620842,-0.02768815718019668,-0.0272522563562688
2008-12-05,0.020359253120298706,0.03471840030737191,0.0322124394977222
2008-12-08,0.01705762531779206,0.03546704765553693,0.036835722800452116
2008-12-09,-0.0428727659713675,-0.022740309999999996,-0.023934564723554725
2008-12-10,-0.005624040321087211,0.007903860961818653,0.006536461667328261
2008-12-11,-0.024368612810286443,-0.02515475589558852,-0.02448606157748609
2008-12-12,0.004558982314488175,0.004552576180916728,0.0058657120372051005
2008-12-15,-0.010862808997287234,-0.011214971682656939,-0.010753772011653607
2008-12-16,0.04457291983432271,0.04883258073926298,0.04535983490314675
2008-12-17,-0.009029479291477266,-0.0087717416792197,-0.01266916584488794
2008-12-18,-0.006709035490355457,-0.01394798891892506,-0.019035155294018984
2008-12-19,-0.005558416833998149,0.003318965237449395,0.0006341595974826266
2008-12-22,-0.00920774433918336,-0.0186258078471068,-0.013725709475471252
2008-12-23,-0.010086328273679415,-0.011285136883962552,-0.008709376945205767
2008-12-24,0.00831391943930867,0.006947424003478327,0.006386054082529214
2008-12-26,0.000760816526209425,0.003505577145009358,0.003921584540193516
2008-12-29,-0.0009309309599077578,-0.003774442666439406,-0.002117003709957902
2008-12-30,0.018148792631570137,0.025768634536046657,0.02158237829120864
2008-12-31,0.01083571969739502,0.012185934798926611,0.011578172033975324
2009-01-02,0.010192951850324367,0.030964865038040006,0.02955925873051185
2009-01-05,-0.007697110919107027,-0.0040596310443037145,-0.007822304301705671
2009-01-06,-0.014416327964882443,0.005874831917667154,0.0028150044257862134
2009-01-07,-0.016893252878569524,-0.02512085520178775,-0.025875867144226804
2009-01-08,-0.0009022809539783763,0.0024252821795115367,-7.50785475512542e-05
2009-01-09,-0.007557169592246863,-0.02070229,-0.01923242318944519
2009-01-12,0.003889780857777873,-0.02160584662776348,-0.019319217905162847
2009-01-13,-0.001946930074310502,-0.0004890979380461642,0.001962689967851443
2009-01-14,-0.015282506653268982,-0.03128275790302359,-0.03057369949289794
2009-01-15,0.001469363945933364,0.0005820340772291309,-0.0028109271308545953
2009-01-16,0.016823725070142886,0.0066546178045039225,0.005725513982702177
2009-01-20,-0.02042732383498336,-0.0546107277755236,-0.048870352778031166
2009-01-21,0.023681525230932893,0.04580428353212677,0.04185766816428183
2009-01-22,0.009408283322753739,-0.012419047766875307,-0.012606746099785349
2009-01-23,-0.00027489833139298465,0.006647618401207978,0.0037478675566835202
2009-01-26,0.008517768528937493,0.00383391224181341,0.005621912107530493
2009-01-27,0.010922498110730473,0.011182275109446074,0.009416390193094348
2009-01-28,0.00607923754076707,0.0355862759458559,0.029840009144330944
2009-01-29,-0.0034030667420813575,-0.028546671140899958,-0.028899560070924427
2009-01-30,-0.01340212054844005,-0.019576164259916227,-0.02008543742397814
2009-02-02,0.001355303292790926,0.0002953205247952661,0.000796854598851164
2009-02-03,0.018927392658501404,0.016688305947862865,0.01539898585762867
2009-02-04,-0.015415100259091609,-0.0066435251940458,-0.009345022518769374
2009-02-05,0.0077848140618017765,0.015892650531202215,0.015016793989606916
2009-02-06,0.006016310144179216,0.022397928895623385,0.026065924692083037
2009-02-09,0.002920736023888095,0.0027753648640552312,0.001963528862924457
2009-02-10,-0.02611926403698248,-0.04808011,-0.045804989850659984
2009-02-11,0.0007202537466423466,0.00885868526552166,0.007380276687671673
2009-02-12,0.004520033256888911,0.00022401207670244325,0.0018827211965073065
2009-02-13,-0.02341482859210082,-0.010407434912381497,-0.010821730339267683
2009-02-17,-0.020741759910518673,-0.04407935823041807,-0.03982792527370144
2009-02-18,-0.005717284921176936,-0.002366755738846739,0.0012565989151497728
2009-02-19,0.004043108887930388,-0.010323953886000164,-0.008824250760207908
2009-02-20,-0.014184526580211732,-0.013277451793124596,-0.012532914630442855
2009-02-23,-0.01939624236831191,-0.03335542923604166,-0.03269413566384988
2009-02-24,0.025046154648601444,0.039327839377731495,0.03521677705240003
2009-02-25,-0.005308557663169199,-0.013333591376069247,-0.009841760425491784
2009-02-26,-0.02673417751806715,-0.017775154047092973,-0.015510045206136936
2009-02-27,-0.0033181948407069836,-0.025433612837062563,-0.023823934862781417
2009-03-02,-0.016947327878274937,-0.047342540973986914,-0.0414559811603769
2009-03-03,-0.018750714208233023,-0.005442815730337002,-0.006596747898616915
2009-03-04,0.011102063982542824,0.023616602426123404,0.02061878278504685
2009-03-05,-0.0031362746549346487,-0.04074642920206287,-0.03719946038164101
2009-03-06,0.00860241833231625,-0.00015773017390084465,0.0030989203448499036
2009-03-09,-0.010165911826395153,-0.008709119625977315,-0.01025616347757223
2009-03-10,0.030622634582542267,0.06230299926275393,0.05878171266643681
2009-03-11,-0.012782311615659476,0.0051569736334749795,0.0025118502295429458
2009-03-12,0.03737963707869282,0.04117325999999999,0.04008851504135885
2009-03-13,0.012010040535419946,0.008843685786542387,0.007824091891896335
2009-03-16,0.0006624322031014373,-0.003449126296719367,-0.004415194976507015
2009-03-17,0.008488213883903258,0.03179925084949913,0.031095375604751757
2009-03-18,-0.03426449684590429,0.017069048548562428,0.015635978790445204
2009-03-19,0.008726662499834566,-0.012728130712147626,-0.013634423096862715
2009-03-20,0.0009801905996560387,-0.017703025100646815,-0.016762154876843863
2009-03-23,0.04105040459178058,0.07007201354466613,0.06813833950178068
2009-03-24,-0.00845583064961468,-0.01961117451622134,-0.018813919352479926
2009-03-25,0.009830238362481687,0.008023156474817428,0.00898229694829591
2009-03-26,0.006714923979895729,0.0208230455587118,0.01929822509838768
2009-03-27,0.00265677483416754,-0.018540608972833942,-0.017310397327774313
2009-03-30,-0.012056186127439823,-0.03622297825931066,-0.032838770635397016
2009-03-31,-0.00631955619475559,0.01465562415504165,0.01249341844715683
2009-04-01,0.025204316461443423,0.015235698319297868,0.017534611216031438
2009-04-02,-0.00020035593255437868,0.02700103433355571,0.022367315274118796
2009-04-03,-0.01184089686024622,0.00876190124734488,0.006517307501663609
2009-04-06,-0.007873149075384996,-0.008886140890040346,-0.006663591084254207
2009-04-07,-0.0030205136753525255,-0.02139213916451597,-0.02067841993837423
2009-04-08,-0.0010561022351506305,0.01058202300772982,0.00793918775922814
2009-04-09,-0.0001131010694446112,0.03704061244674171,0.03219907289863905
2009-04-13,0.006107339409284086,0.00776181,0.004169517963547192
2009-04-14,-0.008307732552415533,-0.019692113663366543,-0.01961842284811123
2009-04-15,0.013881238335412851,0.012615977257950606,0.01137796367348083
2009-04-16,-0.01095316735610234,0.011748755493286068,0.01206671714600354
2009-04-17,-0.011180670225809394,0.002903268302735948,0.001810820360608189
2009-04-20,-0.0017149389070650653,-0.04295921359886878,-0.039904960743671704
2009-04-21,-0.002683549372634932,0.02050522325744681,0.018528504462771413
2009-04-22,-0.0070917720263008145,-0.009297831716168487,-0.011484653815828161
2009-04-23,0.011245102439346174,0.010411376804458762,0.01083939284592709
2009-04-24,0.017583605214595035,0.016900656433166943,0.01430404634733571
2009-04-27,0.0037778930567084674,-0.009050228902644961,-0.006330360482211787
2009-04-28,-0.010902534757083361,-0.0031793265356660537,-0.0023189596177976826
2009-04-29,0.005622067800289719,0.021357857424404787,0.01971959361819133
2009-04-30,-0.015705859406557655,-0.0007717669026686515,-0.00288400220098775
2009-05-01,-0.005283556339819588,0.005552253213415674,0.0052627400558334
2009-05-04,0.023148988668842012,0.03339546278510018,0.02977442627051057
2009-05-05,0.007334670543044524,-0.0020281509766920496,-0.003377560128123574
2009-05-06,0.02328944644312612,0.022748215307836654,0.01890315001176857
2009-05-07,0.0014999050753165823,-0.011959688227972243,-0.010534501580335264
2009-05-08,0.01110978120807782,0.0248017941905726,0.02111322613279292
2009-05-11,-0.00961511475549655,-0.0222695542422407,-0.018329192668321437
2009-05-12,0.005913157740869821,-0.00011527999999999989,0.003274741058568009
2009-05-13,-0.006425122435666886,-0.024572818608749217,-0.021051515147788212
2009-05-14,-0.002983903608860129,0.008218732688402161,0.007639427093404497
2009-05-15,-0.006266604180014667,-0.01194469459097188,-0.010445977642748105
2009-05-18,-0.000544796821578413,0.029714946188643683,0.027804272421713377
2009-05-19,-0.006491367150329445,-0.0028423536344398415,-0.0033366344564608177
2009-05-20,-0.0025752813043163404,-0.003375804305217453,-0.004438492742651261
2009-05-21,-0.006078460464548044,-0.016850533286112024,-0.015021862086600814
2009-05-22,0.002814786052711068,-0.0012949488859611208,-0.002132050243273633
2009-05-26,0.013627617280279397,0.025043399800641894,0.023666483211768927
2009-05-27,-0.015510667704272984,-0.01837701394636585,-0.01858380370425842
2009-05-28,0.016383355466221914,0.015249865046513782,0.015466362870194624
2009-05-29,0.012095518799350788,0.014172498677635342,0.012136666732837595
2009-06-01,0.010133199985736613,0.024954817035898826,0.021216700119987397
2009-06-02,0.0002066227004245965,0.0014357446944271185,0.0022452613041702213
2009-06-03,0.006803975101802977,-0.014543716623342287,-0.00974629660697173
2009-06-04,0.001472473796240472,0.011900867776370117,0.010573590221365822
2009-06-05,-0.003055827538700009,-0.003357564544799352,-0.0018586372212906126
2009-06-08,0.0027684280563073163,0.00040929227269317643,0.00044199493962260197
2009-06-09,0.008998846653451503,0.003785878136963381,0.0015255170292027074
2009-06-10,-0.005910880398708276,-0.0043006097365294385,-0.0034687415552609136
2009-06-11,0.01222307914540656,0.005859300000000001,0.0067156351946880835
2009-06-12,0.01768351774459598,0.0010700708534881567,0.0022382656522771174
2009-06-15,-0.020640881437847588,-0.0235819899205578,-0.021581876363376076
2009-06-16,-0.003911830252917101,-0.011343280683922059,-0.011331539485147335
2009-06-17,0.019599991554231193,0.0007879233937594857,-0.0003223645136352605
2009-06-18,0.01975969997573023,0.009838631438479694,0.008930602040598892
2009-06-19,0.011671597142319159,0.003353531701031639,0.0033390350992029186
2009-06-22,-0.015560582111465927,-0.030741858473037377,-0.027719344531828456
2009-06-23,0.0021175816764181037,0.0026472062390779467,0.00258204892310421
2009-06-24,0.0005821116514776974,0.006375505404389447,0.004991193291377734
2009-06-25,0.02445505564075005,0.020968851958746784,0.019922655356823513
2009-06-26,-0.00365263828039359,0.00021907950235360582,-0.0015194277380270287
2009-06-29,0.005843704000838235,0.007591860827299156,0.009611970537938863
2009-06-30,-0.006410523556225302,-0.00974546280544891,-0.008697217792849182
2009-07-01,-0.0004052805275439463,0.0020050489694657895,0.0038610719514421197
2009-07-02,-0.011472550853637712,-0.02734768881026674,-0.025606741449135578
2009-07-06,0.0015872610504254513,0.0033268936019181495,0.0022559872159782384
2009-07-07,-0.009236256104639337,-0.02047065430096928,-0.018188954935503352
2009-07-08,-0.0011709005070836937,0.0008894147058011688,0.0006458288769435253
2009-07-09,-0.0013171909254085293,0.0033645316929961132,0.0015398316007780878
2009-07-10,-0.0025275291457670483,-0.002788905205738792,-0.004206699345974734
2009-07-13,0.013826016301826087,0.0237242,0.025110661884801225
2009-07-14,0.002195451464560354,0.004433046136273813,0.0037074333400932634
2009-07-15,0.008519849647803725,0.028301153118285953,0.028970731000788695
2009-07-16,0.007693335286681437,0.010296209095276782,0.007795892205970704
2009-07-17,-0.004297439234144055,-0.0005564623742746807,0.0007687023800465759
2009-07-20,0.0007992524298996939,0.012000385682168269,0.008543223186972104
2009-07-21,0.003654432493321761,0.0042807439366729216,0.005210660608304181
2009-07-22,-0.00012760102792512944,-0.0015152592589569643,-0.0018385419405070663
2009-07-23,0.005981629497569433,0.023919445786337364,0.020738339796258144
2009-07-24,0.0038949095152290988,0.003084951658012967,0.0011507512433979654
2009-07-27,0.0009297817461859689,0.0008766371707092415,0.001436525603246539
2009-07-28,0.0022961681344379485,-0.0021392177557028277,-0.0019147424068969381
2009-07-29,0.001781734353773473,-0.006173111198912123,-0.003351454821865299
2009-07-30,0.0021766283274450857,0.011946490756426772,0.010504909050720705
2009-07-31,-0.0050592031717721165,0.0006132670367810189,0.0001574717641273632
2009-08-03,-0.0009011100469252383,0.01440422368144839,0.012699227578251709
2009-08-04,-0.006200802298425913,0.002645936218871248,0.0019953920164001125
2009-08-05,-0.007432364033363571,-0.003932987276457931,-0.002737906888801287
2009-08-06,-0.0077895323381110574,-0.0038899660237682898,-0.005706771798871112
2009-08-07,0.002526829698038637,0.011317513329552146,0.00934729025957751
2009-08-10,0.0046080890379959745,-0.003943292239208722,-0.0020271796066218006
2009-08-11,-0.002933341325992396,-0.009160869999999998,-0.011109483796263
2009-08-12,-0.0006582950609326279,0.01030533400392655,0.01042343425459941
2009-08-13,0.009613980403387345,0.006114908348563883,0.006104360955482434
2009-08-14,-0.005556066141603736,-0.009544108874120162,-0.006539509384540008
2009-08-17,-0.010969202522575766,-0.02379060256299835,-0.02235090921742902
2009-08-18,0.00012222204977219785,0.010271909031498758,0.009078899612375011
2009-08-19,0.013609800881460871,0.0081118535259043,0.00786426464221883
2009-08-20,0.005737674800717313,0.009332856358171658,0.009735813628478956
2009-08-21,0.009540578667814536,0.01769946191775045,0.016805600016332342
2009-08-24,0.004179114392362285,-0.0003294864791002402,0.0009742051879916675
2009-08-25,-3.122456332573963e-05,0.003421097522207805,0.0022441767073830767
2009-08-26,0.004678180328616827,-0.0002593298215035634,0.0007544487772378217
2009-08-27,0.002643785672094946,0.0037651256412309353,0.0017598089474676715
2009-08-28,-0.007303065880266139,-0.0022013842562041224,-0.0033010012433987513
2009-08-31,-0.00893218088916885,-0.007945411610826424,-0.005973875449747751
2009-09-01,-0.009604721430708164,-0.02088620816964147,-0.020381117984889282
2009-09-02,-0.002252469506266684,-0.002047999834595346,-0.002689386579421743
2009-09-03,0.0035823187813312047,0.00813466112575157,0.006697778120207375
2009-09-04,0.009565783989966511,0.012590111796334479,0.012381243090868984
2009-09-08,0.004561923351077329,0.00668761580531035,0.008108968621404958
2009-09-09,0.0024173151972244882,0.008317238917425843,0.006121381460807327
2009-09-10,0.007392353953260023,0.010790810000000001,0.009657723962571434
2009-09-11,-0.0017341790308512744,-0.0002640413886331243,-0.0018222103656080615
2009-09-14,0.005066849889984246,0.0047414392725156455,0.0042011344031617805
2009-09-15,-0.003759594237385905,0.0015821565522683642,0.0009024690957850311
2009-09-16,0.004804098676954917,0.015914529111419124,0.01423417444788493
2009-09-17,-0.0007206984658475495,-0.0020132724608498847,-0.00144334503313501
2009-09-18,-0.0031000490015336214,0.0008736373894884516,0.002275986292056674
2009-09-21,0.0052596940219649686,-0.003842263933987509,-0.002513303985849905
2009-09-22,0.0018522800830261088,0.005556146816035109,0.006178979739666685
2009-09-23,-0.013417641148239736,-0.01129077384637346,-0.0090198616960871
2009-09-24,0.007191853295088629,-0.008482010136413582,-0.006275234126225351
2009-09-25,-0.0014613804673537045,-0.006253245212701112,-0.0061263183881667075
2009-09-28,0.016353458296215508,0.017611964783356384,0.016064097390253818
2009-09-29,0.0016678836774372662,-0.0027036638263574233,-0.003290689353973377
2009-09-30,0.0017574174740089248,-0.004109709116010984,-0.004062683872463094
2009-10-01,-0.01589952609130525,-0.023186644221576947,-0.02301291814944238
2009-10-02,0.010346515876209885,-0.00429099121241356,-0.00267018162740727
2009-10-05,0.008134450319102118,0.012965622668155194,0.012615014088048417
2009-10-06,0.005217525660297753,0.014499131503272164,0.014363271612412812
2009-10-07,-0.0004919681605396743,0.0036671563989557564,0.0038411499587876633
2009-10-08,0.00343180360122168,0.008505746962930452,0.0059481463006449105
2009-10-09,0.002702567316220212,0.00505611,0.005182601548992659
2009-10-12,-0.0019596791104074217,0.0019815417695435928,0.004562783577093959
2009-10-13,0.0022596377150852732,-0.002941141872327414,-0.002067497852473711
2009-10-14,0.013190612755797651,0.01776996284368659,0.017058883644810126
2009-10-15,0.010174239315794297,0.003168408247084496,0.0037375947483166408
2009-10-16,-0.0019390145307548274,-0.005262611619405094,-0.007455515685341718
2009-10-19,0.011900289099999926,0.010500189328941997,0.00781820595139396
2009-10-20,-0.004475876866011512,-0.006216410001564051,-0.0046483479249884345
2009-10-21,-0.009341975098274275,-0.010037787652572306,-0.008622942120023269
2009-10-22,0.003918967834179859,0.011110865458856551,0.009106679389815681
2009-10-23,-0.009817592307845796,-0.012056726591638438,-0.008952212858029171
2009-10-26,-0.01060321544125726,-0.011823553707700081,-0.011051040975518605
2009-10-27,0.0002167772507118533,-0.003867679408690256,-0.0007437645706052703
2009-10-28,-0.0068555053712463015,-0.017450445118952006,-0.015436757557331243
2009-10-29,0.00997308144143256,0.02178301394233052,0.01971478481397244
2009-10-30,-0.01796899708425052,-0.02734333222833627,-0.027336230429027993
2009-11-02,0.00820463205033142,0.006147467215437854,0.0058218274028797815
2009-11-03,-0.0052222015051596226,0.00504027806149347,0.00033882773369839505
2009-11-04,0.0065832631636842534,0.0031529719813419054,0.0028267097281016148
2009-11-05,0.012781026940064395,0.019208027958173456,0.018243308333182846
2009-11-06,0.0024566448722005124,0.003677136813804157,0.003381868711665186
2009-11-09,0.022099281553746294,0.02238386,0.020982325188798306
2009-11-10,0.003787154627625303,0.0008373725633931663,0.00146404039406057
2009-11-11,0.0054692363398230965,0.0054327177792246745,0.005304637734131969
2009-11-12,-0.0019399952574461273,-0.009333091501872127,-0.008486429333827409
2009-11-13,0.0016055584437290658,0.0060641484803499535,0.005095513325302785
2009-11-16,0.008185709108992356,0.01519896314509247,0.013393697366902234
2009-11-17,0.00618617866240962,0.001175038878135464,0.0025309910110478335
2009-11-18,-0.0016477919283474725,-0.0009453828372804843,0.000926612502467566
2009-11-19,-0.008688075458772357,-0.012275803377024006,-0.011486962290905005
2009-11-20,-0.0013152109553682867,-0.003773535378126628,-0.0032188083873812465
2009-11-23,0.01241042017032682,0.013481221346730578,0.014272155806791026
2009-11-24,0.007630932928527177,2.570697822927325e-05,-0.0004408249998762334
2009-11-25,0.004051956267951901,0.004272482926660766,0.0026303247732157777
2009-11-27,-0.012985847067524627,-0.01566124491787684,-0.015470209309640222
2009-11-30,-2.2916562378332883e-05,0.0037412866607920256,0.0037804152837054234
2009-12-01,0.01518769248801252,0.010996001330859935,0.010728628803324963
2009-12-02,0.007027800812919016,0.0005459533607308958,-0.0013743657754101866
2009-12-03,-0.004429381360625329,-0.009606771272897049,-0.007418536535849285
2009-12-04,-0.0007748912412458389,0.003474313472981775,0.003458938833652434
2009-12-07,0.007455854138322224,-0.002027898852467642,-0.0035275327528110213
2009-12-08,-0.005565884144199273,-0.010529789586401543,-0.01067315462067533
2009-12-09,0.006546751648304144,0.004268029999999999,0.004561532788745445
2009-12-10,0.004632143555118311,0.006588658308688768,0.005064390985743288
2009-12-11,0.004611405439311333,0.0028494406651620938,0.0025861557865374816
2009-12-14,0.0023995568179116717,0.009181548254890407,0.0040223590064154486
2009-12-15,-0.008747535820170573,-0.004982433463254654,-0.006246585656420017
2009-12-16,-0.001114388316838015,-0.0009910479898627264,-0.0010652330291171638
2009-12-17,-0.010662739995345892,-0.012656835005821583,-0.012264561367533946
2009-12-18,0.0028011400380491564,0.005502621188879609,0.006817534143755071
2009-12-21,0.008980973447565653,0.011239178325393718,0.010145740012728829
2009-12-22,0.001973964444695693,0.0021343730988756405,0.0025056470478771777
2009-12-23,0.0005927759444252814,0.0029812332429245414,0.0014939287869195038
2009-12-24,0.004132037240465968,0.003941479385449915,0.004875440754393534
2009-12-28,0.005295881926327,0.0015055635362033572,0.0024460773112450146
2009-12-29,0.00217131000848625,-0.0009842868025544478,-0.0009700425119937949
2009-12-30,0.0027427760083914743,0.0006828956445316384,0.0003825479310818357
2009-12-31,-0.009839091024541781,-0.009441354861494406,-0.009464218971387467
2010-01-04,0.013951981193908367,0.016116117193324897,0.016657148732206688
2010-01-05,0.011955315028374422,0.003771666031936181,0.0027150788299392407
2010-01-06,0.0018818064230079255,0.0020852628999954723,-0.0001869405440691247
2010-01-07,0.005483859114958478,0.005080675857008965,0.003718036792703042
2010-01-08,-0.0020706314910472943,0.0042145372667674935,0.0028492381454303245
2010-01-11,0.00654699992086296,0.0024471799999999998,0.0020055997986992403
2010-01-12,-0.00011212353008127412,-0.009016159231461951,-0.007889239067710305
2010-01-13,0.011017492888787058,0.007746182027321322,0.007290550715394547
2010-01-14,-0.001593327757975011,0.0017908531666280464,0.003040879166822369
2010-01-15,-0.00738797673851781,-0.009470301606124916,-0.010444436313822747
2010-01-19,0.01317390590070666,0.012405529845836238,0.01179666245992732
2010-01-20,-0.007041316638000151,-0.010364670437250686,-0.010283235717144493
2010-01-21,-0.010939003967494103,-0.018969462002706602,-0.019718102661930376
2010-01-22,-0.014812480677189174,-0.02232824046085057,-0.022060917882299847
2010-01-25,0.004190038233197206,0.005503077806630182,0.004529818933241182
2010-01-26,-0.00011408418280849282,-0.004322588330311167,-0.0037678417234213307
2010-01-27,0.0036249603785666017,0.005716204592561035,0.005619797469993964
2010-01-28,-0.011877940983838093,-0.012047112106523697,-0.011624577885651181
2010-01-29,-0.003007388540011758,-0.008060358324368492,-0.008840425488910543
2010-02-01,0.0045685161912927385,0.013402396891193718,0.012349048390462893
2010-02-02,0.007223729567767528,0.011807076144929896,0.012224170390487168
2010-02-03,-0.00537165473641196,-0.00524483922849335,-0.003932746898362926
2010-02-04,-0.02068958748327982,-0.02992001173956724,-0.02954176530229221
2010-02-05,0.0032100996155634866,0.000688752549687061,0.002536489431239825
2010-02-08,-0.01109722623820087,-0.0077840953226228984,-0.00856806848146084
2010-02-09,0.006760210742103428,0.013722908062242611,0.012422795377486808
2010-02-10,-0.002210692387209583,-0.00196488,-0.001460267555567792
2010-02-11,0.004845795356975298,0.010575315634554022,0.008919735899657074
2010-02-12,-0.0034525470653847313,-0.003447404210653397,-0.003195910444849805
2010-02-16,0.011019666839452633,0.01725773598283216,0.017313252514990118
2010-02-17,0.002893317174882287,0.005033477102698097,0.004463022616683765
2010-02-18,0.003913183923828708,0.006959799025992467,0.006343807941791664
2010-02-19,0.0016334586034432378,0.0016434848485616415,-0.0001943660575801526
2010-02-22,0.0008111222776428826,-0.0013080331914061378,-0.0005856622164192488
2010-02-23,-0.0057660945374651525,-0.011463102063030728,-0.011510471550654652
2010-02-24,0.004717607635234524,0.009662301777228696,0.009906449013883682
2010-02-25,-0.004752611381100934,-0.002152563749201175,-0.0033101665217255723
2010-02-26,-0.003190357517463155,0.0016109109117729034,0.0012803846991471743
2010-03-01,0.007948387285050347,0.009823974399514789,0.007992517790916514
2010-03-02,0.0017692181407440496,0.0034600492357457634,0.0019384593576581254
2010-03-03,0.000853208307277565,0.00045849658800467004,0.000320428777542579
2010-03-04,0.0037928082076647877,0.004624267066031473,0.004839930744186729
2010-03-05,0.0015878150685076917,0.013550851076707768,0.01245689617518486
2010-03-08,0.0008843549491287487,8.011457488788968e-05,0.0002540239338563204
2010-03-09,-0.00014685282133630322,0.0016080297606699552,0.002498310728412363
2010-03-10,-0.00182494910481043,0.00424937975467267,0.004347297965174776
2010-03-11,0.004919669312273503,0.005014742181231147,0.005254582869493059
2010-03-12,-0.0009980179758459025,-0.0002553499999999999,-0.0004860786950321784
2010-03-15,0.00728191511372771,0.0010400070186222053,0.0016801258271842772
2010-03-16,0.006401526652922773,0.006579649983641252,0.006889622255608005
2010-03-17,0.001374076620554153,0.0049330589543655915,0.0047565572863262785
2010-03-18,0.004259744474916122,0.0016884005419783906,0.0011228381168598347
2010-03-19,-0.004595490646894916,-0.005029187122835518,-0.004763926370961231
2010-03-22,0.0019085395917643932,0.0051998080479878596,0.004565262859083999
2010-03-23,0.006590562766272933,0.007001275050205343,0.007816660603859094
2010-03-24,-0.007519027370114141,-0.006302362246863813,-0.004989069691981714
2010-03-25,0.0008414520507761205,-0.00014483448816685353,0.0005895605301259472
2010-03-26,-0.0006230254803813319,0.0004784040182750202,0.00035961386648387884
2010-03-29,0.004757389875270941,0.005427711344482685,0.004079352295875794
2010-03-30,0.0040405641449266436,0.0004958785985658975,-0.000130825396058397
2010-03-31,-0.0047064082609560905,-0.0027855539948710394,-0.003165653298502586
2010-04-01,0.0038174634030268867,0.006934687161877506,0.006093340914130224
2010-04-05,0.0011725603742531582,0.006988671449958244,0.006043704958907529
2010-04-06,0.00014151127630903073,0.00114690297240802,0.0014778321154441667
2010-04-07,-0.005849734928250587,-0.005888224095629965,-0.004639164846326868
2010-04-08,0.0006113827337973665,0.004450378186717848,0.004664131007449786
2010-04-09,0.0007528731399110522,0.005264463057681196,0.00607359446657701
2010-04-12,-0.0002799812347210372,0.0015560342072843015,0.0018105993052989168
2010-04-13,0.0004322924760746943,0.00053694,0.0008429967352822648
2010-04-14,0.0030330651927095473,0.010070511635242573,0.01107116847814304
2010-04-15,-0.005671383296186744,0.0008246654851506082,0.001093118917607616
2010-04-16,-0.008692835851386761,-0.014724853810438403,-0.01624269289962213
2010-04-19,0.007393843681910544,0.005825527300632176,0.0064175785843743754
2010-04-20,0.0034508325614109945,0.007085413754450909,0.005667117781510085
2010-04-21,-0.006226465668958497,-0.0027214790429183964,-0.0021257391611574205
2010-04-22,-0.0015923017947666643,-0.00045536368137718896,-0.0011636707229788345
2010-04-23,0.0026694659729041715,0.006337298581606313,0.005385805435318318
2010-04-26,-0.003143069160451755,-0.005085624279262307,-0.0050641961709991055
2010-04-27,-0.014156719196397778,-0.02378695290526341,-0.021472765704042815
2010-04-28,0.003652896663187533,0.00669610440266015,0.007035044646464587
2010-04-29,0.00867196328457271,0.012284822999198825,0.011668031740585985
2010-04-30,-0.010603544862926341,-0.016989709314582376,-0.016010152965418176
2010-05-03,0.009884900888078384,0.01219710169126002,0.012010786734858787
2010-05-04,-0.012101525034337065,-0.023726287710819194,-0.02220873261578501
2010-05-05,0.00346132243975833,-0.00691604743819558,-0.005618202745274163
2010-05-06,-0.025790923459493745,-0.03159746590431027,-0.03259969876718604
2010-05-07,-0.01058549893741352,-0.013589691929295204,-0.01337943226453073
2010-05-10,0.029119621943287648,0.040101259841780784,0.03997119195773813
2010-05-11,-0.003196316098379259,-0.00321525418011652,-0.0034988490130563174
2010-05-12,0.007052796442409601,0.01244194,0.012226118489459243
2010-05-13,-0.008112208504871602,-0.012523864570317978,-0.012049017781641328
2010-05-14,-0.012462036534173883,-0.018546525915844457,-0.017378305568673105
2010-05-17,0.0070389159505825135,0.0003210534035468978,0.0002635542411174784
2010-05-18,0.002178356839116869,-0.01386949677439642,-0.013383325540580247
2010-05-19,-0.0038145690861948827,-0.004705197827221318,-0.00401478131700819
2010-05-20,-0.03417618465254921,-0.0375598435975802,-0.0375157088419643
2010-05-21,0.0036503047703964394,0.014118415597444594,0.012877429517714058
2010-05-24,-0.009912685714233732,-0.012693841507514956,-0.012265392497458555
2010-05-25,-0.008078259185167032,0.0011590306794645809,-0.0006791178346365354
2010-05-26,-0.010350020229033483,-0.005463396011712095,-0.007350355271437186
2010-05-27,0.022776793486568907,0.03175223686528823,0.03131079464906587
2010-05-28,-0.007708871350621614,-0.013556686179495493,-0.01193316205181258
2010-06-01,-0.002205309567916369,-0.018754052592418947,-0.01370756672470213
2010-06-02,0.024773486725417144,0.02649512460313859,0.024477111998514385
2010-06-03,-0.0013385995096624026,0.00326273414662921,0.0030912242120223043
2010-06-04,-0.02557973602123167,-0.033833247385577796,-0.032360676079509786
2010-06-07,0.0067755405898138965,-0.012201187941146038,-0.012493703257196877
2010-06-08,0.009241924045264256,0.011468140088939484,0.011231601111881808
2010-06-09,-0.002463656984108483,-0.0071836148259379565,-0.007858100468565036
2010-06-10,0.014506497747421609,0.03015706254102442,0.02681313675146097
2010-06-11,-0.0036118377070725287,0.004551769999999999,0.003990471791458695
2010-06-14,0.003979204930629258,-0.0029402128200620263,-0.003104381804717347
2010-06-15,0.010473602108323059,0.02286557957229215,0.02169318495072582
2010-06-16,-0.006462852062351953,-0.0017768711196500875,-0.00014716201788298987
2010-06-17,0.00458572414184526,0.0012777720679232267,0.0019563963902153236
2010-06-18,0.00010714516621725794,0.0017350216304375797,0.0019618154191940857
2010-06-21,-0.008175397534263159,-0.0032174232537685605,-0.003911121437114937
2010-06-22,-0.00946924699618259,-0.015917330760144916,-0.013001766303864994
2010-06-23,-0.0005337143275347723,-0.0026904383836628743,-0.003699165501150203
2010-06-24,-0.012940044734400224,-0.01712230718099034,-0.015643990254331573
2010-06-25,-0.007936625546226027,0.005165743118675644,0.000650992809287351
2010-06-28,0.005509914719754014,-0.004307146339962114,-0.001794681271934882
2010-06-29,-0.01748956096346704,-0.029946583214153156,-0.028702196317028975
2010-06-30,-0.01273297639626502,-0.009907447448716633,-0.009860055797509882
2010-07-01,0.0018063492993276983,-0.0026603291779087003,-0.0037877011585190253
2010-07-02,-0.00510919308267022,-0.004087320219827042,-0.003975051442087784
2010-07-06,0.0056541474330394585,0.003413688127724602,0.006339031304129788
2010-07-07,0.01601654181876551,0.030376493615942097,0.03002375305652206
2010-07-08,0.005541954220970087,0.01040996500986272,0.00960134274031196
2010-07-09,0.003072496413259379,0.008380692624970128,0.006589354993292189
2010-07-12,0.0062064543238927305,0.0003294427932796421,0.0025757606177239153
2010-07-13,0.007610345333155298,0.01589507,0.01429726567788028
2010-07-14,-0.004134377978354741,0.00017031419171076396,0.0007186796022252588
2010-07-15,0.0013476584399527882,0.0010198784316627451,0.0008804818880303817
2010-07-16,-0.016622442986602214,-0.028111248736510813,-0.027829353057845507
2010-07-19,-6.158629695710138e-05,0.006087414554021034,0.00493019520246656
2010-07-20,0.019571177514414603,0.011111871795504113,0.010119377814409544
2010-07-21,-0.012649901904015808,-0.010827046524950824,-0.010778746143005787
2010-07-22,0.011628661075427392,0.02137177464933743,0.021051232688176016
2010-07-23,0.012661632801980975,0.008928897639459386,0.006905772198071217
2010-07-26,-0.0019016984725949394,0.009354091715919008,0.009589638779597544
2010-07-27,0.0007425535438571948,-0.0005437590106031319,0.0018554075181435182
2010-07-28,-0.0012343823364627776,-0.00615277021758038,-0.005910396429391838
2010-07-29,-0.00443160405317953,-0.003888582503000618,-0.0037080694774128077
2010-07-30,0.003275665767565757,0.001973250815232913,-0.0004658300137693038
2010-08-02,0.009109963723136329,0.02108173024668006,0.021628703470890378
2010-08-03,-0.003366402993517878,-0.005379340389148251,-0.003111069298671782
2010-08-04,0.00677821759917538,0.006162061779959128,0.004634171623481073
2010-08-05,0.0018469293445557411,-0.0003339796311828188,-0.0014704910400106885
2010-08-06,0.0021544442233961186,-0.0032314985981414727,-0.0031197095056225547
2010-08-09,0.006212154508854407,0.005183448374540447,0.004672249648669096
2010-08-10,0.002073666647350182,-0.004169210199076306,-0.005108350583767508
2010-08-11,-0.022442839692972866,-0.02706358,-0.02548921654483409
2010-08-12,-0.003985225828636218,-0.004967916689098759,-0.005876142634570248
2010-08-13,-0.004075670814981827,-0.00489164650758245,-0.004353456769517591
2010-08-16,-0.00381659772178022,0.00023585245859393577,0.0005834861074184537
2010-08-17,0.014378658530933598,0.010910420281335086,0.010106472068770807
2010-08-18,-0.00030018155826859114,0.0017115394348176942,0.0013914776504182582
2010-08-19,-0.01649612265909234,-0.017253305030493958,-0.016417612900359153
2010-08-20,-0.0025279348610953295,-0.00465088098947355,-0.0048635291791866925
2010-08-23,-0.0001733518897639222,-0.004370292157757355,-0.002921657376611933
2010-08-24,-0.013024265785704729,-0.015328136313137163,-0.013991333613633541
2010-08-25,-0.0008991536902887785,0.0032453227197047413,0.002877164274938483
2010-08-26,-0.007823470211573605,-0.007119748974137504,-0.008116099418933185
2010-08-27,0.01178338502623954,0.01723154833538356,0.015106081462373248
2010-08-30,-0.010244763517983653,-0.014245630619541297,-0.013433067428318755
2010-08-31,-0.0003395802618560273,-0.00036278213205819486,0.00028202016862208213
2010-09-01,0.024362453352326962,0.03027565456427469,0.028537882579824543
2010-09-02,0.006987191695396332,0.008503605272981923,0.006959431429187803
2010-09-03,0.009641157157710877,0.01361232465525437,0.013152887245696356
2010-09-07,-0.008357189728565913,-0.011219510500856945,-0.009822995837537669
2010-09-08,0.00267774187953945,0.006603590520881976,0.006193018816462308
2010-09-09,0.0099521728058048,0.0034751845336330974,0.005382123214595566
2010-09-10,0.006416103571033744,0.005421490000000001,0.0048436974034046865
2010-09-13,-0.0020073269319291235,0.01017036453633988,0.0109410699618271
2010-09-14,0.01065953614610886,-0.0005433450860661864,-0.0008886697448731601
2010-09-15,0.00548644741553211,0.0026962573493136683,0.00357392917335616
2010-09-16,0.0029468553094664615,-0.0005463735432120931,0.0009663124866626172
2010-09-17,-0.0024394610510676193,0.0019538156414339856,0.0009824092744867602
2010-09-20,0.006826084649219659,0.014636746757533688,0.014229931942092298
2010-09-21,0.002161709516840019,-0.0009548411210999362,-0.001512636492886957
2010-09-22,0.008469785245358864,-0.0035654327883403196,-0.0029618818067351257
2010-09-23,-0.011846602784122615,-0.00795672069636479,-0.00816058963522557
2010-09-24,0.009081422972433015,0.021843845567306477,0.018921043393923528
2010-09-27,-0.007334663220246914,-0.006651137411951056,-0.005493517397696431
2010-09-28,0.008663797985621884,0.0045999760960586935,0.0030508048310593887
2010-09-29,-0.0027185677458837986,-0.003256415100612065,-0.002973413624885146
2010-09-30,-0.013165863756735707,-0.003961006174678042,-0.0037268495206071776
2010-10-01,0.004203319917511405,0.00391960447135946,0.004747425894741934
2010-10-04,-0.005361502133161833,-0.007892160600765806,-0.0074437067294636314
2010-10-05,0.00900602199589138,0.019850129917821552,0.019582306595237034
2010-10-06,0.006838314525286834,0.0015210496759241047,0.0026804622458370566
2010-10-07,-0.008745701259919579,-0.002006523583284142,-0.0017717803856344284
2010-10-08,0.0018234892541261801,0.006603266160881011,0.00536323544778524
2010-10-11,-0.0007244187798935284,-0.0005391799999999999,-0.00013592326251540024
2010-10-12,-0.0004007590447573643,0.0024381372460103037,0.0037108294580473896
2010-10-13,0.00813051453412307,0.008384064900084219,0.0065902128869734415
2010-10-14,-0.0013501746811107958,-0.003196840769425168,-0.0036577251320794434
2010-10-15,-0.00018609660244736908,0.0027178564929439906,0.0019042033919061513
2010-10-18,0.007820460718259373,0.006685668883086122,0.008800037920729644
2010-10-19,-0.010201295652220735,-0.01522782975863462,-0.01581608422651625
2010-10-20,0.0105291937075596,0.011288459391433617,0.010008925306827265
2010-10-21,0.001901608140629959,0.0042913308574975394,0.0027276342646137684
2010-10-22,0.0002794310496315161,0.0014553459077402992,0.0013230802451821946
2010-10-25,0.0008993650918949414,0.0031225026490160467,0.0019212459445309363
2010-10-26,-0.011651040378862956,-0.0006611049493945111,0.0008041810720435612
2010-10-27,-0.00840923951926503,-0.0032250594680247467,-0.003354776574008529
2010-10-28,-0.00044151862837590986,0.0004923794349595628,0.001870880974136857
2010-10-29,0.013402951358454316,-0.0007723208953598046,-0.0014162036629060061
2010-11-01,-0.003851264742159833,0.00032585313377985777,0.001247988242447746
2010-11-02,0.008108790084961806,0.007878920919609433,0.00708862552614267
2010-11-03,0.002697974121291743,0.004888515071129218,0.005090837710092034
2010-11-04,0.00678179957958457,0.01970148982805875,0.01928232453459041
2010-11-05,-0.0030371573448786226,0.004121741500354888,0.003849214633395739
2010-11-08,-0.0011646642631515489,-0.002387617814672683,-0.0018683199048888642
2010-11-09,-0.006969829892929925,-0.008513729999999999,-0.006838551665748403
2010-11-10,0.002545877501631206,0.0043980333843654735,0.0038341380360933067
2010-11-11,-0.00020292531064543409,-0.003996213738628331,-0.005731275346907055
2010-11-12,-0.010294759228582367,-0.012544466697029317,-0.011554326770021528
2010-11-15,0.00045227397264045206,-0.0013704835107379995,-0.0015174763034315677
2010-11-16,-0.013887640079784318,-0.01487278945428042,-0.014869467887249544
2010-11-17,0.0005833669738299607,0.0007925679784164945,-0.0009000749510552915
2010-11-18,0.011172038686123565,0.015164218343876882,0.015394216282299984
2010-11-19,0.002941904561663115,0.0031172068627961405,0.001839996466335232
2010-11-22,-0.001211836579152714,-0.0025026218296850026,-0.0028277263408627525
2010-11-23,-0.012496345768481174,-0.014101632156822513,-0.014201477601762668
2010-11-24,0.011411975654009051,0.014678650485596882,0.013590853917698273
2010-11-26,-0.005286976625767875,-0.008671537498034638,-0.00767326430127316
2010-11-29,-0.000903479716014001,-0.0002902360563789858,-0.00040402733626147906
2010-11-30,-0.0040030898546206525,-0.0054155852696730535,-0.006555721788006563
2010-12-01,0.010380558078252538,0.022176218805942113,0.02141371889067258
2010-12-02,0.0033551336675673683,0.012981841079230018,0.012139787741168154
2010-12-03,-0.0023598243328955193,0.002548150505927291,0.002427095931377888
2010-12-06,-0.004017911296233155,-0.0014415942147579946,-0.0009782883971629264
2010-12-07,-0.005070127881642032,0.00039462824729462825,0.0011072735006015953
2010-12-08,0.007895499339174774,0.004116486876357646,0.004996006589891065
2010-12-09,0.0033083800237955433,0.0054532500000000015,0.004727519827582575
2010-12-10,0.0014410127162763136,0.005691812647559695,0.006111885256038376
2010-12-13,0.0014669748196103397,0.0009302813765182311,0.0010406205986281303
2010-12-14,0.0033544970654515744,0.002185711422700101,0.0014851311112799514
2010-12-15,-0.007809662015087709,-0.006131714684577149,-0.004704122790820265
2010-12-16,-6.219192959577628e-05,0.0042309268099953844,0.004818297875671896
2010-12-17,-0.004454738594302962,-0.0002414849145040454,8.693288520410003e-05
2010-12-20,0.0038617672681976077,0.0021728426320997323,0.001723784543580352
2010-12-21,-0.005107033711070686,0.006347324726030789,0.00606068547647847
2010-12-22,0.0024822445333598773,0.0033518674223571637,0.0037941365559565564
2010-12-23,0.0023963813421677273,-0.0015585743661107245,-0.0010373809451613644
2010-12-27,-0.0028790957527368927,0.0017906940772329254,0.0011163385842286684
2010-12-28,0.004803703127317189,0.0011271744936538436,0.0015598958352145192
2010-12-29,0.0010797682525913522,0.001081592375655555,0.0007885909156724631
2010-12-30,-0.0019359053024654938,-0.0009921103896963959,-0.0017434625050084594
2010-12-31,-0.0016193372633418338,0.00011676382376228757,0.0001323427665762549
2011-01-03,0.01312676304457379,0.00993323511476686,0.011197898131889652
2011-01-04,0.004161311564154635,-0.0013790671698764145,0.0010527900887887715
2011-01-05,-0.00011438009288423902,0.006053624229515854,0.004974007683646123
2011-01-06,-0.005200531738766125,-0.002961036649793361,-0.0018158689217044432
2011-01-07,0.005588793236587211,-0.0016698049755455317,-0.0022155382547682156
2011-01-10,-0.005164582600442784,-0.0016345699999999997,-0.00215383615968812
2011-01-11,0.003444814306404527,0.004448495029320074,0.003616130371543449
2011-01-12,0.005244107394366269,0.009110220430811505,0.009401058260251253
2011-01-13,0.0030472196771322807,-0.002119663947161119,-0.002400028364405081
2011-01-14,0.004451780271628857,0.006921809022232845,0.007436721458021384
2011-01-18,0.0006398123315540065,0.0017626484008872079,9.211983932672424e-05
2011-01-19,-0.0033239994053498832,-0.011695409494837184,-0.008786799196276753
2011-01-20,0.0019065614582943198,-0.00016262556123506144,-0.00024866205475929456
2011-01-21,-0.0025558697584285362,0.0019675186384463814,0.0027873299162400177
2011-01-24,0.008897855738988242,0.004986797437881394,0.005610962325538115
2011-01-25,0.003006383119372453,0.0007411567789557315,0.0006421150063167998
2011-01-26,-0.00454073963936772,0.0053376161220015286,0.0036455804489792932
2011-01-27,-0.004645172199027557,0.00023778539164999638,0.0011445096612041
2011-01-28,-0.012251901003992304,-0.018077691360306306,-0.017485191143327007
2011-01-31,-0.002002946708967841,0.00690294619624669,0.006568098977157479
2011-02-01,0.009079709846256527,0.01667522197795249,0.017773449524325906
2011-02-02,-0.006758839825037247,-0.0012666179409379938,-0.0023667998627840007
2011-02-03,0.0052959705966463206,0.002216700251404528,0.001595020247071517
2011-02-04,-0.0008551615481930837,0.002153742669745031,0.0012089421565975571
2011-02-07,0.0019657037468326067,0.006367239257342706,0.007050226698363081
2011-02-08,0.007068750452267117,0.005038836018803857,0.004917277613652096
2011-02-09,0.0014216544273403986,-0.00238361,-0.002555214355331565
2011-02-10,-0.001498930318135245,0.0011800772028214173,-0.0012549941198813066
2011-02-11,0.0023814551040548153,0.006217284225024965,0.005093816289866475
2011-02-14,-0.001547335697411234,0.0013459323336115936,0.002788629569852069
2011-02-15,0.004254559820423829,-0.0019844849979635403,-0.002988611998088417
2011-02-16,-0.0004645669478653833,0.0064563928383353855,0.005439962502028278
2011-02-17,0.001957622868957769,0.003552871971827987,0.0028350561183666453
2011-02-18,0.0028204099192601986,0.0016354544200992015,0.0014752334484655976
2011-02-22,0.0017649153400111925,-0.02113374005838881,-0.019402505865550843
2011-02-23,-0.0005283826788392552,-0.007005026803910298,-0.004736258997490692
2011-02-24,0.0017889380686302572,-0.0006092095099588834,-0.0016992456135918196
2011-02-25,0.0040709090639793775,0.010424575790192092,0.008393568201980351
2011-02-28,0.004929045303378942,0.005466826021090542,0.00547419605116594
2011-03-01,-0.010240542341648784,-0.016380998953597854,-0.014930849386212171
2011-03-02,-0.001353329765764059,0.001419304539677659,0.0015063068946678001
2011-03-03,0.012078696992964186,0.01879665078229851,0.0166624787230347
2011-03-04,-0.0046506071365643295,-0.007878457047706209,-0.008075441747216921
2011-03-07,-0.0032775647883137174,-0.008494978562485222,-0.007818911332133026
2011-03-08,0.007827629825172978,0.009343866948787251,0.008954618653227496
2011-03-09,0.004231526359926799,-0.002242489333179045,-0.0013289351915340899
2011-03-10,-0.007097030838242917,-0.018695950561436088,-0.019037813747875772
2011-03-11,0.0027709020480693293,0.0076393500000000005,0.006782311093135391
2011-03-14,-0.010346882019918905,-0.006324251041426677,-0.005528619462510725
2011-03-15,-0.009952671645949577,-0.011261808977479285,-0.011647762584854808
2011-03-16,-0.014207843598083077,-0.020109609998449993,-0.021872161224576032
2011-03-17,0.0032080326251406107,0.01424455195344263,0.014381035223931865
2011-03-18,0.006107668792842306,0.004052672997822985,0.004025735581178235
2011-03-21,0.004406389763677171,0.015269608078862103,0.015486012231370883
2011-03-22,0.0020995811981942367,-0.0033575001968538737,-0.0029621404487950574
2011-03-23,0.0023751672691354007,0.003806867898922797,0.002943798134988696
2011-03-24,0.005929410920497678,0.008995701086623233,0.008531659115889623
2011-03-25,-0.0008421528772812735,0.0016036689085219284,0.0027727931301938106
2011-03-28,0.0016766974643150942,-0.002038173494263297,-0.0019092433098164248
2011-03-29,0.004388237887616895,0.00689850578440552,0.006713728086768747
2011-03-30,0.007887160783661931,0.005398362450972797,0.005844625233662736
2011-03-31,-0.0027595352898913176,-0.0011993203408826435,-0.0023865867752932753
2011-04-01,0.005443915021513236,0.004269784154089377,0.0038593552359356812
2011-04-04,0.001044806884415605,0.0008009623592608509,0.0006693399293530582
2011-04-05,-0.001508664835726038,0.00026625187133481296,9.350921811409699e-05
2011-04-06,0.007958452006487298,0.0022351671397121005,0.003320002291167112
2011-04-07,-0.0007446795487952325,-0.0020602788516522383,-0.0011234427284834826
2011-04-08,-0.00328212151423025,-0.0035953478290082176,-0.003073777626905011
2011-04-11,0.005626759310376459,-0.0029352899999999993,-0.0026601591770779084
2011-04-12,0.004468588331971663,-0.007456701353495904,-0.00790795285945733
2011-04-13,0.0037839151103489024,-0.0003313600338467077,-0.0005992904827158528
2011-04-14,0.008346478523796204,0.0007885661711554737,-0.00028180538604994065
2011-04-15,0.00976373431695128,0.004009044442469638,0.002289880624122418
2011-04-18,-0.004951588564176659,-0.0117443696048884,-0.010554701381071414
2011-04-19,0.001721446051260008,0.004903953478760312,0.00572866331988553
2011-04-20,0.007655069854127541,0.012993067539015881,0.012273776243205694
2011-04-21,-0.002146570919420648,0.005364382859764494,0.004457793657997506
2011-04-25,-0.005571134590055698,-0.0027450730875873794,-0.0014249204430962874
2011-04-26,0.0077041249632742986,0.009889381632789542,0.009109641689876408
2011-04-27,0.007547047219693306,0.00641782176330685,0.007121229745254295
2011-04-28,0.002978014618944006,0.004604810009601518,0.003152842735948205
2011-04-29,0.000650017671414529,0.0030444553083110635,0.0029410199640261684
2011-05-02,0.0038914519314637522,-0.001278121103537996,-0.001878714339455619
2011-05-03,0.003929297694342561,-0.0025017746206908793,-0.0016488904374723926
2011-05-04,4.30313252674028e-05,-0.008099491078665323,-0.0064638571767733155
2011-05-05,-0.00872885479485733,-0.009380500410780397,-0.011301707622719061
2011-05-06,0.010867259122432372,0.004394313852485941,0.003429147782062088
2011-05-09,0.0016031013348804413,0.005458727562402346,0.0035568009110565897
2011-05-10,0.005805557725698021,0.007461177217182848,0.006865573017568848
2011-05-11,0.0015827381087240757,-0.011060509999999999,-0.010133687483897513
2011-05-12,0.013690409345720942,0.004712903882167755,0.0043648559765531525
2011-05-13,0.00023118926433838657,-0.007342972354931521,-0.007809885770204192
2011-05-16,-0.005756029727530943,-0.006042853199429575,-0.0066764525754996525
2011-05-17,0.004581342090004913,-0.0010075295991554374,0.0005348931176246815
2011-05-18,-0.002568362254141805,0.00913421759141766,0.007579443144972296
2011-05-19,0.004567786768077742,0.0014447448802009306,0.0020563015276879523
2011-05-20,-0.0018338662599793549,-0.007705776328775541,-0.008212208783952863
2011-05-23,-0.004712514605753102,-0.012003612301428613,-0.011167489580778482
2011-05-24,-0.002975488662330813,-0.0008085824255575705,-0.0005586257013802452
2011-05-25,-0.005944938297341506,0.003975761847135669,0.002770367023439231
2011-05-26,0.0009890326139774764,0.0037799006834065923,0.0032267699199168007
2011-05-27,0.0011400053756705228,0.0043919367553359664,0.004409897317434807
2011-05-31,0.00749524047988961,0.010129850691238937,0.0113819334238457
2011-06-01,-0.011332723367786629,-0.02347918859960027,-0.02176788719207695
2011-06-02,-0.008575317980948445,-4.7041189242470475e-05,-0.0017804970225571396
2011-06-03,-0.0078049125867950455,-0.009639551036044807,-0.008455242388268674
2011-06-06,-0.00048463178325798854,-0.010476104488196832,-0.009975183140905074
2011-06-07,-0.0022977707954455963,-0.0007521851789828508,-0.002577027235895238
2011-06-08,-0.0012775814116842597,-0.0033837866059007096,-0.0019270931420935053
2011-06-09,0.0034816292290794264,0.008839369352105839,0.007456814768261678
2011-06-10,-0.009864688446499136,-0.013913340000000001,-0.012838820012393672
2011-06-13,0.004180133678237061,0.000491031272150056,0.0020362032171963237
2011-06-14,0.006260575596247117,0.012234504404562016,0.010810291398345715
2011-06-15,-0.007899381467876521,-0.0180400088639483,-0.017483364594881323
2011-06-16,0.00488026049083004,0.0021428290890975646,0.0027686290450002647
2011-06-17,0.006511116981432278,0.002248369397881944,0.0022339814927356465
2011-06-20,0.0063009633266271165,0.005717431497789443,0.0044267765483141435
2011-06-21,0.0014991767343044268,0.01243334853236647,0.012192266088603035
2011-06-22,-0.004386293625658799,-0.006606575847289307,-0.006648955802419425
2011-06-23,-0.004673603688002934,-0.0027176447603367696,-0.003009280872067603
2011-06-24,-0.006174960579668324,-0.012061712742102286,-0.012875668748188594
2011-06-27,0.0029206517257937877,0.008189711052144947,0.009862767682314698
2011-06-28,0.012696615940817032,0.013998225343867667,0.012669609126796866
2011-06-29,0.002202412865779312,0.011518132900419977,0.008962527149553407
2011-06-30,0.0061845869949828085,0.011025584325700393,0.010862890133099552
2011-07-01,0.012302533846542441,0.014384374677934193,0.013709276308429717
2011-07-05,-0.00011678786916581355,-0.0011702083887488277,-0.0002497568535068141
2011-07-06,0.005158660916352588,0.0009724342358341343,0.0016021838282508692
2011-07-07,0.009165106240071092,0.01164179564899034,0.010758064459743215
2011-07-08,-0.005611597424903106,-0.007774591605442514,-0.005988167052344016
2011-07-11,-0.005798857057003208,-0.019454701357015533,-0.016751083721189077
2011-07-12,-0.0017807748272262748,-0.005609960000000001,-0.005021456185678043
2011-07-13,-0.0006317306147944618,0.0032577186800362558,0.003789173770803328
2011-07-14,0.0008426097541917755,-0.005483372069247769,-0.0046826132213849125
2011-07-15,0.0005541176095646358,0.004414790390824129,0.005465914452630287
2011-07-18,-0.006761350829987349,-0.008377497233074465,-0.0061947186739146004
2011-07-19,0.00923361833417549,0.015324010892145867,0.016013300749298534
2011-07-20,-0.004817009422599015,3.020699099154916e-05,0.00021906972829605916
2011-07-21,0.014267281234067805,0.014356855462822084,0.013541833839718477
2011-07-22,0.00041397635774772536,-0.0008013674707663436,0.0010425227908877088
2011-07-25,-0.00734485976979595,-0.004767325575314782,-0.0048945287939057254
2011-07-26,-0.005141806795235655,-0.00509817304777113,-0.0038851445005939986
2011-07-27,-0.007355655571785334,-0.019799808775960055,-0.018387696516872835
2011-07-28,-0.0007578710975550985,-0.0010787878124150876,-0.0023068322252570253
2011-07-29,-0.006293267881641721,-0.0068761459371463,-0.00766312976643619
2011-08-01,-0.008803013673869941,-0.0034856203420766435,-0.0019423963217150126
2011-08-02,-0.010879116276581188,-0.02584275479949702,-0.023559576915428357
2011-08-03,0.0025412517440285875,0.006193986046526244,0.005456793039746216
2011-08-04,-0.027048379123130167,-0.04862956045913107,-0.04553622723423018
2011-08-05,0.02227980538712577,-0.0015809251164537147,0.00024581134235891256
2011-08-08,-0.0419602277196248,-0.0668747217313901,-0.06253361928792119
2011-08-09,0.016082036925183764,0.04758891162393158,0.044856836911898214
2011-08-10,-0.03491851237152951,-0.04583164000000001,-0.04469116278783791
2011-08-11,0.04589392567549049,0.04698254025583075,0.043777975532589185
2011-08-12,0.009511530671617698,0.0050370651053128325,0.0048522156252438576
2011-08-15,0.01138332347437244,0.021851086117964064,0.02102735234969201
2011-08-16,-0.00044360255112729243,-0.008278163025489229,-0.007971952024160275
2011-08-17,0.0039609260785539065,0.0005142874297550165,0.002200297017988657
2011-08-18,-0.017954534813634855,-0.04561418401255678,-0.04142652808021779
2011-08-19,-0.0031733584116888152,-0.015392606113318405,-0.015263350805924746
2011-08-22,0.0022613152291732397,-0.0004526439162378217,-2.0208100972678932e-05
2011-08-23,0.022090276564924457,0.03253621456015846,0.03322909626703986
2011-08-24,0.00567989550721897,0.014578137802311097,0.012226974395204485
2011-08-25,-0.00882354984620524,-0.013906346385428345,-0.01350307025882586
2011-08-26,0.008694921163660909,0.01424515656301574,0.013392273690963963
2011-08-29,0.01904721832948379,0.026857109536143713,0.025316881622946142
2011-08-30,0.007951640041315867,0.0028178493978372114,0.002006650013446704
2011-08-31,-0.0016676097276498766,0.005785879640273051,0.0041194061328399135
2011-09-01,-0.0034689450930125575,-0.011534984956109936,-0.010919921311063906
2011-09-02,-0.014154990319008161,-0.02484417451529923,-0.023157268804504486
2011-09-06,0.00209124924529341,-0.006941404917362743,-0.0069108052327531136
2011-09-07,0.020192870324933127,0.02856269480066552,0.02610031128669045
2011-09-08,-0.01106085492683767,-0.010389596508635631,-0.009445791376723515
2011-09-09,-0.013054824962656123,-0.027078870000000005,-0.0259957883367097
2011-09-12,-0.0054585411987981254,0.0066001830994666544,0.007152849838934844
2011-09-13,0.0059114143145760625,0.009443743968576815,0.008009420281730847
2011-09-14,0.00580261975791961,0.012883693561566234,0.012736412746587988
2011-09-15,0.0069551863605404034,0.019554102836648497,0.018089661226386257
2011-09-16,0.015959592163092784,0.006171755958910646,0.006788493588029421
2011-09-19,-0.0007170534506937816,-0.010644752658143537,-0.008416404683180338
2011-09-20,0.027460136663654,0.0005351148710216487,-0.00019238100231623354
2011-09-21,-0.024708892029754802,-0.03045038022891132,-0.02619136211160478
2011-09-22,-0.025936825641185907,-0.03546890748588955,-0.03215805459841554
2011-09-23,-0.01086916471941238,0.006199779515876119,0.005685468698045049
2011-09-26,0.016751933056991283,0.023982497178963343,0.023200102349396214
2011-09-27,-0.004912293658173583,0.01034123189535186,0.009385172533480486
2011-09-28,-0.018926154842903865,-0.021024895604372575,-0.017094418780942842
2011-09-29,0.013926362007393925,0.007370230375605895,0.008778644514609624
2011-09-30,-0.00441801720103613,-0.026050186814210258,-0.023361448321923266
2011-10-03,-0.004682117456680643,-0.027514098945939272,-0.02546018452647357
2011-10-04,-0.012344513999380172,0.022275121329898402,0.01901639908692062
2011-10-05,0.011632998523022017,0.02054273964181139,0.017524880244075086
2011-10-06,0.01482907861442484,0.019736379159418886,0.016054377783491097
2011-10-07,-0.004040494845774766,-0.007075359414890106,-0.005635087282233164
2011-10-10,0.02628961099192049,0.03423516,0.033518003235664826
2011-10-11,-0.009168681429491754,0.00012931928169991808,0.0007946773786458943
2011-10-12,-6.194224283727989e-05,0.00974038454579361,0.009720869596983556
2011-10-13,-0.006253466321501558,-0.004396592791271699,-0.003092378717776186
2011-10-14,0.026514970787464256,0.01769538914616121,0.017966719896959464
2011-10-17,-0.007452458193948168,-0.02001820377201033,-0.018356444249129817
2011-10-18,-0.0017456002315546382,0.02250477274242006,0.019038792402773196
2011-10-19,-0.023935167085166985,-0.012966444469275248,-0.013081499690604664
2011-10-20,-0.0010828767597266479,0.004613174922150154,0.0039524587806614815
2011-10-21,0.01607213783809272,0.01909854873096289,0.01548582331699207
2011-10-24,0.001974448463712611,0.011801276748964262,0.010376254174529037
2011-10-25,0.002781803415105214,-0.019644776610550765,-0.01804038240055556
2011-10-26,0.00864788081208358,0.009826598205056901,0.009446155728318152
2011-10-27,0.010268944244630021,0.0358506059073964,0.03131986860989833
2011-10-28,0.014301695021559443,0.0005867728592036528,0.000363066831294584
2011-10-31,-0.016025954657239615,-0.025724792980792898,-0.024256966925605025
2011-11-01,-0.017041416249110916,-0.02889792520379745,-0.026857266194699445
2011-11-02,0.014046487310786813,0.01690099909986368,0.014886431777734003
2011-11-03,0.026449333124780403,0.01903335398527551,0.01873329080248215
2011-11-04,-0.001731916729409862,-0.007269620582882252,-0.007495556899866003
2011-11-07,0.02441259756488576,0.007602104810634827,0.007569337896823695
2011-11-08,0.0056681183247557915,0.012957600000000001,0.013000872605391582
2011-11-09,-0.020273687811289184,-0.03712290360956865,-0.03502545170453529
2011-11-10,0.007690073678285767,0.009921847241929805,0.008231903378862643
2011-11-11,0.010842356624279268,0.020358532788973854,0.018282893804787443
2011-11-14,-0.008411884345501715,-0.008840734673945423,-0.008635866078055806
2011-11-15,-0.0008006328409878946,0.004508866058828827,0.004557793796018944
2011-11-16,-0.010810931887610597,-0.01703689215128306,-0.016055658014480903
2011-11-17,-0.006274003965832371,-0.016369898844799176,-0.014588972192004857
2011-11-18,0.0013000700830546775,0.00016027111047275177,-0.0006282359721135421
2011-11-21,-0.006022698510929082,-0.019463017317845725,-0.019176559454095254
2011-11-22,-0.005403673454792593,-0.0038364336255219582,-0.0031687216189162652
2011-11-23,-0.01249713011025584,-0.020933814493183305,-0.020858021863662438
2011-11-25,0.003900720563906757,-0.002109412649174164,-0.003145301008754322
2011-11-28,0.010283664222845912,0.02957821432321507,0.02839073322082621
2011-11-29,0.008687416204639864,0.003734656838402879,0.00371337230079283
2011-11-30,0.022472206266111742,0.044791297356234765,0.04250014735474567
2011-12-01,0.0017549153590535826,-0.0021841977178753322,-0.0016008987714014105
2011-12-02,-0.008864023737014622,-0.0003566613875631684,0.0007907387026171928
2011-12-05,0.007417073138489541,0.010491364573056123,0.009914027831143781
2011-12-06,0.009587712294668658,0.002007338582405891,0.002405015325998294
2011-12-07,-0.0030727244172012932,0.0036531901332920247,0.003690441700736413
2011-12-08,-0.008965516443018426,-0.02241124,-0.01916659807102061
2011-12-09,0.012556204343595109,0.01735279358925935,0.01649197694607605
2011-12-12,-0.007532990456448001,-0.015510849199210525,-0.014006950833083879
2011-12-13,0.0009857566788168187,-0.008920553652432226,-0.006257126529293884
2011-12-14,-0.004157349743293029,-0.01071936088095622,-0.010520067387398238
2011-12-15,0.012343469362235942,0.0029641914747553033,0.0026526478840621253
2011-12-16,-0.0024294106500595074,0.002771559019117261,0.0030536981931515057
2011-12-19,-0.00124215585297941,-0.012494967755381727,-0.010401158880910878
2011-12-20,0.019314330877898318,0.030138303849181595,0.02833333871771428
2011-12-21,0.008329741427615988,0.0021592191583157693,0.0008732334849716082
2011-12-22,-0.0016785223429467947,0.006640153345524022,0.007280534605407779
2011-12-23,0.004726445136857691,0.008899930521019022,0.009672875909645119
2011-12-27,0.010484836575662087,-0.0010127567628658123,-0.0006294788727044326
2011-12-28,-0.004455622471735212,-0.012574578721544483,-0.011209557470191023
2011-12-29,0.005758421897379186,0.011166718392406398,0.010568570389254683
2011-12-30,-0.005419079775122282,-0.003959307120773858,-0.0040827343191847856
2012-01-03,-0.01903267342878082,0.016284666257378115,0.016407490489467925
2012-01-04,-0.00040515947395001957,0.000795097484576166,0.0012800635618736595
2012-01-05,-0.0025797540145788764,0.003142433748117318,0.002099682330717573
2012-01-06,-0.009961005657622387,-0.0028006828688196023,-0.002694629782961037
2012-01-09,0.0070483960014353945,0.002935083700221941,0.0018238954303154836
2012-01-10,1.4849003942637574e-05,0.01095771,0.0072520176485833384
2012-01-11,0.003560901294398498,0.0024554228777482687,0.0008733338281469642
2012-01-12,0.001042874047328502,0.003883948390457029,0.0017735616823477335
2012-01-13,0.002598491499031979,-0.006400488830862479,-0.004629278284121906
2012-01-17,-0.0006127654728381876,0.0037951899767447914,0.0033330976177394127
2012-01-18,0.0049254908284450324,0.012588324478999257,0.010727322195990197
2012-01-19,-0.007832843586944447,0.0047543279011807585,0.004055157553370351
2012-01-20,0.0057792803390371095,0.00027411525357755204,0.002181961198719301
2012-01-23,0.0004418699294931803,-0.00024562623714880806,-6.321701976900299e-05
2012-01-24,-0.01025041487587484,0.00030365413222907187,-0.001851165312460612
2012-01-25,0.0058333122558448785,0.00823128591158703,0.008688891057197773
2012-01-26,0.002915819966637629,-0.004212062698200383,-0.004918036822381957
2012-01-27,-0.008493429432221894,-0.0006377134799905712,-0.0018970804419186334
2012-01-30,0.001573457465379492,-0.001664160221008603,-0.0007634391677149855
2012-01-31,0.008580026172652789,0.0008528064020884,-0.0007215989488920562
2012-02-01,-0.0014251623376743247,0.009344317824166943,0.0076101365224238125
2012-02-02,-0.009114009020190838,0.0014780828217840403,0.0007451599052334257
2012-02-03,0.002911500409060532,0.015385136204639998,0.013686188815237789
2012-02-06,-0.0029169269128946425,-2.377100398448082e-05,0.0009040953935135356
2012-02-07,0.005479785758858133,0.0005993825948792228,0.0020510451588031877
2012-02-08,0.0019281150332616749,0.0019074553076960693,0.0025855518742216306
2012-02-09,0.003966499831386093,0.0008043400000000001,0.0018109300121424226
2012-02-10,-0.002292346929365166,-0.006646869909766778,-0.006398055236532573
2012-02-13,-0.0022821857875913835,0.006622511354381769,0.007314561600017823
2012-02-14,0.0018378510779049062,-0.0025503823149461186,-0.0009709073243078534
2012-02-15,-0.006070311917279676,-0.004881307195083576,-0.006522496957605965
2012-02-16,0.006533652840380298,0.010211724927219808,0.010816914715145017
2012-02-17,0.0005048252150173108,0.0019127971699377693,0.0027220882920044142
2012-02-21,-0.004963967422345031,-0.0003198877264327791,0.0020395553492958654
2012-02-22,0.0013502922904245075,-0.0032065193357248417,-0.0035102006265806066
2012-02-23,0.0025076217898731944,0.0036638397572521645,0.003945527442997059
2012-02-24,0.006582089170248281,0.0013379632711355254,0.001941033438221056
2012-02-27,-0.0012539073053585564,0.0011286640362286192,0.0016818956748468443
2012-02-28,-0.0008271876924834168,0.004065072915284772,0.005417232139051224
2012-02-29,-0.0018041984183926956,-0.005881669415002194,-0.003953836072845249
2012-03-01,0.0017079426271255308,0.006626111650451383,0.006060535559551525
2012-03-02,-0.0016239845415998546,-0.003127346878148936,-0.0020879086741706584
2012-03-05,0.0010978880905124693,-0.0037943734483689186,-0.0032727576397564616
2012-03-06,0.004425786924920112,-0.01590764714128089,-0.014265576822477024
2012-03-07,-4.6757811678583103e-05,0.007542277036523663,0.006738545366810464
2012-03-08,0.004721168967907668,0.010028648230313643,0.008673809208445097
2012-03-09,0.005016098434538872,0.0031555890422914983,0.0023034594886341382
2012-03-12,0.004851952382763988,-0.0011524000000000003,0.0015935649198324281
2012-03-13,0.003163483137407703,0.018206200257316535,0.01884842339485641
2012-03-14,-0.008001055721556042,-0.0031224624753775137,2.5078314865162683e-05
2012-03-15,0.0012811009261437835,0.006025872325234402,0.004856613726634586
2012-03-16,-0.00720060205617493,0.0016201633566259438,0.0009398260121990974
2012-03-19,-0.003199295810132733,0.004405925492965893,0.0049016030063051465
2012-03-20,9.721836946664742e-05,-0.0030931770295496716,-0.0015657140112939332
2012-03-21,-0.002424891740796833,-0.002295617249244271,-0.002792206401125604
2012-03-22,-0.00042839907676022084,-0.006778016069251537,-0.006048416248996098
2012-03-23,0.0011337940972284864,0.004222275975035481,0.0029176718850465887
2012-03-26,0.01060448926601128,0.014236685786271653,0.014122590658616213
2012-03-27,0.0028854624807762405,-0.004060208715189927,-0.0025956491065470414
2012-03-28,-0.0030713620092241187,-0.005359812740106317,-0.0035381620769337073
2012-03-29,0.0043291495503937774,-0.0014487398063542927,-0.0021847663850755677
2012-03-30,0.003220144570062065,0.005359210780613736,0.0036225614590366015
2012-04-02,0.003600673702057119,0.00650897925797189,0.0070866691467616535
2012-04-03,0.0020330708510529817,-0.0035577351246372066,-0.0034007298007260526
2012-04-04,-0.005361357063146785,-0.00978573136889153,-0.009718659762417692
2012-04-05,7.929543128564037e-06,7.669767973363945e-05,0.0004965263146509487
2012-04-09,-0.005355893330084403,-0.012278821881446416,-0.010301709166696576
2012-04-10,-0.010078959834983884,-0.017482067105438596,-0.016313352438294244
2012-04-11,0.003622051385939399,0.008528870000000001,0.006868089392178027
2012-04-12,0.003587260654373395,0.016013062674378378,0.012917779224284687
2012-04-13,-0.0032019103798309177,-0.01109155605415246,-0.013154166134100883
2012-04-16,0.007384812971774297,5.0041428267425325e-05,-0.0006249241153143331
2012-04-17,0.006098912770344808,0.01397529307493995,0.01627137462877355
2012-04-18,0.0006958903668164189,-0.0026952027647139365,-0.0037506613650667145
2012-04-19,-0.004212402624115696,-0.0042172077266178975,-0.0071582553301149585
2012-04-20,0.007399454063976606,0.0019018393782142407,0.001684141673879247
2012-04-23,-0.005116110877125136,-0.008658738134509281,-0.008177419106304947
2012-04-24,0.006573140067196958,0.004853205633048833,0.0036360791350561555
2012-04-25,-0.0014512946874352852,0.011008713976460397,0.014077306595999288
2012-04-26,0.008030039342164145,0.006464689643220525,0.006460758518287608
2012-04-27,0.0024856246117675412,0.0039932567365031976,0.0026666101234483768
2012-04-30,-0.0014667203389926583,-0.0029439641096278917,-0.0041641083983725265
2012-05-01,0.0020473131828767778,0.004684842498449479,0.005120232034505393
2012-05-02,-0.001950304713524605,-0.0016644116052474977,-0.0017529885822421174
2012-05-03,-0.00468294558353785,-0.009148818966879987,-0.006727324177408945
2012-05-04,-0.0012323950552458754,-0.01651880526996083,-0.01661911231601951
2012-05-07,1.4774525314026686e-05,0.00019716106972510205,0.000775684143020476
2012-05-08,0.001604147096549104,-0.0035560318642570933,-0.003553217331124921
2012-05-09,-0.005846992415879302,-0.007605489364834163,-0.007068163478555726
2012-05-10,0.004003982153363405,0.00355677,0.0034959699066206616
2012-05-11,-0.007394229126101573,-0.00415454248615153,-0.0039702324173736675
2012-05-14,-0.004143593070416209,-0.011125321913418298,-0.011098750662876982
2012-05-15,0.00012585191764234849,-0.00480849622446043,-0.004470484941056818
2012-05-16,-0.0003069682365037271,-0.004695704896007238,-0.002806172685152695
2012-05-17,-0.008435334872835255,-0.015558687816996798,-0.012707879861585843
2012-05-18,0.0008701701552063098,-0.0077710626817005775,-0.007097429270230336
2012-05-21,0.0007744556326437523,0.013903702137052575,0.014033981662088715
2012-05-22,0.0024038572636531745,0.0008633542063147307,0.0005181370669675452
2012-05-23,-0.003032205092700412,0.0011858911714781263,0.001450493209439869
2012-05-24,0.004102739508103272,0.0028411151341929575,0.001880760707189112
2012-05-25,-0.00034589436501745226,-0.0030543079330542042,-0.0036169511522901087
2012-05-29,0.004418820761585024,0.011838909832067207,0.010725757979988924
2012-05-30,-0.004916486758759552,-0.014468141797986004,-0.012106643348848475
2012-05-31,0.0004904032653132574,-0.001762869021156996,-0.0012779540546622573
2012-06-01,-0.006769596649254733,-0.025495678277018277,-0.02327258160719035
2012-06-04,0.001336669865315845,0.0015684403167790693,0.0012949166063159425
2012-06-05,0.002220407119745049,0.005552940343929946,0.00372467523087374
2012-06-06,0.01913703085431004,0.023986698932539203,0.023232746928159884
2012-06-07,0.006384008246286412,0.0008423670938705612,0.0008143010140824589
2012-06-08,0.002112417075394777,0.007382919583677888,0.008778515558447244
2012-06-11,-0.004366343015030343,-0.012305319999999998,-0.011554119357105269
2012-06-12,0.0017871498108400416,0.011385699346654373,0.011237544024577687
2012-06-13,-0.002042629673569485,-0.00664640969343097,-0.00482658668490802
2012-06-14,0.009389200746456371,0.011551464573786346,0.010986129504753132
2012-06-15,0.003917898407445791,0.010001713472624922,0.00964561398686435
2012-06-18,0.00214510187610215,0.0008740678950006055,0.0009877627734451427
2012-06-19,-0.005016301028169099,0.010518873164559121,0.009283695979063306
2012-06-20,-0.013107097772228621,-0.002110658176047828,-0.0008733070653179654
2012-06-21,-0.006566948312066028,-0.022447152579133014,-0.020701625538310047
2012-06-22,0.00462600219013519,0.00796289820177921,0.0074026508457344245
2012-06-25,-0.0046262236044903515,-0.016327874062149687,-0.01479722377356673
2012-06-26,0.0013682356789996859,0.005461350949980591,0.005222182104728752
2012-06-27,0.007717778287083439,0.008739845804925643,0.008752050551370428
2012-06-28,0.0013596965304936068,-0.003178844173959671,-0.0031369445450903847
2012-06-29,0.002883015683753557,0.024991387268562492,0.024269180769913207
2012-07-02,0.006523361817839395,0.0018129863254949983,0.002469414842805756
2012-07-03,-0.008198647807155006,0.0057173882707873104,0.005443318757409992
2012-07-05,-0.00215022613119723,-0.005701535445706678,-0.00449946877105652
2012-07-06,-0.013326794075222765,-0.00860986683424564,-0.008074941452116045
2012-07-09,-0.0028698827733054655,-0.0016444290461829249,-9.493491269699307e-05
2012-07-10,0.004790845805151196,-0.007038109842246557,-0.006785597335842559
2012-07-11,0.003952084899880663,0.0004100199999999999,-8.335087082302079e-06
2012-07-12,-0.002751651011585571,-0.004937650823899186,-0.004989349720825413
2012-07-13,0.012188930985154804,0.01666529769425741,0.01654786550722924
2012-07-16,-0.0033091964372249597,-0.00215596721064049,-0.0017692104181855003
2012-07-17,0.0023866818413523375,0.00793062707394185,0.007206073676895308
2012-07-18,0.00468114751693712,0.006822368922644204,0.00598591451490437
2012-07-19,0.006237789835090848,0.002505612647999035,0.002486034538669419
2012-07-20,-0.0013390370509971316,-0.010018729395124803,-0.008554354190241458
2012-07-23,-0.005347782500662069,-0.010597009239976217,-0.008305850107794863
2012-07-24,-0.00808636374850608,-0.008746615463864824,-0.008133591535929881
2012-07-25,-0.0011687122901188026,0.0014879933369073772,-0.0011805367716840073
2012-07-26,0.017474879148602154,0.01694176671316151,0.01613987722403373
2012-07-27,0.019978685453042506,0.01926508724681295,0.01833863744131102
2012-07-30,-0.0023761881865344385,-0.0009921756642780877,0.0004120185522834574
2012-07-31,-0.00913335352078283,-0.00682173259919513,-0.003095690688848763
2012-08-01,-0.006471417868866316,-0.003639494424410974,-0.0027391389542703506
2012-08-02,-0.0060364030706356615,-0.006348351325194445,-0.006735095851675529
2012-08-03,0.012236914201213273,0.018252237057738784,0.01746137419764992
2012-08-06,-7.142698655764564e-05,0.001435661423013357,0.0019524937460901406
2012-08-07,0.0005945169149615494,0.004880777482114777,0.002869124555477999
2012-08-08,-0.00969279762992446,8.849667166542375e-06,0.0007470044525305876
2012-08-09,-0.0019538702740912713,0.00012426999999999997,0.000660911675117612
2012-08-10,0.000675099668459771,0.0026559522464043393,0.002468664613911124
2012-08-13,-0.0008056630549872114,-0.0016242071772966623,-0.0006373335056461187
2012-08-14,-0.0020108583112452183,0.00034454633943725363,0.0010979316702897255
2012-08-15,-0.0033333272384311326,0.0008363058219922964,0.0004728760045463738
2012-08-16,-0.0036123994488099468,0.0067265963110450105,0.006476359851024532
2012-08-17,0.00036751162592312344,0.0015212724775162923,0.0014950029904359369
2012-08-20,-0.0016139209542837595,-0.0007711144022203452,0.0007651523756481394
2012-08-21,-0.0038648656025407025,-0.0023839598057400226,-0.0042366121170422325
2012-08-22,0.0031999308065032107,-0.0003536294384371898,0.0007013565665556616
2012-08-23,-0.009775912259952517,-0.00791439844537906,-0.007489852691783929
2012-08-24,0.007785491494381603,0.007062102671459775,0.0070966429605947646
2012-08-27,0.0014759717412588696,-0.0009336874095509774,0.0001324140911065447
2012-08-28,-0.0022231143822490974,-0.001342415085329344,-0.0008782577164329209
2012-08-29,-0.0027030984488602707,0.0010818644924896323,0.000547178689452198
2012-08-30,-0.0048473045489856054,-0.007548277662977768,-0.0080373727765198
2012-08-31,0.0004994799321209468,0.00562607803371378,0.0052304746629831
2012-09-04,0.0022853316633335073,-0.002234216037467997,-0.001054513512638103
2012-09-05,-0.0020004541091503875,-0.00046458742706760234,-0.00023449419105820566
2012-09-06,0.015347555536644835,0.020596510987977552,0.019920327724154467
2012-09-07,-0.0006612482485563173,0.004276482601255425,0.0027493497135467246
2012-09-10,-0.0019430007778595988,-0.00576144,-0.00662830370397139
2012-09-11,-0.0040069836219714565,0.0032632794554658994,0.002623469039940528
2012-09-12,-0.0017547057561800143,0.0017167101613576438,0.0021472008298192022
2012-09-13,0.014437262290632096,0.01736467446214817,0.017504602113570474
2012-09-14,-0.007685594634435096,0.003487895048301907,0.002760544908835804
2012-09-17,-0.004489612683526736,-0.0032398908005804123,-0.0014472649124848372
2012-09-18,-0.0036785560212064107,-0.0013035822462523973,0.0001798461369580545
2012-09-19,0.004295181572951006,0.0012783220360936516,0.0008710164944040388
2012-09-20,0.0018511780409830455,-0.0010912425162879944,0.0007512629307406069
2012-09-21,-0.002163602006104936,-0.000995908659755563,-0.0006520492899336634
2012-09-24,0.008868213873493395,-0.0013852540510345208,-0.0015705017536300505
2012-09-25,-0.002654686567550424,-0.010111964495609678,-0.009485021961368396
2012-09-26,0.00025229802750424094,-0.0053946187273644875,-0.005356808311707408
2012-09-27,0.003490312586459389,0.009177804543027416,0.009394219542999117
2012-09-28,0.0017513202911345529,-0.004127503986802241,-0.005270060704620967
2012-10-01,-0.0021135779410678354,0.004312421103100674,0.003346665805461128
2012-10-02,0.0005346810465547248,0.0010621748163584309,0.0006448524932320693
2012-10-03,0.0022317165835015387,0.002467112805479998,0.0046392764241618405
2012-10-04,0.006326353727281463,0.00849003503569893,0.006774463697354194
2012-10-05,-0.003127417852266064,0.00015401757957412974,-0.000537278869030757
2012-10-08,0.0006431648095985216,-0.0020505787150873135,-0.0038436544023992577
2012-10-09,-0.004847809478539249,-0.01021805,-0.010032820032329623
2012-10-10,-0.002817347436611471,-0.006656867164459808,-0.005953271125992713
2012-10-11,-0.003957013851247921,0.0007874151878020618,-0.0012840059059819975
2012-10-12,-0.002550368066144269,-0.003107919751426344,-0.00215805572152789
2012-10-15,0.004462587622811425,0.008376494486685867,0.008330677539951377
2012-10-16,0.004446867086328469,0.00996510890092216,0.009142086975598141
2012-10-17,0.010840240441175198,0.005174576946508799,0.003509379691897051
2012-10-18,0.005098338867048314,-0.002042128185182196,-0.0044210620080495
2012-10-19,-0.006194539076679927,-0.01590503793263244,-0.017034137881246837
2012-10-22,-8.978868754529361e-05,-0.0011510267200604838,0.0007510695472875081
2012-10-23,-0.010150483743083796,-0.015145542534991308,-0.01579191583871397
2012-10-24,-0.005553595799299079,-0.0026783471891736496,-0.001804272172536626
2012-10-25,0.0028533050798160904,0.0018779793078701748,0.002043566817247646
2012-10-26,0.0023616321198248885,-0.00031030641998074863,-0.00031871125940428826
2012-10-31,0.006200614017042402,0.0016488910656844479,-0.00029808131839239427
2012-11-01,-0.0037885194812161617,0.011362898932432672,0.00981121213670982
2012-11-02,-0.007221321526268324,-0.006993344610193213,-0.009210832672725024
2012-11-05,-0.015434940057419378,0.001352329339827491,0.0019041890763686277
2012-11-06,-0.003401693727173968,0.007809293223268405,0.006990977918917195
2012-11-07,-0.021637785589754353,-0.021797262430534405,-0.023747966909957934
2012-11-08,-0.0005305050406953975,-0.011260665585615073,-0.012145523994915558
2012-11-09,-0.0047537534876523355,0.0010435999999999998,0.0023140510384378164
2012-11-12,-0.006870173462762037,0.0027604705189364373,0.000548338941131354
2012-11-13,0.00252870295636955,-0.004077239701206427,-0.00476650223178039
2012-11-14,-0.007868528075172293,-0.014920056485045576,-0.01366039651126558
2012-11-15,-0.008763162599999605,-0.0008543093551873082,-0.0026811845086047027
2012-11-16,0.009838549072809465,0.005560520241512,0.004473152965035386
2012-11-19,0.005978451188975658,0.019317820437626972,0.02096634830536032
2012-11-20,-0.0022421096510156333,0.002354951040459836,0.0013243068350109015
2012-11-21,-0.002240918573052551,0.001905478005554016,0.002543700935671512
2012-11-23,0.00363135241873351,0.012839287307321161,0.013646760332563809
2012-11-26,0.006729187945052021,-0.002712783962748601,-0.0014880179717126707
2012-11-27,0.0010333191519514302,-0.004813895955720083,-0.00575999033384182
2012-11-28,0.002105872105580963,0.009182442390344285,0.008626118110422935
2012-11-29,0.010451976827212122,0.0053399809870657644,0.004662688702987606
2012-11-30,0.00784499942141285,-0.00031537913876074336,0.00011419961905220768
2012-12-03,-0.003970644555388309,-0.005083383368269447,-0.004656738282609758
2012-12-04,-0.0034364554842221257,-0.0015535927336324934,-0.0022289643465159704
2012-12-05,0.008032758034784652,0.002858135964060894,0.0003697805191900754
2012-12-06,0.0030610155741259337,0.0022695856021884044,0.0036396047259607354
2012-12-07,0.002863229587654157,0.0042364194862372405,0.002473140667861427
2012-12-10,-0.0005624505686963738,0.0003440334849949267,-0.00042718886482691587
2012-12-11,0.002862741052736366,0.006698099999999999,0.007298968497042252
2012-12-12,-0.0031964198663575493,-0.00018266467158326822,-0.0003192048334817062
2012-12-13,-0.006201412543363148,-0.006079981913941618,-0.006325330229259197
2012-12-14,-0.0022831385402638476,-0.0026430657622650744,-0.005407980584546384
2012-12-17,0.01317794444552643,0.012497073202545951,0.012096534684410128
2012-12-18,0.00622130941962524,0.011573193371218975,0.010796475827695473
2012-12-19,-0.01095975199055354,-0.008022639265652597,-0.008536897202057922
2012-12-20,0.005382999858394609,0.006009191429915995,0.005300690053106579
2012-12-21,-0.0005475576955398497,-0.009503183870765881,-0.009807642671424685
2012-12-24,-0.001755673742616551,-0.0013304403808947858,-0.002258935616489442
2012-12-26,-0.008592641225556431,-0.004139048296944042,-0.003995019095624512
2012-12-27,-0.0015836412124779476,-0.001210793055390364,-0.0012615120662426297
2012-12-28,-0.010059014772360373,-0.010725975787391115,-0.011307516325525633
2012-12-31,0.012422321939789942,0.015815309650967686,0.015980983141664986
2013-01-02,0.019770146403505225,0.026911914396170522,0.026978825321812328
2013-01-03,-0.0010126290203384316,-0.0012418756027404905,-0.0025147016527796552
2013-01-04,0.006449814338545981,0.006149807682487957,0.0033678027649815304
2013-01-07,-0.009025178362593114,-0.0013773982438461177,-0.0020877752015729797
2013-01-08,-0.0032218424938254262,-0.0025715100113541224,-0.0020554764075363533
2013-01-09,0.0006082723849725515,0.004289490922955613,0.0019946815055454058
2013-01-10,0.005757781081751401,0.007995087192821836,0.007861411416943414
2013-01-11,0.002111430100975744,0.0004386300000000002,0.0008134689086391349
2013-01-14,0.004495454438187467,-0.0005126830339008401,-0.002432243466172353
2013-01-15,0.009158017829822647,0.0015400765726906588,-0.00010112844922159438
2013-01-16,0.011741239532139996,-0.00047315774577329916,0.0013692885099646443
2013-01-17,0.01514612417355518,0.0055432718855606584,0.0037443954159740245
2013-01-18,0.01199630485688392,0.0035972085942308656,0.0031674995187834804
2013-01-22,-0.005186518814070878,0.0037591230277939677,0.002925417083311752
2013-01-23,0.015031887394267661,0.00025001588561138926,0.002864548923320698
2013-01-24,-0.0006370428045503381,0.003802751153984078,-0.002007774423882794
2013-01-25,0.003414741721735383,0.006014215530190402,0.004854613487319483
2013-01-28,-0.010463964550792976,-0.002594571910407991,-0.0013262653491526004
2013-01-29,0.008047268174364085,0.004251284287565184,0.005340264907263583
2013-01-30,-0.005935853453247416,-0.0023640880581312917,-0.0030088318968567156
2013-01-31,-0.006744066927667161,-0.003012114158401135,-0.002963396629313834
2013-02-01,0.0104856689426296,0.011358116759946952,0.010509345246060352
2013-02-04,-0.0012947549060047289,-0.010800453793044902,-0.0117493145900237
2013-02-05,0.008982831560399406,0.01073769475669764,0.011298632181969744
2013-02-06,-8.076999238373523e-05,0.00041571576531756576,-6.425760768181851e-05
2013-02-07,-0.009842186291446325,-0.002449618387353798,-0.0016281291791507362
2013-02-08,0.0006560995104944079,0.005628410153336401,0.0052299543895226175
2013-02-11,-0.005428133055199571,-0.0016609755388834152,-0.0004293383275202035
2013-02-12,-0.003526178786757953,0.0021349200000000002,0.0011661674665553738
2013-02-13,-0.002716279299407845,0.0008622133037735077,0.0012054356366452044
2013-02-14,0.013793648244114241,0.0011112848555169012,0.0008468808269493129
2013-02-15,0.013452894062590346,-0.001628021092787372,-0.001606806041807502
2013-02-19,0.013684191653217987,0.007164444986229088,0.007885894501110616
2013-02-20,0.0010851499866197031,-0.012163755667114159,-0.010457116093666459
2013-02-21,0.0009575013752993489,-0.006121669192737907,-0.004937324405103226
2013-02-22,-0.0007815943288436516,0.009886760132715978,0.008318793522049998
2013-02-25,-0.016227985661247626,-0.01848841189096516,-0.017463299695887027
2013-02-26,0.0005138326908653976,0.006195419441898266,0.006313994918589385
2013-02-27,0.0010920712425585165,0.01319601857773674,0.011836849801458677
2013-02-28,0.0019035815896906191,-0.000576316663751281,-0.0015093791521247502
2013-03-01,0.01030237533544297,0.003050093390635013,0.002173888560016123
2013-03-04,0.009895782561263892,0.00558011935331738,0.005038623954615835
2013-03-05,-0.0029968528665077518,0.009955916895033246,0.009783166973013072
2013-03-06,0.0015409926197083724,0.0025570328325857047,0.0015129217495862437
2013-03-07,-0.0015450155926585525,0.0017506308137706307,0.0022113868596286895
2013-03-08,-0.0003298019851251366,0.005124576603439108,0.0034884752290612435
2013-03-11,0.003555578567239116,0.0038185679581118743,0.0035072955923092647
2013-03-12,-0.0040076392458352214,-0.0018881489669721888,-0.002878190761210684
2013-03-13,0.0009262283609938048,0.000777250276858816,0.0004922389398384524
2013-03-14,0.0036812815295671434,0.005125950000000001,0.005613943415215012
2013-03-15,0.005749993121916016,-0.0023586308289523313,-0.0018623988391816856
2013-03-18,-0.007652362503755347,-0.006918873082000468,-0.005285626466413895
2013-03-19,0.002597430150098369,-0.002198093434956539,-0.0013387159045447333
2013-03-20,0.011042577006375323,0.006391892962362006,0.005437161059913655
2013-03-21,-0.008871754717636493,-0.0095968004497202,-0.008812609757018839
2013-03-22,0.025189422335972985,0.008861959831366475,0.008214701605425343
2013-03-25,0.0008650912095959738,-0.003975535520168411,-0.003601707266200755
2013-03-26,0.012472500537345188,0.009849582610926317,0.008254947022940676
2013-03-27,-0.0004895404566161155,0.00033713295980620443,-0.0011501598186332825
2013-03-28,0.011475723997239517,0.004856182073735037,0.0026024580867700423
2013-04-01,0.0011819093252171382,-0.004177908701270443,-0.0028874100339141644
2013-04-02,0.007699133450193789,0.00621333135092961,0.006960132014389862
2013-04-03,-0.005931170633414111,-0.010957978565976578,-0.00958607087297584
2013-04-04,0.012965314539865285,0.004204780541219401,0.0034207569123894297
2013-04-05,-0.005266997597824972,-0.0042868000090442795,-0.004813213028785847
2013-04-08,0.009313714295975538,0.0069722638515806006,0.00595810211388325
2013-04-09,0.004389985521253988,0.0037848387485538426,0.00418516336163763
2013-04-10,0.01498780761747019,0.012570344586347223,0.012597046033307076
2013-04-11,0.0039012597516099204,0.00381054745001341,0.0030025945543578933
2013-04-12,0.0031311492091613312,-0.0028549864723424246,-0.0021609955677680563
2013-04-15,-0.013678100834812704,-0.0225903,-0.01999312049994917
2013-04-16,0.009657046251456806,0.014016218621495165,0.013561406661420363
2013-04-17,-0.006852768428188542,-0.012217182706751081,-0.013353006062991349
2013-04-18,-0.002539920303173842,-0.008108787651304255,-0.007638049277544125
2013-04-19,0.01252600765167797,0.010428849909507553,0.008850006388381789
2013-04-22,0.004857158115775049,0.006204870718967501,0.00556792274229004
2013-04-23,0.008448829995440466,0.011002453770167652,0.010609504449095251
2013-04-24,-0.011436495102124378,-0.0020640183885071435,-0.002918750267347227
2013-04-25,0.008344890767240837,0.005179720204544216,0.0034155789203708974
2013-04-26,0.006283809017364873,-0.0018264117027046328,-0.0003843211251435871
2013-04-29,-0.0016940217310105572,0.00693700672902936,0.007012139275944129
2013-04-30,0.0017442710974838163,0.0014203818038538841,0.002001425515432079
2013-05-01,-0.006713789981394677,-0.010103903546463367,-0.008983480939751619
2013-05-02,-0.0006431591410732491,0.009622925404235991,0.009382962419273446
2013-05-03,0.009037516816640086,0.011001922820400255,0.009413755973640506
2013-05-06,-0.006680738559913891,0.0009082317647681511,0.0015916304445740197
2013-05-07,0.005216347982315575,0.004081487537677566,0.003908093953952933
2013-05-08,-0.0051351751298764165,0.003825638624812101,0.004430343255748398
2013-05-09,-0.0028393522565981688,-0.0030358809175203105,-0.003578074194056987
2013-05-10,0.006785091361742158,0.0047846697624186725,0.00366324457490039
2013-05-13,-0.0031138759261054513,0.0014277582737640836,0.0014046334249108977
2013-05-14,0.007208932909772976,0.011646010000000002,0.009683033615003885
2013-05-15,0.010397320665722574,0.005682585214249004,0.0055089296579937195
2013-05-16,-0.010167114358254155,-0.005313083393923027,-0.003940538434958599
2013-05-17,0.005958703952722279,0.010641022170101221,0.00911204935751785
2013-05-20,-0.0056112515708359335,-0.0017596013299341915,-0.0010204198870172037
2013-05-21,0.003330610014440374,0.0021298599510945725,0.0021940816315146865
2013-05-22,-0.011830464549970682,-0.007701934671982019,-0.006276357083301965
2013-05-23,-0.0020457470099449586,-0.0013502610079249944,-0.002626101491604429
2013-05-24,0.0017242558763978033,-7.55849749746e-05,0.0009155929433054247
2013-05-28,-2.7342639736159473e-05,0.007831072931641824,0.006807985237655243
2013-05-29,-0.011780447634900488,-0.006812022181116783,-0.0068563600219090255
2013-05-30,-0.002395024264633892,0.00331668863511485,0.0031691065603955877
2013-05-31,-0.01057533213066698,-0.015062735199752817,-0.014569982957296725
2013-06-03,0.010151869479767046,0.007063918009788598,0.007847781862880652
2013-06-04,0.0027312879000022665,-0.00566250603110069,-0.004998599387724788
2013-06-05,-0.015133384129746236,-0.015067309492058754,-0.013423244234860007
2013-06-06,0.006686763013421264,0.008854847466216604,0.007364551996657458
2013-06-07,0.01026397237784338,0.013936493833143515,0.012755212330840841
2013-06-10,-0.0013618571434745913,0.000485933965265331,0.00034922943830430816
2013-06-11,-0.007542441400249377,-0.010510537368926709,-0.009924709013661511
2013-06-12,-0.0072354312837369155,-0.008872069375639469,-0.008108059962680334
2013-06-13,0.011432006324799977,0.014918389999999998,0.013487315027863924
2013-06-14,-0.008019170125352934,-0.0058650719211817606,-0.00667504422763051
2013-06-17,0.0026143382199717378,0.007122141042546148,0.007376218413245705
2013-06-18,0.00772607630994438,0.007889429347172778,0.007632777061415871
2013-06-19,-0.01783172506721784,-0.013308047598655172,-0.013245698298501581
2013-06-20,-0.02106310224698378,-0.025001446714238432,-0.024093061412824444
2013-06-21,0.0023304981987690063,0.002838693053632502,0.002007995311373016
2013-06-24,-0.006793786699802309,-0.012109328448115212,-0.011627647436953662
2013-06-25,0.00899977950228147,0.009159042776200355,0.008234279901133167
2013-06-26,0.005987375784386571,0.010756029764267028,0.009746467990738528
2013-06-27,0.002144147064670496,0.005557529803857494,0.004940665216413796
2013-06-28,-0.002758741006545652,-0.006136254550093638,-0.005404905149267454
2013-07-01,0.004954422841029037,0.006124580967459758,0.005450680449785978
2013-07-02,0.004647220473406336,0.0006430920128631237,0.0006427937417792087
2013-07-03,0.0007566554320330887,0.0008522066400351033,0.0014133192137791486
2013-07-05,0.0037225004812990693,0.011679533913390999,0.010257398964724562
2013-07-08,0.007491975361648303,0.006213748409434621,0.006212736845950268
2013-07-09,0.007357270982537018,0.007797095971964182,0.007044843436454737
2013-07-10,-0.001279180311885065,-0.0001715722307844829,-0.0006502706016811615
2013-07-11,0.012535313472082848,0.013685812464539307,0.013173066257252631
2013-07-12,0.002192561219200157,0.0033700438370666795,0.0026158307234171113
2013-07-15,-0.002956204526794345,0.0009466700000000002,0.0013396052916741334
2013-07-16,0.002103048709163811,-0.0038795811611421816,-0.0026816589941702305
2013-07-17,0.00402242839602218,0.0037164112917351367,0.002874910541721193
2013-07-18,-0.003618319964699128,0.0037505645404202217,0.0032619517400675523
2013-07-19,-0.0006147616489077204,0.003241051368540483,0.0006184560311605224
2013-07-22,0.00393918547879487,0.002403824198303835,0.00258232567330582
2013-07-23,-0.0005377140165170732,-0.0006697559218394681,-0.0011083642287834227
2013-07-24,0.004090365933308034,-0.0030249857412324673,-0.0011799392454628851
2013-07-25,0.00632641956990129,0.00205899705116082,0.0011120228213606874
2013-07-26,0.005822311752194855,0.0016388861389794907,0.0014640516832228954
2013-07-29,0.00047465578645035275,-0.00392525342738783,-0.003423115995467241
2013-07-30,0.003616863470627034,-0.0006314598433626902,-0.00010645269002131254
2013-07-31,-0.002961822865136887,-0.0009169130615653035,-0.001283162013866621
2013-08-01,0.010381560298823854,0.01322551045687489,0.010774508765918279
2013-08-02,0.011022650334053091,0.0031675174764137976,0.0026682451363949874
2013-08-05,0.0005196542779696069,-0.0011812775789089465,-0.001490522789850049
2013-08-06,-0.007687093429393651,-0.005890632893487139,-0.00568367343353379
2013-08-07,-0.0034074519377376273,-0.0032142664693533265,-0.00272312099974611
2013-08-08,0.004462840775070736,0.004227131202217783,0.002838035002379963
2013-08-09,-0.005281068688704787,-0.003460723405833526,-0.004603515012702706
2013-08-12,0.0054871180658051235,-0.001775431848034805,-0.0005432981731444743
2013-08-13,0.009719930977251623,0.0034259499999999997,0.003816808345432483
2013-08-14,-0.0016377929758038664,-0.00637367692093273,-0.004845084530364748
2013-08-15,-0.012838699654510274,-0.014895884387523204,-0.014057691141316516
2013-08-16,-0.0011559218148067697,-0.002713661784544829,-0.002784596186060972
2013-08-19,-0.0011949560970141626,-0.005429333163689078,-0.0047142683046583886
2013-08-20,-0.0019118676010036581,0.003553013816415991,0.0014439736627019626
2013-08-21,-0.006552643192047754,-0.005849341713258177,-0.005208829273746717
2013-08-22,-0.0007868981810112346,0.0076127904761829355,0.006782845653031619
2013-08-23,0.0034290850992786666,0.0041450148348259,0.004696853190180787
2013-08-26,-0.0036153891706480427,-0.0031688679574997515,-0.004091823921976499
2013-08-27,-0.015305217120038957,-0.015727361549579988,-0.015040026631730203
2013-08-28,0.0021714997621115617,0.0027474863791532994,0.0030039120922923162
2013-08-29,0.00013106514932804118,0.0030199379630743628,0.001943464896118043
2013-08-30,-0.0012718761765858361,-0.0031858447632029316,-0.00281166718991171
2013-09-03,1.4382867534049044e-05,0.005466570060853313,0.003416756259011192
2013-09-04,0.007605843628577706,0.008294886848318356,0.00787511800714298
2013-09-05,0.00019583937548832048,0.0024784024763476777,0.0011531291088124804
2013-09-06,0.0011566726679904241,-0.0005084625923682428,-0.0002965325116066633
2013-09-09,0.011223674772851435,0.009555015791275896,0.009547501235006854
2013-09-10,0.003139278254493597,0.009058265780708872,0.00745342186159851
2013-09-11,-0.011943469964058871,0.0044565530087526985,0.002738762417252991
2013-09-12,-0.004338012245421656,-0.00241099,-0.0020806829197892165
2013-09-13,-0.000541639399627104,0.0028812538229044844,0.0025156981230488157
2013-09-16,0.0003193437758733604,0.006557425151706558,0.0048097393184961396
2013-09-17,0.003954200140823498,0.0044573134632824255,0.004280475241695822
2013-09-18,0.017985900132179638,0.011081459168444512,0.011735748560625014
2013-09-19,-0.0003562416216989161,-0.0016058053725264924,-0.001506463587250036
2013-09-20,-0.007012821337956641,-0.006928868531643353,-0.006737175842599696
2013-09-23,0.003156020225902997,-0.006037598504336072,-0.00432884565709813
2013-09-24,-0.0016176667658445738,-0.002818015230144157,-0.003978668214070729
2013-09-25,-0.00565991855554501,-0.0029111193855179437,-0.0033492920953681516
2013-09-26,0.004229416515408204,0.004127307335861076,0.00355388624761285
2013-09-27,-0.004154652784378219,-0.0036970539428395244,-0.00379283305576235
2013-09-30,-0.006765793571422632,-0.00662391164008939,-0.007094684016912004
2013-10-01,0.007775340989472178,0.007722014548977192,0.007711519574468239
2013-10-02,0.000813131981402022,-0.0010717618828761692,-0.0004620594648776519
2013-10-03,-0.010220688982930996,-0.009446118234839963,-0.008953504317605545
2013-10-04,0.0032356268796214973,0.007436698183881891,0.0059185142788825635
2013-10-07,-0.0071854487008985,-0.009229467965570122,-0.008472630077453686
2013-10-08,-0.008473470420355733,-0.012682179865695876,-0.011324318797479797
2013-10-09,0.0038522460280222726,0.0017339782791390558,0.0012337148238528036
2013-10-10,0.016208816302856192,0.023840913378728446,0.02186782433416963
2013-10-11,0.004520083651740008,0.006858359999999999,0.006455602626340203
2013-10-14,0.0004876407104148592,0.004230016909925644,0.0046047542439279715
2013-10-15,-0.004113785924516123,-0.00677432399791716,-0.006259323122466431
2013-10-16,0.01276322372557976,0.01516275950526384,0.014045038678929471
2013-10-17,0.0037451049186154575,0.006569760899762672,0.005316935195568016
2013-10-18,0.0004316208889694209,0.0049826528728555974,0.007473436096669503
2013-10-21,0.004148268550935366,-0.0008296279509978823,0.00026282083080542156
2013-10-22,0.005412037808837835,0.006821999769662308,0.005555384291670243
2013-10-23,-0.0015850733228014772,-0.005117468981756821,-0.004411187235905764
2013-10-24,0.0034384249060798668,0.00378332248244537,0.003553584254247755
2013-10-25,0.0002151697653435237,0.003488330215489981,0.004016800113631134
2013-10-28,-0.002279846954781205,0.0018518745884547171,0.002498407991563485
2013-10-29,-0.0002577443680365987,0.006242892153233769,0.005654198870402399
2013-10-30,7.971342730903004e-05,-0.0045595872804666746,-0.0034312852722969307
2013-10-31,-0.0023591116010206444,-0.004714149540107017,-0.0042955971659529545
2013-11-01,0.0049499440887193396,0.003139598045862275,0.0025915038560566364
2013-11-04,0.005102544439052446,0.0015954368621898802,0.0024770949493709655
2013-11-05,-0.002604797891103617,-0.0016811909104329527,-0.001743239313975151
2013-11-06,0.007698172696688654,0.004352955380116194,0.006379889196026717
2013-11-07,-0.008640566133161243,-0.012437538569097944,-0.012039733172332062
2013-11-08,0.011459759603921314,0.014209752237520482,0.013560618940060198
2013-11-11,0.003235221153930593,0.00045460000000000005,0.0004929664092380717
2013-11-12,0.0011308747371059696,-0.002510661671334211,-0.0021045309555257105
2013-11-13,0.008034792369853492,0.009336009791023864,0.008166023059548784
2013-11-14,0.004881712768220776,0.004970651889029542,0.0042838620843675315
2013-11-15,-0.0027917643670238293,0.003578254492451482,0.004125791957408153
2013-11-18,-0.0023617935357056097,-0.003120847126755873,-0.0024234214959491956
2013-11-19,-0.0009737668854493635,-0.001526868388682968,-0.0007183203872449913
2013-11-20,-0.002124341946549267,-0.004453814862351859,-0.003768787052613717
2013-11-21,0.007037519685741195,0.008492380487457464,0.007587402761243328
2013-11-22,0.0028923154567372837,0.006253080420726961,0.005119012652667979
2013-11-25,0.0019545906481119074,-0.0019980147467357325,-0.0005298521376126126
2013-11-26,0.0021510423004759477,0.00023655984125614836,5.2590898531839844e-05
2013-11-27,0.0032525458057020944,0.003489703335316588,0.0033356613665563068
2013-11-29,0.0039304297998655835,-0.0011136384358164685,9.976962115361276e-05
2013-12-02,-0.0054485345943545635,-0.002088548204960723,-0.002723816043428013
2013-12-03,0.0003723676716835349,-0.0058066099907102256,-0.003237396024496378
2013-12-04,-0.0019179867774134895,-0.0011324474961564072,-0.0005137143181667475
2013-12-05,-0.0020567290855085093,-0.004231594735430745,-0.005002003872264601
2013-12-06,0.007582747383661804,0.011684102748791654,0.010980079967423582
2013-12-09,-0.0007735852879317499,0.0007732696060202083,0.00207733465488395
2013-12-10,-0.0013568338340371594,-0.003039268718858575,-0.0037327090852456155
2013-12-11,-0.007960776057952932,-0.01000878,-0.009733441984133367
2013-12-12,-0.006541850468720911,-0.0037992664713733526,-0.004662120609142055
2013-12-13,-0.0027578639051692054,-8.428906826317909e-06,-0.0010256151839026237
2013-12-16,0.010641365688131918,0.006513465202140338,0.006254653151453904
2013-12-17,-0.0073184834363155355,-0.0035360706139612656,-0.004229620208348033
2013-12-18,0.013683925517085815,0.018163430403260034,0.017501086990101514
2013-12-19,0.0008159087471623623,-0.00010400502470794128,-0.00017116141700842974
2013-12-20,0.0084229953804058,0.005726138807440081,0.004182824681715323
2013-12-23,0.011344228711897388,0.003910438674370386,0.005432140980266928
2013-12-24,-0.00013579950570836533,0.002482728393536378,0.0024915381743710768
2013-12-26,0.004568617828097569,0.005468910337908904,0.005755019056540289
2013-12-27,0.00021956343105602007,2.5677542844087603e-06,9.39758786067314e-06
2013-12-30,-0.001781458553800887,-9.032629587400097e-05,-0.0007900186229165481
2013-12-31,0.004305100111794216,0.0037766727903051993,0.004076160624163169
2014-01-02,-0.009817833023305944,-0.008089318660348116,-0.007798974887669795
2014-01-03,-0.002405332487067658,0.0002158655515339144,-0.0007780023160941341
2014-01-06,-0.0027838783314203153,-0.003490004354860263,-0.002474659017514973
2014-01-07,0.005731258583931223,0.00518113396310518,0.00565315961784317
2014-01-08,-0.00021702062964682717,0.00043584940518509715,-0.0006933154085928387
2014-01-09,0.0009096578740156766,0.0018586903515556664,-0.00020792894995007338
2014-01-10,0.0010101417826996566,0.0014575867533074092,0.0006438390510203285
2014-01-13,-0.006327952639301458,-0.013006090000000003,-0.011428499892118613
2014-01-14,0.01011864984337375,0.010406005924231083,0.010292099901302912
2014-01-15,0.009568363555735732,0.005776817195999069,0.006779537971097299
2014-01-16,0.0002649301373805811,-0.0007369753483486864,-0.0012254986741603011
2014-01-17,-0.009977909777921396,-0.003150832337878192,-0.004200678993516501
2014-01-21,0.004003720363322365,0.0023779415836308977,0.002287620491673135
2014-01-22,-0.00022798441878128597,0.000378060892499062,-0.0006350355630663731
2014-01-23,-0.004208764964625084,-0.009619996271541417,-0.00789948181370273
2014-01-24,-0.020213611371374885,-0.021705437229403032,-0.01998563755248471
2014-01-27,-0.004451521962232244,-0.005699685697146487,-0.0053973658997799896
2014-01-28,-0.009281291997131576,0.007679458814135556,0.0046080280764128605
2014-01-29,-0.013065355511932934,-0.01178291958195999,-0.011055384365538929
2014-01-30,0.003304718958984947,0.012079920110198233,0.010810767662861183
2014-01-31,-0.007639682589541405,-0.00703603623318327,-0.007459691816439724
2014-02-03,-0.021057164124594574,-0.02292642204804142,-0.02226250782159224
2014-02-04,0.009693197922270046,0.007291327015406778,0.006942532734400555
2014-02-05,0.00036235616339716704,-0.00113170523998201,-0.0013691547823456904
2014-02-06,0.011183884904710763,0.013123209423243088,0.012460012115447056
2014-02-07,0.01680877612688919,0.014362002349562064,0.01345293554023939
2014-02-10,-0.0012514240525362172,0.0005662502251428185,0.0015785355289975299
2014-02-11,0.009639006888790007,0.012153024825663841,0.011988066178443895
2014-02-12,-0.000870277629714449,0.0006550899999999999,-0.00017299577706795404
2014-02-13,0.008318571935627446,0.005026748890349422,0.005255008213326407
2014-02-14,0.004081549255512784,0.004993979815133497,0.0049166791623817705
2014-02-18,-0.0010639736406232048,0.0007868097560967661,-0.0004488773094369176
2014-02-19,-0.0037229061426415698,-0.007371464113269944,-0.007539357051604702
2014-02-20,0.0005304949925470523,0.006426270831479319,0.005287802805963412
2014-02-21,-0.004516118282064971,-0.00204940155528434,-0.0028349977680816
2014-02-24,-0.0005063448330804796,0.006398080853144122,0.006361886455220881
2014-02-25,-0.0023515715180917026,-0.0008568976393133282,-0.0011703631305079029
2014-02-26,-0.0029057560249915034,0.0008915043965045174,0.00019591492809725746
2014-02-27,0.005154627466862092,0.005619579002712336,0.0056854273086127845
2014-02-28,0.003180936109954329,0.0033822230541211374,0.002784197787627548
2014-03-03,-0.007062444701904605,-0.007854582219740953,-0.008153622420984946
2014-03-04,0.008457483261964426,0.01594336004471774,0.015365662626539075
2014-03-05,-0.0003031458583063743,0.0017924270219586837,0.0011684993935317622
2014-03-06,0.0007539200821916728,0.0018064647818649467,0.0016859959998112755
2014-03-07,5.9058152162040606e-05,0.00028320398309605453,0.00044935185001150765
2014-03-10,-0.001864468960566756,0.000436201809672464,0.0007414782759506065
2014-03-11,0.0038354278993583822,-0.00597250559875437,-0.0049638627577750245
2014-03-12,0.00431588907294713,0.0001612855876564757,0.0004878924330858134
2014-03-13,-0.005958872792180215,-0.01232085916385153,-0.011886255280992138
2014-03-14,-0.0017562446291563099,-0.0036543599999999997,-0.004557599975649146
2014-03-17,0.006136930143244415,0.010748672090289872,0.01072127760340506
2014-03-18,-0.00249438276655407,0.00709066982847767,0.007810781530946916
2014-03-19,-0.012998476549385454,-0.005744463423478199,-0.005990262169600298
2014-03-20,0.0033208972377732162,0.005673061917485795,0.006697979697709231
2014-03-21,-0.002405324486535783,-0.004245943619459471,-0.0035163378932992497
2014-03-24,0.0057129869804838284,-0.005026620114159256,-0.0032272402390852257
2014-03-25,0.007026118670236358,0.004876909643131746,0.005686831952494995
2014-03-26,-0.005571582444489278,-0.007175017344145028,-0.006902252804443707
2014-03-27,0.005199077054565037,-0.00287530411257208,-0.0020475229084957213
2014-03-28,0.0016565403304653506,0.0037981662548121613,0.003518142575974091
2014-03-31,0.008146856096684432,0.007492414566391703,0.007093843931335517
2014-04-01,-0.0007407079692847955,0.0075395408694249105,0.006681736442225104
2014-04-02,-0.0022398098925188272,0.003644311409667351,0.0026467312059641596
2014-04-03,-0.00036532276561641473,-0.0017029420390467316,-0.0018489052523959005
2014-04-04,-0.003881437828668118,-0.012962627503822842,-0.012650618059935038
2014-04-07,0.0008265413936532921,-0.009971684587742719,-0.008743895532154716
2014-04-08,0.011270532175541898,0.0028164245964093977,0.003493658647467096
2014-04-09,0.0006081064152624431,0.012281685088584115,0.011535889507688796
2014-04-10,-0.006462681298366701,-0.021317814126002133,-0.020810879129051423
2014-04-11,-0.001630281829294504,-0.00933042861719047,-0.008504905487571114
2014-04-14,0.00884892022151112,0.00867103,0.00826332263845289
2014-04-15,0.007927688600553404,0.00709880032594968,0.006846119843560554
2014-04-16,0.008715316477759572,0.011029808355702764,0.010069468148201066
2014-04-17,-0.0020204843565843227,0.0006789599904222565,0.000702282312377967
2014-04-21,0.001357452196330756,0.004205003487300722,0.004254332284817719
2014-04-22,0.003114398482620274,0.0034873949329323408,0.003165918058009298
2014-04-23,-0.0032901439865944157,-0.0017819668728480383,-0.0027823864707518273
2014-04-24,-0.00038476001691741294,-0.0005325926022339824,0.001988202443000045
2014-04-25,0.00042563494070722017,-0.009759976373514811,-0.00789043191988279
2014-04-28,0.002132422049126791,0.002561395512349197,0.005685472413125168
2014-04-29,0.003960873210773855,0.005959961221932373,0.005086124109411364
2014-04-30,0.002082503505632745,0.0023633136298479916,0.0022197077560971927
2014-05-01,0.00019001508257530342,-7.432151812214132e-05,-0.0006837216534656064
2014-05-02,-0.0056799576767438496,-0.0018179140051858796,-0.00227297280772007
2014-05-05,0.003325363108692196,0.0023140038045136773,0.0019411246181016107
2014-05-06,-0.007541932137792811,-0.00844661983616067,-0.00931501337836217
2014-05-07,0.006271276292474444,0.006615237100112927,0.005912113813404686
2014-05-08,-0.0033149934633603215,-0.0006496764348134203,-0.0005863266869728504
2014-05-09,0.0007520230710288037,0.002820256288466152,0.0022959616794216734
2014-05-12,0.003984621228339032,0.009784904042108652,0.008774695474573454
2014-05-13,0.00022277913215549484,0.0010568582980687254,0.0014736531188703386
2014-05-14,-0.0041107918378536145,-0.0048980099999999995,-0.004275496817540678
2014-05-15,-0.004936915667885643,-0.00968273144281422,-0.009417917990179592
2014-05-16,0.004822092182865521,0.003750439242284678,0.003519739649746955
2014-05-19,-0.005045082098780808,0.0042561274034651235,0.003979063147447346
2014-05-20,-0.005388924906470373,-0.0066910443049767055,-0.005810813054707938
2014-05-21,0.005997284965647044,0.008861589049843353,0.008961063656943187
2014-05-22,0.002822719364857457,0.0031072124129654984,0.0020469597556297117
2014-05-23,0.0013229323774193243,0.004546218359345334,0.00397123844466496
2014-05-27,0.003457205482362791,0.0060169561316858015,0.0059801366096076
2014-05-28,-0.001469332108709737,-0.0012925772310840818,-0.001512163011186077
2014-05-29,0.005948520311452238,0.0056441472853252725,0.005546852987050449
2014-05-30,0.0033785758688479636,0.0024166208251075764,0.002208490288152304
2014-06-02,-0.0007204464814416558,0.0009365874655890412,-3.582414730273238e-05
2014-06-03,-0.005105009143319546,-0.0007361349960884962,-0.0006954942347758533
2014-06-04,0.00460968431655234,0.0023596100071118457,0.0014741059858384572
2014-06-05,0.004326224532589653,0.006083408579305491,0.006820469465821172
2014-06-06,-0.0015389055719843181,0.004304803691650247,0.004171027150724159
2014-06-09,-0.0009162875840192229,0.0006908515310798583,0.001473788233915092
2014-06-10,-0.0021839377878443656,0.0001763643978781583,0.0010634599366358092
2014-06-11,-0.006486587122210791,-0.0033217003407737355,-0.0035582362934810123
2014-06-12,-0.002749595357572841,-0.007295497928499285,-0.007376321124172193
2014-06-13,0.003701418513829864,0.0030450500000000005,0.0029571259956329018
2014-06-16,0.0033326708789816607,-0.00039769656097699696,-0.0001380720386795154
2014-06-17,-0.0005475794785864089,0.0014541191873099848,0.0009471763144493114
2014-06-18,0.01431544127312292,0.008298161132589773,0.007520509376172759
2014-06-19,0.003578053033503333,0.001681172274092445,0.001277695123221871
2014-06-20,-0.004986120455678929,0.0013557868036915704,0.0010616548220204632
2014-06-23,-0.00013917599437353868,2.29431295426699e-05,0.0006630053698440652
2014-06-24,-0.002278825694716199,-0.006573036189126431,-0.006463492511360466
2014-06-25,0.005885877981923651,0.00660540526491074,0.005734498342087335
2014-06-26,-0.001967042047409014,-0.0005908421133764927,-0.0012331907393945427
2014-06-27,0.0029599790740207532,0.0011695080938962244,0.001889357656879485
2014-06-30,0.001157869813677917,-0.0015468081808033601,-0.0014802435293114057
2014-07-01,0.0017906388434085938,0.0070317084677205466,0.007344561088244478
2014-07-02,-0.006773129166794558,0.001559199415184183,0.0020100332486743763
2014-07-03,-0.0008047742476595363,0.0055706108000286945,0.005285651786430716
2014-07-07,-0.001019861258508035,-0.004961166080741103,-0.0027664061331533346
2014-07-08,-0.0005595371580997146,-0.0073846831117354,-0.0072961823247542105
2014-07-09,0.005061198944648778,0.005259932199443249,0.004773123120226462
2014-07-10,-0.0006930136023294312,-0.00428998698708294,-0.003831135821783309
2014-07-11,0.0029194354506644877,0.002830374707422549,0.00228508394694275
2014-07-14,0.0008608975623177554,0.004581296428603149,0.005746331833707196
2014-07-15,0.003475742277072823,-0.00126306,-0.0013670227660813159
2014-07-16,0.0029413203190087503,0.004447152195321824,0.005317925244067955
2014-07-17,-0.006411839244233522,-0.011089566071794532,-0.011092090698972708
2014-07-18,0.007322136158090553,0.01064597136966951,0.010252487595774025
2014-07-21,-0.0022462356265272204,-0.0009837996916325317,-0.001759829074839665
2014-07-22,-0.0014611338962759765,0.005355852874738528,0.005073265289142863
2014-07-23,0.000709426545909823,0.0017762559738393737,0.002492514303253142
2014-07-24,0.0012087324323354614,7.094465289053744e-05,-3.8937605710224914e-05
2014-07-25,-0.00935137732620573,-0.005035332991336796,-0.0050570820598588775
2014-07-28,0.0032547079233521555,-0.0004090251412318771,0.00027793036598294937
2014-07-29,0.0022857799366951237,-0.0036718208111706035,-0.003803478386525442
2014-07-30,-0.007800198933650733,0.0015093430816882606,0.0007325919105305869
2014-07-31,-0.015921739736928255,-0.019867139962253068,-0.020580531337215116
2014-08-01,0.0036459114485523723,-0.004068657821294406,-0.004129898177121081
2014-08-04,1.2794146316342382e-06,0.00888814445647141,0.007754947586044434
2014-08-05,-0.008707681259911943,-0.010168974573211868,-0.009903065234180919
2014-08-06,-0.00011684977796367564,-0.0014437604208474067,0.0007201481884123715
2014-08-07,-0.003786553895133092,-0.005098631615622337,-0.004884158574603366
2014-08-08,0.01134275236322869,0.011664935333470046,0.010265944913032144
2014-08-11,0.00014342162049550762,0.002657380955842424,0.0028143140359350796
2014-08-12,-0.0002866325576657614,-0.0012753539398210635,-0.0011921592457662174
2014-08-13,0.004299530696808675,0.007338999999999999,0.007681307844665645
2014-08-14,0.006179368396704093,0.003997920173228675,0.004028436199988551
2014-08-15,0.0020109118577825457,4.489527296778229e-05,-8.12028151822809e-05
2014-08-18,0.00646029572428918,0.008509815888645111,0.008588784895727187
2014-08-19,0.004155439498504359,0.005374620345479645,0.005308965324719205
2014-08-20,-0.0001320348687493706,0.0021463497898215776,0.0016720279997456476
2014-08-21,0.00229978536369878,0.0034899895171743383,0.003844480708689234
2014-08-22,-0.0025281838620141786,-0.002135076160740899,-0.0018435389710983034
2014-08-25,0.0026725767256296643,0.005468774874243554,0.004961388887583018
2014-08-26,-0.0011802284274360167,0.001916988042159136,0.0017353322121712175
2014-08-27,0.0017584975517654017,-0.0008488156764396875,-8.961236995619412e-05
2014-08-28,0.00025828113243013935,-0.0022464275451218756,-0.002241714523845238
2014-08-29,0.00254564336181566,0.002696975388564235,0.002911592470097586
2014-09-02,-0.002774144998570568,-2.5322743053824504e-05,-0.00020254544658792432
2014-09-03,0.0022029042505102283,0.0006802214608200456,-0.0010745338260315946
2014-09-04,0.008057561117162085,-0.0013276588780741663,-0.0014501909540002456
2014-09-05,0.00687263117465714,0.004739934925434066,0.004992652196623106
2014-09-08,-0.0038946639057638485,-0.003010635594234826,-0.0029246464542087612
2014-09-09,-0.0063426542886895615,-0.006485294428104717,-0.0062431386869121796
2014-09-10,0.0038359319896586388,0.003189105599406332,0.004724544866983975
2014-09-11,0.0020733507264128043,3.781818650792529e-05,0.0005928019549113532
2014-09-12,-0.006763267367054661,-0.00457122,-0.004652806126777148
2014-09-15,2.727597560018973e-05,-0.0002974911829955329,-0.0001343336344460837
2014-09-16,0.006250117104098226,0.008268803858454311,0.007811825807031398
2014-09-17,0.00046398730792509153,0.002355675168417314,0.0019494171217545638
2014-09-18,0.004306674211273174,0.006021921347349442,0.005826626933653786
2014-09-19,0.002878436689614946,-0.00022769431262634494,0.0007517427114213104
2014-09-22,-0.003740168827919775,-0.008851304778431254,-0.007129112119499867
2014-09-23,-0.005138858033594148,-0.005991136628150201,-0.0051356206475142085
2014-09-24,0.013847795435992268,0.009829024777532929,0.008054682584177556
2014-09-25,-0.014811342272223974,-0.016155034930840542,-0.017118568572662883
2014-09-26,0.014444282776146278,0.009206696125002897,0.008939437604765992
2014-09-29,-0.0033432187723939637,-0.003249105359268247,-0.003202804784263261
2014-09-30,0.0013113051972820187,-0.0025066637741673428,-0.0014344412629308
2014-10-01,-0.008777040490990802,-0.013493493276490345,-0.013217979888376743
2014-10-02,0.00039921475663898037,-0.0010465286238774856,-0.0004868551726987379
2014-10-03,0.010524748038204338,0.012225615514918133,0.011496410605538588
2014-10-06,-0.0010624882756841666,-0.0015900917087405828,-0.0007597621286499849
2014-10-07,-0.007599164054034252,-0.016100275005844544,-0.014936562978938766
2014-10-08,0.016024765836912185,0.017755070037135615,0.018102534213395093
2014-10-09,-0.013639060692101506,-0.02090462660691469,-0.01935835480425417
2014-10-10,-0.0015151730402362116,-0.011041423090292764,-0.010753131091555457
2014-10-13,-0.005865600379674054,-0.01899868,-0.01582332347509188
2014-10-14,0.004424188592724289,0.0011587962002232574,-0.0006102472662758054
2014-10-15,-0.007076946753218942,-0.007587912317706735,-0.00984567675610956
2014-10-16,-0.009650888169835729,0.0013648567139525043,-0.002106779654131678
2014-10-17,0.007964412178389125,0.013268982476437393,0.013448837002850291
2014-10-20,0.012301804365962473,0.008862775844627963,0.008459648540527
2014-10-21,-0.008060879282531562,0.019651600485071828,0.01798202635999429
2014-10-22,0.001954540993021929,-0.008108863567784617,-0.006225219023410478
2014-10-23,0.0009930789773933506,0.013087025375119476,0.012158692894140703
2014-10-24,0.0036979692763828655,0.005662152500559155,0.006426783591988039
2014-10-27,0.00143562088605318,-0.0020040544517145494,-0.001351734908110396
2014-10-28,0.003020624426219688,0.011936201200493188,0.011427868786437204
2014-10-29,-0.0009271655793692331,-0.0013754553508476606,-0.0009984193978654025
2014-10-30,0.013830901728025086,0.008322214814344744,0.006191595642881978
2014-10-31,0.005429593194069172,0.011064226452362241,0.011018163192313343
2014-11-03,0.0021668453432311446,-0.0008967033221096401,-0.0004359106471667675
2014-11-04,0.0020640799936930475,-0.003794196638051681,-0.0020728376634630056
2014-11-05,0.007712499006313339,0.00679826965161815,0.004940251097167747
2014-11-06,-0.009244080425693123,0.004309368195107309,0.003826462457137191
2014-11-07,0.00466475576376484,-0.00018843113077531449,0.0005894936165381123
2014-11-10,0.006573641213559421,0.004151346706790391,0.003353876342339571
2014-11-11,0.001331891951767525,0.00113733,0.0010463313883529684
2014-11-12,-0.0023425095651113397,-0.00040090294262626276,-0.0002259513492718112
2014-11-13,0.0010986689406757377,0.0012711717875382737,0.0024273176178831613
2014-11-14,-0.002602796865916279,0.0004090813147344269,0.0006050408054264908
2014-11-17,0.005735653067280147,0.001407867011197778,0.000631145091661042
2014-11-18,0.003718370194395436,0.005905628853262703,0.004861674142525293
2014-11-19,0.005096948250995942,-0.0013770269448511229,-0.0014740709150512369
2014-11-20,-0.001576629600372001,0.0009005683172658396,0.0013815413547439179
2014-11-21,0.003386473194227272,0.005908401332335753,0.004701923700447565
2014-11-24,-0.00175380518465277,0.0036754430385468363,0.0028133296252720904
2014-11-25,0.0009599203016818791,-0.0008341490420278365,-0.0013404567235984091
2014-11-26,0.00415867237367346,0.003137290052275057,0.0038129065097813547
2014-11-28,0.010163995047687321,-0.00040974002580051154,-0.0005937800504882833
2014-12-01,-0.00417964019377793,-0.005776955261434584,-0.006138190790386802
2014-12-02,0.004032103923692415,0.007206059541546046,0.006488432331437811
2014-12-03,-0.005383748777394726,0.0032438586872777734,0.0018957101885443424
2014-12-04,-0.0012276001410275086,-0.00031050786994387693,-0.0005017092338371568
2014-12-05,-0.00287732970793381,0.0029563320615670725,0.0019603846925767394
2014-12-08,-0.004453335821976788,-0.005382559198187171,-0.006234140007090269
2014-12-09,-0.007965117814978863,-0.0007455069418069887,-0.0012687469328166122
2014-12-10,-0.007565545057783062,-0.015371062485880748,-0.015408750933527102
2014-12-11,0.0026889898333034364,0.00527945,0.0046883675376481635
2014-12-12,-0.009160713192457589,-0.016448661508031422,-0.016268672961757158
2014-12-15,-0.010947444519610298,-0.006799358608409499,-0.006761682769265989
2014-12-16,-0.010334187946787456,-0.00954516394266793,-0.01038446746072008
2014-12-17,0.019043559634783703,0.019136581944195298,0.01921636366656185
2014-12-18,0.026342512693595176,0.025005123757928457,0.025846672493583092
2014-12-19,0.0005075279927899578,0.004052642297921265,0.0035969251667839906
2014-12-22,0.00572925566630991,0.004605680516849515,0.00425951207029662
2014-12-23,-0.0011749667496571139,0.0006082961757661567,0.0007815243949326498
2014-12-24,0.0035728406261028123,7.29889635047705e-05,-0.00036442347828894247
2014-12-26,0.0045449925598690655,0.003330263296294035,0.003649758484486104
2014-12-29,0.0011710125977861226,0.0005631320779665017,-0.00014280088825766564
2014-12-30,-0.007802572952078131,-0.003956963752503174,-0.004247487350862469
2014-12-31,-0.011669934608240274,-0.009950730123029874,-0.01048845649717879
2015-01-02,0.0007701514725764172,-0.0003954167411152721,-0.0005520787582515116
2015-01-05,-0.012577587434578277,-0.017779182860421672,-0.017215772225106746
2015-01-06,-2.571860382220889e-05,-0.008093269709159565,-0.00794190971585059
2015-01-07,0.012586631963609611,0.012773804596656377,0.011976603273032632
2015-01-08,0.010111645746492462,0.016735004899463595,0.01787382283037989
2015-01-09,-0.008041795597826635,-0.008985815560127747,-0.008524667626295635
2015-01-12,-0.0012406210078268695,-0.005377285147600249,-0.006673962888244113
2015-01-13,0.001856154424803289,-0.00277026,-0.0021132695657779237
2015-01-14,-4.743356106330758e-05,-0.005929659475047345,-0.006059454115608746
2015-01-15,5.758606297374216e-05,-0.009077338216763526,-0.010300045982166323
2015-01-16,0.00977560456692149,0.013629518271202103,0.012895628885927274
2015-01-20,0.0007930834130369966,0.0007922802468678774,0.0023469318214307043
2015-01-21,0.005170554069610676,0.003676450881733048,0.0032267035079800313
2015-01-22,0.010957597990103691,0.015400286813885325,0.01623824747087459
2015-01-23,-0.0058023292455468565,-0.005421346797615906,-0.0054872139399508415
2015-01-26,0.0003384450567569632,0.0013691340571691745,0.0012492726405230752
2015-01-27,-0.009970700318521718,-0.012994895388198239,-0.01645364891506441
2015-01-28,-0.010184661083955129,-0.014893529251547062,-0.012426392902012298
2015-01-29,0.01005305499021355,0.010409514759192816,0.010428126171995
2015-01-30,-0.006720185714730061,-0.011711551603588742,-0.012030984935597063
2015-02-02,0.010055777878840875,0.012590489065380711,0.013256210227211464
2015-02-03,0.00604511976999244,0.014086376121704321,0.01298831572165132
2015-02-04,4.030917471842713e-05,-0.0037852373851595517,-0.0033056017159840837
2015-02-05,0.008699100035500822,0.010685465959978324,0.010666998822317931
2015-02-06,-0.016930823339472097,-0.002341757226578928,-0.0018658248388046998
2015-02-09,-0.0054995286168554244,-0.004698676936851235,-0.004051412880521418
2015-02-10,0.009180932146581023,0.011049008216040013,0.010924359158839507
2015-02-11,-0.0030521491861129914,0.0006407538244595378,0.0013286613402339158
2015-02-12,0.009708476321258167,0.009291549999999999,0.00974580158963002
2015-02-13,-3.891585377286893e-05,0.0036193879983538956,0.004027478174672116
2015-02-17,0.00022365851033429048,0.002259298856615448,0.0017569715969158728
2015-02-18,0.0007918965196537385,-0.0008890646999018732,-0.0015085391237922318
2015-02-19,-0.007025634473580129,0.0003220622082581553,-0.0012305471211671935
2015-02-20,0.0029899894780437957,0.00653226123193028,0.006138908577724163
2015-02-23,-0.00012966244653680312,-0.00145193857056663,-0.00013822213755982054
2015-02-24,-0.0006459106294085908,0.0036809436446315767,0.0035525980710943675
2015-02-25,0.0013191741765491813,-0.00015016448458869826,-0.0006370441451340984
2015-02-26,-0.0012720917618866815,-0.002422583625632569,-0.0004155320469261169
2015-02-27,0.0032020870293606686,-0.002700674020816958,-0.0035341838620704517
2015-03-02,0.0053347201116850824,0.007179628564641796,0.006940783925766898
2015-03-03,-0.002787041413765588,-0.0049409440705375325,-0.004540593577455503
2015-03-04,-0.006989363941347922,-0.003124280396205083,-0.003526373436116015
2015-03-05,0.0019369394027417804,0.0017799207113801177,0.0006336235478389209
2015-03-06,-0.01997819540926873,-0.014013831786228885,-0.013444926398520856
2015-03-09,0.0002791791374462614,0.0047373822698151425,0.004283255254979835
2015-03-10,-0.014376450299609595,-0.016914320179535543,-0.0175888792325767
2015-03-11,-0.003181354786498434,-0.0021570752073333415,-0.003078481578761013
2015-03-12,0.018801430433839146,0.013613175648277635,0.012485683927962241
2015-03-13,-0.0049244199592480805,-0.0061807540665934375,-0.005822648613166405
2015-03-16,0.01451008994211042,0.013663569999999998,0.01330062233524783
2015-03-17,-0.0022198507046293217,-0.004484839048265293,-0.0033205016283423465
2015-03-18,0.014916887705732367,0.010915942868941052,0.01112074896744223
2015-03-19,-0.0021296686311843816,-0.004351656228364102,-0.004886090088062284
2015-03-20,0.020550850846687587,0.010232819719446756,0.008696431962386092
2015-03-23,-0.0025675275112619082,-0.002722106038302146,-0.0013221074068552002
2015-03-24,-0.009208669358205291,-0.006163088615251519,-0.005887592628421092
2015-03-25,-0.0157999351092952,-0.014958050026423435,-0.01570219882076972
2015-03-26,-0.004069981001532307,-0.0023972712797393748,-0.0021896302022482578
2015-03-27,0.003265794163591546,0.001891423252057087,0.0007871302589259698
2015-03-30,0.012363433814682866,0.012000706068250117,0.012366882916142805
2015-03-31,-0.003230344378785096,-0.008749086083308774,-0.009441100370161104
2015-04-01,-0.0008059127687255143,-0.004706378776612333,-0.004643871088907491
2015-04-02,0.0011560128348743338,0.0037058674572771834,0.003208896647292146
2015-04-06,0.006751333987842128,0.0059205822516688105,0.006298454727383629
2015-04-07,-0.003701861149336169,-0.0008668087001652511,-0.0007605334120803997
2015-04-08,0.001978975959730322,0.0028519147564623104,0.002097638565650681
2015-04-09,-0.0011502788678026926,0.005140369269290536,0.005339881160625683
2015-04-10,0.002588469731846881,0.004837858271164211,0.006347142680262231
2015-04-13,-0.003385947066394506,-0.00423882461342941,-0.004091984690318497
2015-04-14,0.002356346107642944,0.0024098606917082183,0.0016757895654248918
2015-04-15,0.0035629245893329586,0.00526847,0.005475469887565155
2015-04-16,-0.0019436611436571647,-0.0007903575850936612,-0.0008680665787645826
2015-04-17,-0.013530106967081732,-0.011538895857771951,-0.011769197258411874
2015-04-20,0.011050191168206231,0.0090295176164938,0.010055130867588895
2015-04-21,-0.001014051385110464,-0.00163257016561899,-0.0019342635098477153
2015-04-22,0.004890721348002289,0.0054842424679256855,0.006061485245826965
2015-04-23,0.005803142072811421,0.0009894759162057574,0.001966974110778247
2015-04-24,0.00466680151332769,0.0018598562964175312,0.004614666673381519
2015-04-27,-0.004464196765562665,-0.004385754137842095,-0.003087273199436409
2015-04-28,-0.0021949989525522104,0.0037629924512880024,0.003523631327580374
2015-04-29,-0.0058151651849782954,-0.00309493154625161,-0.0034014713240185495
2015-04-30,-0.009210499077006723,-0.00978711610881393,-0.010449032863888081
2015-05-01,0.01432162379756625,0.01006924326613012,0.010371194774630828
2015-05-04,-0.0019119576190371093,0.0027644829592643164,0.002876691782049697
2015-05-05,-0.008411687685845845,-0.011298849532335477,-0.011032767085114003
2015-05-06,-0.004143616666700738,-0.00318628260588212,-0.004536025254603812
2015-05-07,0.007770479765981035,0.0039003843517586368,0.004046761450197951
2015-05-08,0.013003802696056945,0.013968254371646288,0.014630180145815661
2015-05-11,-0.00875036823432303,-0.0042209766866746256,-0.005376572735988809
2015-05-12,-0.006390316205546782,-0.003101407268449437,-0.0027815733953290805
2015-05-13,0.0035101035181419223,-0.0004656012949801291,0.0001966786901548523
2015-05-14,0.012322365299837393,0.010842319999999999,0.011922963674391872
2015-05-15,0.0016976849120103415,0.0008156749950476946,2.7883224460554002e-05
2015-05-18,0.0006359773242188915,0.002435667424743052,0.002579050945505246
2015-05-19,-0.00040069984217836613,0.00032874473327660687,5.08863766994184e-05
2015-05-20,-0.0008152544461178553,-0.0009703993408211234,-0.000761422730869707
2015-05-21,0.0016467451767857555,0.0028931854694953375,0.0026131742896052077
2015-05-22,-0.0033915502538314243,-0.002756779571644514,-0.0028501208042647505
2015-05-26,-0.009621669636337435,-0.009861714246995945,-0.010319055775182486
2015-05-27,0.005153062799428637,0.009152973885651235,0.009695244975339648
2015-05-28,-0.0018627859573299651,-0.0005607056529244797,-0.0007459006451639494
2015-05-29,-0.006996417687551972,-0.006610482073195469,-0.00686014978497811
2015-06-01,-0.000947862056285334,0.0023224735105025996,0.002348726523279947
2015-06-02,-0.00047327176355129564,-0.00044128995317152325,-0.0009234414993599876
2015-06-03,-0.0017530680016070005,0.0035274896288427543,0.0035462593462451727
2015-06-04,-0.009726756898393528,-0.008684547572115623,-0.008568494329448445
2015-06-05,-0.0039419589513648825,-0.0013284735328704365,-0.002359944950760368
2015-06-08,-0.0032643620256504594,-0.006012596988684657,-0.005958077442304858
2015-06-09,0.0017481243771250942,0.0016335004493695027,0.0012469341756382022
2015-06-10,0.007328190218082875,0.012010597167561204,0.012396641674640194
2015-06-11,-0.0007597769622082652,0.002603377656451818,0.0018816080134250893
2015-06-12,-0.008349525665340843,-0.007081743320775994,-0.007465024191800981
2015-06-15,-0.004382390621351141,-0.004285369999999999,-0.00478074432188239
2015-06-16,0.006418986099969611,0.005501825894995636,0.005977535368724759
2015-06-17,0.0022817128109119166,0.0018920804698506078,0.0016489128762239482
2015-06-18,0.009870674147562451,0.01050215848528093,0.010126997479175835
2015-06-19,-0.006354902800637644,-0.004872310244559783,-0.00577543493608405
2015-06-22,0.003976633890163528,0.00572990329240327,0.006056216065021101
2015-06-23,-0.0016922476628991343,0.001254824354043399,0.0017956210159573007
2015-06-24,-0.00667361881153375,-0.00857646838374052,-0.007189737747245155
2015-06-25,-0.002316377074918896,-0.002339282089279838,-0.0028570924777901736
2015-06-26,0.0013321469786939965,0.00011903398516993625,-0.00018472437051407286
2015-06-29,-0.01456534630164607,-0.02088930210973839,-0.02020956393235687
2015-06-30,0.0015347326136448665,0.003547702531773354,0.002728805715657285
2015-07-01,0.007938175252237641,0.006696396335756668,0.007030501514473485
2015-07-02,0.0013472505994409575,-0.00031613894511006425,-0.00030923144681247784
2015-07-06,-0.0026628748883428146,-0.0034130062564880687,-0.0031064013803162815
2015-07-07,0.01190235437565097,0.006671858243017573,0.005271024301375543
2015-07-08,-0.011375649327397123,-0.016176648096149392,-0.01568661373263598
2015-07-09,-0.0012059222421240403,0.0033267059565440754,0.002215383884657966
2015-07-10,0.01192928196958705,0.01247518358424294,0.012957703727277144
2015-07-13,0.007395836587744267,0.011319302109393279,0.01226288862425867
2015-07-14,0.002929966017094522,0.004866777793740308,0.005200081848333315
2015-07-15,-0.006958796848839183,-0.0002320600000000002,0.0009327619438321242
2015-07-16,0.013829437024732591,0.007932582695760379,0.00931218103710642
2015-07-17,0.0002443868130427838,0.0029103898519250884,0.005053093680109824
2015-07-20,0.001957505577237132,0.0019634548559978567,0.0027000976949598573
2015-07-21,-0.0020712760386129856,-0.004607657700654893,-0.004747441197252097
2015-07-22,-0.005644319475160633,-0.0005100663540216576,-0.0035439977878300704
2015-07-23,-0.007416280129276452,-0.006416293871675949,-0.006294339833827844
2015-07-24,-0.007921133582652364,-0.013071123693154411,-0.010490962165932895
2015-07-27,0.002474318754384834,-0.004070183693508869,-0.004803003842541639
2015-07-28,0.011330515329687778,0.013453590986989575,0.011964351340015653
2015-07-29,0.004495789296623232,0.006935640420293309,0.00694832181038548
2015-07-30,0.00974132288755452,0.0004282024613254359,-0.0002366619068438965
2015-07-31,-0.0011836161953357825,-0.00204820115098123,-0.0034782766301882494
2015-08-03,0.0049453709051695315,-0.001288363405896017,-0.0022279771381322625
2015-08-04,-0.002616763610780009,-0.0010951719951533736,-0.002880634959711348
2015-08-05,0.005630770608142785,0.004003778126916598,0.0034977736225294187
2015-08-06,-0.0025806427809793235,-0.00811550267163355,-0.008268865800385555
2015-08-07,-0.0077777924419205335,-0.003982513230442569,-0.0037218224194035484
2015-08-10,0.007981781874855596,0.010724855892345096,0.011665458700523724
2015-08-11,-0.006877946340981699,-0.00942425895893986,-0.010208259060499563
2015-08-12,-0.0017880337703996558,0.0005794551283077795,0.0013299950175107715
2015-08-13,-0.0024348574224725555,-0.0015486,-0.0012363479677487258
2015-08-14,0.006520339401861465,0.003669572470067146,0.0035842216727492394
2015-08-17,0.003457335246711434,0.004852170443769612,0.00483082352231105
2015-08-18,-0.0012748206215155418,-0.0018494287872386635,-0.002595846249025394
2015-08-19,-0.005186003668280111,-0.007578595820034359,-0.007946127529819267
2015-08-20,-0.012464649418198531,-0.020918761988737468,-0.020944099560817102
2015-08-21,-0.020467606056190604,-0.03117307492287886,-0.03386030629800419
2015-08-24,-0.0387748816705368,-0.04021566682685335,-0.039230656190602425
2015-08-25,-0.016766047540457275,-0.013871846539582773,-0.012821218252435288
2015-08-26,0.03310631217245178,0.04077905479900268,0.043530006876190235
2015-08-27,0.018665308092312486,0.02301855713968192,0.02335988218299284
2015-08-28,-0.0018925429864811113,0.0003260189967234503,-0.00022502107420472637
2015-08-31,-0.01626038978059845,-0.009388606835229877,-0.00901753654635983
2015-09-01,-0.027016305308509733,-0.02859201157558009,-0.03021300608904333
2015-09-02,0.01368298047740722,0.018107487205368658,0.020119656079946553
2015-09-03,0.003044312862349909,0.001051437370809877,-0.0002721970144350209
2015-09-04,-0.015572098155619654,-0.015422239992414254,-0.015415921377939597
2015-09-08,0.02169241423086187,0.02473606176008018,0.025617130366635137
2015-09-09,-0.016706070777742957,-0.013907047980206089,-0.014347478587504413
2015-09-10,0.0016329709649433102,0.005329130846115962,0.006821414424247427
2015-09-11,0.010378624926144624,0.0044984696894917724,0.005329995062635762
2015-09-14,-0.0031236226903225027,-0.004005160000000001,-0.0035275278059166536
2015-09-15,0.01239129621883347,0.01409917554902192,0.013636081853952634
2015-09-16,0.008434772368401343,0.008814683535742626,0.007823169765654194
2015-09-17,0.003281594015479161,-0.0013905500091061641,-0.002747569222147116
2015-09-18,-0.011619526279990374,-0.016258940708594787,-0.015561384577505567
2015-09-21,0.007082974298863765,0.003712713898094214,0.0048501117395195565
2015-09-22,-0.008646820218842865,-0.011241663256566309,-0.010825289040413855
2015-09-23,-0.005618221144873787,-0.002645294979946786,-0.0014493512944971213
2015-09-24,-0.0044044863861207526,-0.004652057774628079,-0.003179965732118481
2015-09-25,0.0018516436567092385,-0.0004794721453018465,-0.0009368333955911287
2015-09-28,-0.027813261823989296,-0.025706462546739948,-0.023869880988950116
2015-09-29,-0.005058846780942041,0.0028731701643506472,0.0009900856979263518
2015-09-30,0.01916979686359349,0.02014048662690961,0.018930240404875193
2015-10-01,0.00025367969498719684,0.0032980235588632167,0.002621743459619623
2015-10-02,0.01948987040526021,0.01482341674232974,0.01375828409760346
2015-10-05,0.019359526481142537,0.017942226308916173,0.01757896020396258
2015-10-06,-0.0011695251382536848,-0.0035720618343815583,-0.0028776040447335894
2015-10-07,0.005265552949876026,0.0096847646096479,0.00864219008265243
2015-10-08,0.0107033033367457,0.009708050161550926,0.007224731925885552
2015-10-09,-0.0023707913038989877,0.0006787093299977402,0.0015363141215903018
2015-10-12,-0.0032557832781008925,0.00198847244280693,0.0016776698046835233
2015-10-13,-0.006961527191197278,-0.00693602,-0.005393870599046433
2015-10-14,-0.005901864815916139,-0.005359684878319723,-0.006270867051144479
2015-10-15,0.009239879503782113,0.014150535540347911,0.015515793219984676
2015-10-16,0.008422704026179085,0.005334538148726928,0.005894943745355261
2015-10-19,0.0032061931088326534,0.0004531865517968368,0.0007007653637458044
2015-10-20,0.00040761548886981676,-0.003245232184547913,-0.0030184305017889775
2015-10-21,-0.003293306090787497,-0.004125741761980102,-0.004489410575192931
2015-10-22,0.020278699651170254,0.01707808510784821,0.01756100489100584
2015-10-23,0.001128296797961941,0.009994423896958633,0.015084233903955397
2015-10-26,0.0030180347610916586,-0.0009822968431814428,-0.001227650247778893
2015-10-27,-0.007834586036153668,-0.0009332293922676267,-0.001227643801212547
2015-10-28,0.012874286965527618,0.011571400393240708,0.01188733965901431
2015-10-29,-0.0023643626446354107,-0.0010835533378771285,-0.00023332502906410466
2015-10-30,-0.007205691344025187,-0.004942800576793369,-0.006635867837795264
2015-11-02,-0.0011074850551171674,0.011086148442312285,0.011618286962082211
2015-11-03,-0.017118078461174496,0.0019174541554493273,0.0030095951252595496
2015-11-04,-0.0017377903054514596,-0.003666136520475245,-0.0024735813936981915
2015-11-05,0.005685911883906133,-0.0022783607081232676,-0.0009347091531795968
2015-11-06,-0.020086574245544653,-0.0006491835772098381,0.000643822703687007
2015-11-09,-0.006798164821681739,-0.010253089686880702,-0.009894986744871317
2015-11-10,0.00487950524079441,0.0036118292325185734,0.0017466208623954907
2015-11-11,0.002419220445414781,-0.00397508,-0.0024015815446678987
2015-11-12,-0.008424883406130209,-0.01363996606675263,-0.01315254935255795
2015-11-13,-0.008549397494304545,-0.01161100008051441,-0.012974948693871663
2015-11-16,0.014423157853764959,0.01584529155795026,0.01527293738246793
2015-11-17,-0.00923458432486738,0.00047103509038094987,-0.00010094290368279358
2015-11-18,0.005889974104854552,0.015456405875027553,0.016765626849088285
2015-11-19,0.008936036118975574,-0.0015824482451268856,-0.0009910696850039238
2015-11-20,0.0036245455621599014,0.003662415341363427,0.003706062932104071
2015-11-23,-0.0007094257942758775,-0.0011477560253909884,-0.0015807674178463472
2015-11-24,0.002661761885245879,0.0006225913090091039,0.0006655293185558893
2015-11-25,-0.0019206975831019433,-5.637773133976808e-05,-0.00045889495553587384
2015-11-27,0.0012768011060347007,0.0008222059966144867,0.0005841331190774249
2015-11-30,-0.0036695114189627437,-0.0063351165693328665,-0.005824194727054085
2015-12-01,0.006714579986273637,0.010390873586704907,0.011085100684192533
2015-12-02,-0.01261088039245622,-0.010214140692033387,-0.00968996634213839
2015-12-03,-0.0074466444103819225,-0.014610224487663043,-0.013882788202568747
2015-12-04,0.017113111304868766,0.02078574615789169,0.021953115378144022
2015-12-07,0.00405991289636756,-0.007404554590607321,-0.006321924594157669
2015-12-08,-0.001608080780292514,-0.0058503753220212175,-0.005991988551131609
2015-12-09,-0.004991449376658671,-0.005973877814230712,-0.007645851955204084
2015-12-10,-0.005908031489314561,0.002095066574189425,0.002572174883301555
2015-12-11,-0.010760386849930458,-0.019617279999999997,-0.019369275433132698
2015-12-14,0.0029024539626082914,0.005522549548710936,0.007416200324337629
2015-12-15,0.003011409860053058,0.010651209799271652,0.01001729826618581
2015-12-16,0.016339535881501,0.016405030252654048,0.01579840250357494
2015-12-17,-0.009187711728670663,-0.01496088578542753,-0.014465344119879847
2015-12-18,-0.015100031769012071,-0.018698252139333973,-0.019194651166136018
2015-12-21,0.007417464727924706,0.007688624352111651,0.007817770511709064
2015-12-22,0.012706357291141083,0.009260288837170538,0.007973295917566127
2015-12-23,0.012811346119982877,0.012045204859309178,0.010976232006981224
2015-12-24,-0.002060854623621686,-0.0015521968284745175,-0.001987217283689641
2015-12-28,-0.0015606704576632726,-0.0021020793603899256,-0.00127543279078434
2015-12-29,0.012041493720079403,0.011332218869106228,0.011627928828294162
2015-12-30,-0.005255591874660866,-0.006448101186580108,-0.006744970764174884
2015-12-31,-0.010829745713580011,-0.009412067741399278,-0.010336974667852094
2016-01-04,-0.008166499263593719,-0.016684955935814864,-0.01641194067137914
2016-01-05,0.010347227548022808,0.002395791532015624,0.0016462899504451844
2016-01-06,-0.00433963901028978,-0.010414226805852187,-0.01019209980624846
2016-01-07,-0.010731288791031253,-0.022578184690080223,-0.023946662549868308
2016-01-08,-0.011600539969476928,-0.011901607697021747,-0.010744283612000017
2016-01-11,0.0069418779700012225,0.002277617081708427,0.0036933167202818835
2016-01-12,0.000660491600228772,0.007607504767139908,0.008232880105540498
2016-01-13,-0.010931061440868767,-0.024564270000000006,-0.02429352062595876
2016-01-14,0.008593430824549069,0.01596612643858146,0.01777872113404354
2016-01-15,-0.009199759479529227,-0.02093047034873611,-0.022695704109614526
2016-01-19,0.009819312639974435,0.00108531955512963,0.0013411735954449759
2016-01-20,-0.02103378382926444,-0.011968306783397983,-0.011976488382520203
2016-01-21,0.004732226309999114,0.0039622014538456115,0.0047708949354640364
2016-01-22,0.014337680063590173,0.017517394702928863,0.01990403140431598
2016-01-25,-0.000953271381623348,-0.014401150855674366,-0.013484690589378597
2016-01-26,0.009952399868426392,0.011726215143704479,0.012461974835217582
2016-01-27,-0.0026497784537643284,-0.010287480087114834,-0.012326433110341511
2016-01-28,0.007263593845983841,0.002745594092907487,0.008308700627963517
2016-01-29,0.02366264821273832,0.02379172255848825,0.023229328624057095
2016-02-01,0.014517103621818116,0.0007993663526900551,-0.0011405712685215248
2016-02-02,-0.006572852607531282,-0.01749699449407906,-0.01756568237921488
2016-02-03,0.0003287708707121749,0.003621999123541447,0.00304443790833368
2016-02-04,-0.004512665862172808,-0.001346521463141932,-0.0004156750004802354
2016-02-05,-0.002297114834044648,-0.01919073970764814,-0.01852844202168328
2016-02-08,-0.0009331448244685014,-0.010775462999577752,-0.008951599053225331
2016-02-09,-0.004948682816102367,0.0007597309295837785,-0.0002932985594362126
2016-02-10,-0.005994759546989136,-5.2484153716888645e-05,-0.0007174032027735774
2016-02-11,-0.008424851256173685,-0.012383905858973138,-0.010233966017399466
2016-02-12,0.005960733593410426,0.02003159,0.018544677957085687
2016-02-16,0.008165751402882818,0.01612631878874457,0.01486676334095703
2016-02-17,0.0032059318578850572,0.01651123476486472,0.015247509991728811
2016-02-18,0.010167277844302897,-0.00467229769374892,-0.005619022922381487
2016-02-19,-0.0017055486086423274,0.00027461225822056676,0.0007362805485819823
2016-02-22,0.009022927971382341,0.013282962144886768,0.012930666621616937
2016-02-23,-0.001315161641283667,-0.011558849289753396,-0.012432634711030947
2016-02-24,0.0014028078132691827,0.0035373210310978022,0.003621942225335867
2016-02-25,0.009957552391052785,0.012404978446288769,0.011463055249973392
2016-02-26,-0.015538643678136092,-0.0018285897207558838,-0.0032188351824768415
2016-02-29,-0.004649498323272292,-0.008363029932989742,-0.008669874969819942
2016-03-01,0.00410161766421638,0.023301384235408677,0.024457578515411714
2016-03-02,0.0024459133490146593,0.002666613492939957,0.00339077372822464
2016-03-03,0.003526722095330261,0.003024232541499159,0.001625205021015738
2016-03-04,0.007911159738714342,0.0039046265844361176,0.0026113433427110036
2016-03-07,-0.0005167894371220047,0.0004196171617648886,-0.0008407721003860147
2016-03-08,0.006002352888289426,-0.010079792308354067,-0.007899480862707895
2016-03-09,0.0013113644033462383,0.004146330302126528,0.004844016494620632
2016-03-10,0.0017533658610191499,-9.104599540056173e-05,-0.00039155803795317903
2016-03-11,0.006502384879065656,0.015824652248540575,0.014327153587075024
2016-03-14,0.0022431768675630964,-0.0013079886184226837,-0.000747018023216019
2016-03-15,0.003145771187508905,-0.0018052900000000002,0.0004003652375647292
2016-03-16,0.006787847573748668,0.0047536456350985865,0.003978412131110554
2016-03-17,0.006034776586278779,0.005973993824128234,0.00517092338890597
2016-03-18,-0.0009848366783258137,0.005447647056208564,0.0034834607881150284
2016-03-21,-0.004046313791575221,0.001316558758626462,0.0020658292942851535
2016-03-22,-0.005027141256055909,-0.002072635500740311,-0.0008457912227892078
2016-03-23,0.005131066568206661,-0.006322974081471323,-0.005008040622100301
2016-03-24,0.0023887896884330394,-0.0010630687718015547,0.00017031758438312123
2016-03-28,-0.0029615127090750156,0.0005203107151409767,-6.811929848266559e-06
2016-03-29,0.01026607206013268,0.007491346694835409,0.008505493531383265
2016-03-30,0.0011626116808184021,0.0051050500336439625,0.005190200175802212
2016-03-31,0.00464164355814236,-0.0025030966728124414,-0.0031056301988107555
2016-04-01,0.0026987778405978603,0.0068758883394271185,0.007164261030859927
2016-04-04,-0.0025406704527828044,-0.0026757946227559666,-0.001957369773751413
2016-04-05,-0.014905134659429041,-0.00929168441366196,-0.009342952812580105
2016-04-06,-0.001558077141858045,0.01100223809388907,0.010947752804040216
2016-04-07,-0.0005328683559014373,-0.011542495217403602,-0.01183861172548955
2016-04-08,0.002657616126321307,0.002438656741411494,0.0018967327133063742
2016-04-11,-0.0039382075269420724,-0.0031408753171791636,-0.003016506285101512
2016-04-12,0.008446520697484156,0.009624060059568635,0.009523078068308153
2016-04-13,-0.0035745059234749198,0.009640615994765945,0.009094682120138958
2016-04-14,-0.0013726394214516062,0.00121521,0.0014944150234395953
2016-04-15,0.0030748117572133044,-0.0005831039559017489,-0.0013510243152573779
2016-04-18,0.006626175891890062,0.007294521294996579,0.006635204681452835
2016-04-19,-0.003948773332111648,0.0017175202071070693,0.0020742124586687017
2016-04-20,-0.010039034710565713,0.0016125622462980949,0.001027125414763388
2016-04-21,-0.01924843158426841,-0.004241499337930263,-0.004244393388782219
2016-04-22,0.004918985830964911,0.000661022656183316,-0.0032784622775480043
2016-04-25,0.004023828987747484,-0.0009529676980818689,-0.00019613249930386438
2016-04-26,-0.001580209932707181,0.0012531472777684435,-0.0011782982676574157
2016-04-27,0.005999183837456242,0.0023795198070354893,-0.000559151397582247
2016-04-28,0.004514695452192553,-0.00769515648335247,-0.008100285224804321
2016-04-29,0.008224941612565132,-0.00627645150692643,-0.0038580197978230328
2016-05-02,0.007507855327948433,0.008291622751174873,0.008494893941338101
2016-05-03,-0.0019908335834012995,-0.008814984830063705,-0.007790069588464846
2016-05-04,0.008321084134219116,-0.006041439483922983,-0.005088147198210491
2016-05-05,-0.006877286156318611,0.0005127016914897309,0.00019398429176428885
2016-05-06,-0.005372538972273535,0.0032416938140954195,0.004263814137295459
2016-05-09,0.00477480881771557,0.001701162990790347,0.001126799073525587
2016-05-10,0.013103583785493188,0.012999761664323718,0.012984486813335357
2016-05-11,-0.0010582616207677076,-0.010093981469084808,-0.009077551486542042
2016-05-12,0.008690539815785934,0.0008909640016222623,0.0005529486747515503
2016-05-13,-0.007475959188122362,-0.00882202,-0.00879173898815669
2016-05-16,0.003126337853608014,0.009193910979923102,0.00950821954885198
2016-05-17,-0.01581888695017081,-0.01061269757405721,-0.010740436495286368
2016-05-18,-0.01776470921748808,0.0011930363486593381,0.001395956949970884
2016-05-19,0.0069165575325566934,-0.0036090685722084577,-0.002804602518735159
2016-05-20,7.05938967059181e-05,0.00561244133342548,0.005358243381093966
2016-05-23,-0.00658175912701444,-0.001991607330820755,-0.0023362743446387
2016-05-24,0.010619472569513592,0.013732031696797202,0.0135460430759852
2016-05-25,-0.00034998729406319036,0.006431992286718641,0.007259022920723396
2016-05-26,0.008364775405857332,-0.00027358334805119966,0.00015229663807146983
2016-05-27,-0.000714119714590489,0.0038353077324481946,0.0037523816247764124
2016-05-31,0.0004293748857153989,-0.002565676613261843,-0.001884354621757525
2016-06-01,0.003478682331521882,0.0020484935714920735,0.0007978669136532511
2016-06-02,-0.0021293801926312917,0.00307056167127481,0.002142295133429737
2016-06-03,0.013930827211022258,-0.0017851642818798486,-0.0023111299883985872
2016-06-06,-0.0001895195913526156,0.004176868041856518,0.004164591901181294
2016-06-07,-0.0011258463952699275,-0.000562030260271487,0.00027636086414905783
2016-06-08,0.005545621273248082,0.0029899021545835226,0.003272725006205699
2016-06-09,0.007757548936035849,-0.002256135251953853,-0.0015543161093858758
2016-06-10,0.002219249786644527,-0.007979759019645455,-0.007074997754104887
2016-06-13,-0.0023083335996458604,-0.0065285211317020145,-0.0071783877399488275
2016-06-14,0.0030173414602867616,-0.00156073,-0.0006119966264726829
2016-06-15,-0.005117950562530314,-0.00288795260665178,-0.003050812171900184
2016-06-16,0.003885256623736687,0.0038741493182098533,0.004219058874972587
2016-06-17,0.0002567488590410316,-0.003647257906373723,-0.00545863626110522
2016-06-20,0.0005466586949097816,0.005930811567611631,0.004977478748586472
2016-06-21,0.0011423504233463338,0.0018792668586731444,0.003278618633245252
2016-06-22,-0.001721105146041204,-0.001257145324165894,-0.0014438382398171369
2016-06-23,0.004445037272415304,0.013460863409262454,0.012583102299557511
2016-06-24,-0.005889282621024802,-0.03582521207201337,-0.03337038043307269
2016-06-27,0.009316350915792707,-0.01593015676382185,-0.01391154738396718
2016-06-28,0.006679051371876782,0.016970097878841447,0.01718276351972521
2016-06-29,0.005328494353308159,0.017519020901638694,0.01612723330052423
2016-06-30,0.01874421370931642,0.01239544561034467,0.012149741385957346
2016-07-01,0.002184059140167,0.0014624400379044313,0.0018449190128053356
2016-07-05,0.004711744695042621,-0.0059444587843891575,-0.0044872846725497436
2016-07-06,0.00359866854432898,0.004962800638111392,0.005865016254204303
2016-07-07,-0.012109241405045242,-3.400992121998722e-05,-0.0008285858290805853
2016-07-08,0.009712020777823563,0.015118504080094084,0.013470699877792246
2016-07-11,-0.0018900949737989036,0.0032285543852610147,0.003337044482948573
2016-07-12,-0.009191126521421839,0.005337021201757749,0.004594003130666559
2016-07-13,0.00414828866769376,0.00016980102587864907,0.00014272592736957438
2016-07-14,0.0005456988780903528,0.00581759,0.005642978565614592
2016-07-15,0.0027706626685529857,-0.00036224442570148346,-0.0007042490963884133
2016-07-18,0.00037496034227885004,0.002485393469249524,0.002925959770910029
2016-07-19,0.000505985815711453,-0.00044563556981347196,-0.00031756923498289064
2016-07-20,-0.0037300229529265622,0.00403520432748816,0.0044399763225322075
2016-07-21,0.000617513296081917,-0.002878411531971122,-0.003470078239806928
2016-07-22,0.008561882890356153,0.003873077763947106,0.0034292275808788333
2016-07-25,-0.00024397462741128798,-0.0021157423564998694,-0.0031594135841531037
2016-07-26,-0.01365032829668952,-0.0005955617763025343,-0.0024394981005867455
2016-07-27,-0.010164876796366844,-0.0014980171923277997,0.001175240121831676
2016-07-28,0.0006817920779119987,-0.00017097444547075892,0.0012257789059115904
2016-07-29,0.00585466685268862,0.0013540708694131758,0.0020332431502136437
2016-08-01,-0.0011881917704275003,-0.00012127834721365271,0.000304871998090687
2016-08-02,-0.004031532975175398,-0.005123989347693111,-0.004815793297401603
2016-08-03,-0.007145798547123245,0.0025082350068292357,0.0017455090733508938
2016-08-04,-0.00032427841010930703,0.0003325015608497549,0.0012468279247450703
2016-08-05,-0.004360833936952787,0.008177213632662444,0.008196926596367804
2016-08-08,0.00039841646361213264,-0.0014246993389335325,-0.0010897725832452695
2016-08-09,0.0019230816196124116,0.0010044833893620595,0.0013169517882080995
2016-08-10,0.0017772181943433378,-0.00207858680369108,-0.002395273934084651
2016-08-11,0.0032833502445256076,0.004995980972254339,0.004061272532342284
2016-08-12,0.0026072077243059068,-0.0011648600000000002,-0.000957305263010383
2016-08-15,-0.0066697161272784,0.002256268531391477,0.0020381169933235627
2016-08-16,-0.006032980264006371,-0.004343492728797154,-0.004563204954729381
2016-08-17,0.007756366745645856,0.0022419996330014,0.0024450017067159293
2016-08-18,0.0025191358594731077,0.001764106191039776,0.0009062474341267078
2016-08-19,-0.006761782157610732,-0.0015191966867498636,-0.002287764563497393
2016-08-22,0.002045569839819419,-0.00015163188252713915,-0.0004655113623580201
2016-08-23,-0.0016754246111461803,0.0012453865387895004,0.0010737047455530676
2016-08-24,-0.0012327726116298909,-0.004843324603982145,-0.004224157354520367
2016-08-25,-0.0032315875210269366,-0.0023166396294195973,-0.001905311116874991
2016-08-26,-0.008661063244824135,-0.001326498895759721,-0.0007140295529327572
2016-08-29,0.005726593847868329,0.0045687818933519645,0.004760790710598894
2016-08-30,-0.006345315791875936,-0.001755244570377478,-0.001917390533901277
2016-08-31,0.0013851925460630792,-0.0017480330763543048,-0.0014223123106767474
2016-09-01,0.00016170903992280343,-0.0010779665898548662,0.00021859646627755592
2016-09-02,0.008132440296978426,0.00352803006587127,0.0034428476176754197
2016-09-06,0.0074019765700970245,0.003399371060577449,0.003815915629713785
2016-09-07,-0.0019902995037893354,-0.0005766914405106327,-0.0008142672861776181
2016-09-08,-0.0006090793793985412,-0.0010397996693048768,-0.002208635580924446
2016-09-09,-0.035132862033387204,-0.023890511543367125,-0.023079157527678272
2016-09-12,0.016404421066660617,0.014308921021759232,0.014560487506648323
2016-09-13,-0.012396085723789635,-0.01406361,-0.012827093377131282
2016-09-14,-0.00032396239223436924,-0.0009704831468995681,0.00027378053979799065
2016-09-15,0.00724431174602833,0.008643161821042217,0.010151100413489078
2016-09-16,-0.0022354093807699133,-0.0035706185784226316,-0.003731169315894502
2016-09-19,-0.00047233803401554856,-0.000392691828118366,-0.001832200707577802
2016-09-20,0.0006876554071967818,0.0013248637854329816,0.0016125645470446513
2016-09-21,0.009178655251878918,0.01117013472078375,0.009178803018259303
2016-09-22,0.006005516392068434,0.0059219705290099465,0.006321544228567862
2016-09-23,-0.002895420519556723,-0.006195972988173279,-0.005576489997963232
2016-09-26,-0.008097012864848404,-0.009368417809456474,-0.00949197594781064
2016-09-27,0.005482194097452512,0.00641755345568536,0.007448991393625818
2016-09-28,0.00021228573442408174,0.004692120570528817,0.00473526490972609
2016-09-29,-0.012992756532275542,-0.008809417074319599,-0.009644608811266827
2016-09-30,0.0026584645557104158,0.008497278058258362,0.008122038679065743
2016-10-03,-0.0030248477139001666,-0.0030708148380254644,-0.0027506302021624244
2016-10-04,-0.0058214396062651035,-0.004432573475957803,-0.003682587275184653
2016-10-05,0.0010685132599626492,0.004753956999441434,0.004543253517878022
2016-10-06,-0.0008819739929532141,0.0003416838794772397,7.349498745253915e-05
2016-10-07,-0.003952223957707183,-0.0025977400707165167,-0.001817752668842791
2016-10-10,0.0017563558337003184,0.003221765207590121,0.004286643827780644
2016-10-11,-0.010512361234588914,-0.01238316759006903,-0.01079482390207785
2016-10-12,0.004084382777306528,0.00116364,0.000913755743848815
2016-10-13,0.002434594039587377,-0.0030432061969110267,-0.003288951182589094
2016-10-14,0.00027182404238934154,0.0006296525239402454,0.0007467397706085443
2016-10-17,-0.008597927945426416,-0.003529220753049026,-0.002830318749287589
2016-10-18,0.00618896936777985,0.005372929819550622,0.005012197583597207
2016-10-19,-0.0011949490269525026,0.0019476377339580542,0.0009607205385581546
2016-10-20,0.0044498350310912425,0.0010295715890496244,-0.0009604303579316898
2016-10-21,0.0006468590803858509,0.0023164858422617075,0.0013006529588463385
2016-10-24,0.004669032745109599,0.005410250841815198,0.006093376793654083
2016-10-25,0.009266874789810862,-0.003700508883773274,-0.002330166135204042
2016-10-26,0.000699868651332458,-0.0004289034128186201,-0.002106946342213217
2016-10-27,0.0010835467279620696,-0.00038556192743883534,-0.0011644152917386521
2016-10-28,-0.012497828428872539,-0.003914717888655759,-0.004861938293097814
2016-10-31,0.00032567636135837514,-0.0010344465422442925,-0.0012013578903989051
2016-11-01,-0.008268775647375548,-0.006519173715179341,-0.005940638038925334
2016-11-02,-0.0013950820642532615,-0.006078863865080701,-0.006654202483557611
2016-11-03,-0.013760269702621005,-0.004409174359271757,-0.0050352070510697264
2016-11-04,-0.0018313077928456818,-0.0019910370486326385,-0.0030457569509968214
2016-11-07,0.018138044092613,0.022473495535307753,0.02224200018861225
2016-11-08,-0.02419470706323626,0.0036237653481401826,0.004154275861720223
2016-11-09,0.026101640935128265,0.012284592036390343,0.0109271766146052
2016-11-10,-0.013461288439168918,0.00274715,0.0005911862206492108
2016-11-11,-0.004152854825834568,-0.0016020026144477199,-0.0017514253647604586
2016-11-14,-0.00039263324949051715,-0.0018280569463731725,-0.004104165473391144
2016-11-15,0.0029008428907930516,0.0054338226230704854,0.007461080644421756
2016-11-16,-0.00033211321796719614,-0.0016733220058083975,-0.0002807980913277042
2016-11-17,0.001303852613949843,0.004518710969761426,0.004418053975961301
2016-11-18,-0.004549379227929564,-0.0015185324430189537,-0.0023671270230382463
2016-11-21,0.005217556706247434,0.0062011838717767245,0.007285547627590164
2016-11-22,0.0012477363601935934,0.0013057759912767153,0.0014772271142321131
2016-11-23,-0.008098344353202055,0.00018233178768480818,-0.00040735027155169065
2016-11-25,0.007314249220692385,0.003961296990618127,0.004224927746712956
2016-11-28,0.0005845581054473847,-0.00549273164500092,-0.00488840223761756
2016-11-29,0.00433665131545222,0.0023212600193036194,0.0020377385070211823
2016-11-30,-0.010155471414848613,-0.0015528322651327624,-0.0034163594384920446
2016-12-01,-0.006726694162625746,-0.002114587337791026,-0.002876825264204297
2016-12-02,0.008251424153739917,-0.0004905933696388919,-0.00033320086870372746
2016-12-05,0.0003476842395513127,0.0046447714009393475,0.005390620333136342
2016-12-06,0.00534708517355079,0.0032140265172638,0.0034993776370976152
2016-12-07,0.01380083689260482,0.012605441542669986,0.012781794999775126
2016-12-08,-0.004190775637241204,0.0015343529308153767,0.0015554118964086414
2016-12-09,0.010914726731776672,0.007443621178405964,0.008218078271138738
2016-12-12,0.0076496434596076785,-0.0001566499999999999,0.0007961315966573582
2016-12-13,0.00633621029805672,0.0074511891750642725,0.008140853242438312
2016-12-14,-0.011896422366219487,-0.007802033630527391,-0.006641761645766791
2016-12-15,0.0019992521764939683,0.004709042009097399,0.004021889288461579
2016-12-16,0.00463481210560214,-0.0027649952574046043,-0.0022767519982233118
2016-12-19,0.0037328340521846485,0.001978120044412476,0.002622629538114899
2016-12-20,0.0011824127305421794,0.0045573031904533445,0.004055031950252069
2016-12-21,-0.005491339893096693,-0.003222530191917351,-0.0027684875997594336
2016-12-22,-0.0007552584019909062,-0.001829259432786688,-0.0013901316627948318
2016-12-23,0.0006550372401067597,0.0013738570885923082,0.0007313364508062763
2016-12-27,-9.535640593436478e-05,0.0013688558100491176,0.001616164821326894
2016-12-28,-0.0058115483515096865,-0.007437033561247523,-0.006729015811559838
2016-12-29,0.004033082992636326,-0.0004990834401543436,-0.0008851867113058999
2016-12-30,-0.003225450967460814,-0.004462926063195075,-0.00494608038797344
2017-01-03,0.0028233524495432927,0.009419991377737741,0.00892201493845069
2017-01-04,0.0027286534827238155,0.005473474095769885,0.003622016149936251
2017-01-05,0.003473145878654617,-0.00030987728262540004,0.0005021181822756315
2017-01-06,0.004455419353634616,0.004790822060801158,0.0043969951940068105
2017-01-09,-0.004161674622559787,-0.00278388632435458,-0.0022429717962601627
2017-01-10,-0.003485165210922016,7.828401951537902e-05,-0.0009184072429839625
2017-01-11,-0.0009628441164646928,0.0016298327358387427,0.002474720220311832
2017-01-12,0.000979181632499197,-0.0022234999999999998,-0.0019064555159612772
2017-01-13,-0.0017383593573067596,0.0019599150699279853,0.0018039712342347919
2017-01-17,0.009481630509883408,-0.0036412702073703195,-0.0033421177095748727
2017-01-18,0.0018895506893753806,0.0027307979410462384,0.0014150592523122314
2017-01-19,-0.0043602197124068594,-0.002769007363738889,-0.0030760001754271456
2017-01-20,0.00285075189746958,0.0024592815123913874,0.003118089907636657
2017-01-23,-0.0017171293252031374,-0.003519734327666133,-0.002152846837088214
2017-01-24,0.0018198882429825707,0.005768972511423337,0.004536974202939913
2017-01-25,0.0023011530228590044,0.007436065795750829,0.008253939330340736
2017-01-26,-0.0012731776219562737,0.00014744395861754266,0.0005520616122966761
2017-01-27,-0.0006354382210602467,-0.0007961528797603521,-0.00031059139772298463
2017-01-30,-0.0009061669255771456,-0.005772343722082674,-0.0059325367475855555
2017-01-31,0.002034713677639036,-0.0008385199606721722,-0.0022767026296708335
2017-02-01,-0.005129758819960453,0.00027938814089922,0.002365566164278083
2017-02-02,0.006656713026132156,-0.0006503921032455234,-0.0003281418464489924
2017-02-03,0.00560495986102596,0.008790946495406293,0.007441463082931926
2017-02-06,-0.0021260861421982134,-0.0015783612440569428,-0.0014916376965690389
2017-02-07,0.0028070137706428487,0.0008007249061278368,0.001132502948680558
2017-02-08,0.003902468255067302,0.00048141628811767243,0.00027345706614899905
2017-02-09,0.002898922800434214,0.004745559325603419,0.005164861393373365
2017-02-10,0.004291432999197264,0.004133974144413157,0.0029704108854412587
2017-02-13,0.0018523822782497595,0.00505586,0.005700885817871145
2017-02-14,0.00236051996906888,0.0050641945592058936,0.0053511915962410565
2017-02-15,0.0037800498950478294,0.005373405781074583,0.005660181314858758
2017-02-16,0.003419230407638396,-0.0008261644776829723,-5.807814101660877e-06
2017-02-17,0.003053983351634085,0.0026056111531984967,0.00224141534958818
2017-02-21,0.006824162018269263,0.006002656694494688,0.0058163230179896835
2017-02-22,0.004365476438025638,-8.24032978235765e-05,-6.96316440477167e-05
2017-02-23,0.0022136131196651685,0.00031308590327613564,0.001423130222290749
2017-02-24,0.006059137479755307,0.0009903015603774,0.0007111202465541316
2017-02-27,-0.001510783630001661,0.0015185568266383176,0.0007103336844470049
2017-02-28,-0.0009054305897791551,-0.0025574379456714167,-0.0019195431192772362
2017-03-01,0.006629064002679938,0.014390264572987707,0.01433948058827849
2017-03-02,-0.0007522567589677344,-0.005494066906204923,-0.005091833582677052
2017-03-03,-0.0018587744439382797,0.0001416773275791595,0.0005938393080082858
2017-03-06,-0.002390823990476286,-0.002418195256688234,-0.0024885656510878545
2017-03-07,-0.0022884868745223575,-0.002325473716720207,-0.001781148969430873
2017-03-08,-0.0007890915423124272,-0.0019461754819214453,-0.0012787017290152886
2017-03-09,0.0012159611868243461,0.0014204706741602127,0.00191667572961628
2017-03-10,0.0048269536721246824,0.002882121755087949,0.00297952819086683
2017-03-13,0.000446149579050899,0.0005258680638142099,-0.00017145703955122812
2017-03-14,-0.0021261309698690717,-0.002926362870805445,-0.002362038675745801
2017-03-15,0.008087877296512497,0.007163900000000001,0.006605045522885142
2017-03-16,-0.004838454161612791,-0.0012649105170965719,-0.0003046158149454603
2017-03-17,-0.0002651858663856352,-0.0012419895818890452,-0.0020228038413798773
2017-03-20,-0.0020482655521381495,-0.002110235222977455,-0.0015652317702969868
2017-03-21,-0.0007436613352142029,-0.011625311756805055,-0.011705106234312207
2017-03-22,-0.0011963227693040823,0.0004954273733641643,0.0011586867437896333
2017-03-23,-0.0005001612038471258,-0.001294196785971166,-0.0016177970381573102
2017-03-24,-0.00023713400548628985,-0.0010269741081909967,-0.001103959121324885
2017-03-27,-0.0008377415612468665,-0.0009444121455002966,-0.0007150397092531946
2017-03-28,0.004357548504016654,0.006892562359729528,0.0068816015321454165
2017-03-29,-0.0016661858893626154,8.608936352186202e-05,0.0007070622600691374
2017-03-30,-0.0005843234600513937,0.0038198214880371686,0.0034597965151573237
2017-03-31,-0.0020191637184902816,-0.002941040746507566,-0.002922538125629184
2017-04-03,-0.00022844490568550178,-0.0016930190725602179,-0.00040585864929100024
2017-04-04,0.0021621799475046713,0.0005796756605041654,0.0015988841629346116
2017-04-05,-7.538476710429966e-05,-0.003087085930186753,-0.0031321503651172405
2017-04-06,-0.0012465146409744233,0.0015829010407977188,0.00042772193904493447
2017-04-07,0.00020036355726038902,-0.0006772290269071604,-0.0008258224944294248
2017-04-10,0.001537212331412856,0.00034981277019456255,-4.0402015116035536e-05
2017-04-11,-0.0006745734272705375,-0.0015186268322625721,-0.0019936402099180344
2017-04-12,0.002298530600501768,-0.003926175318660075,-0.002580858124314214
2017-04-13,-0.004229827440417044,-0.00650468,-0.006871172104985887
2017-04-17,0.007005678889897826,0.00886895958084634,0.008783448984246342
2017-04-18,0.002048862900753605,-0.0026706412550118954,-0.002401330763476615
2017-04-19,-0.0026529319783569964,-0.0019537203863158816,-0.0026042495851021923
2017-04-20,-0.0003469584532426837,0.006977471095721886,0.0069613465038407575
2017-04-21,0.0009925323565765794,-0.0026150913774725514,-0.0028745955343924038
2017-04-24,0.00670923506632772,0.010529084851322285,0.011074124194740052
2017-04-25,0.005500084758550315,0.007998233414452638,0.0067718985506093005
2017-04-26,0.000460413515264962,-0.00037843126111481346,-0.0007211555688583661
2017-04-27,-0.000494496687128976,0.0020554569285293027,0.0013431108425277219
2017-04-28,-0.0009544469185749074,-0.002164794279560058,-0.0003130139248496084
2017-05-01,-0.0023327555552759014,0.000971614014071239,0.002879399578113427
2017-05-02,0.0028483388866661005,0.0005749642122362089,0.0010400189497662433
2017-05-03,-0.002765533500862243,-0.000157605863854712,-2.4099823213217545e-05
2017-05-04,0.0040999046724747605,0.0012623300116137016,0.0004458488508171976
2017-05-05,0.0049905507116672744,0.002365567186427298,0.0025575370978534843
2017-05-08,0.00026804397484312114,-0.0013507129821266704,0.0013468962738084828
2017-05-09,-0.004281732985447564,-0.001381864578992376,-0.0014131768466786854
2017-05-10,0.0004002989370536914,0.0014600974478939904,0.00014219753561690897
2017-05-11,0.0012027496798810344,-0.0012937737368214988,-0.001139953605567922
2017-05-12,0.0014291184838763796,-0.0007591562695547455,5.2081719053032914e-05
2017-05-15,0.0029417510951403325,0.005574199999999999,0.004325060724223928
2017-05-16,-0.0014638791859077642,-0.00047393214945252153,0.0005081944891454114
2017-05-17,-0.0022307825283413166,-0.018234652918181687,-0.019285000513510998
2017-05-18,0.0025343346807277945,0.0026068080144760536,0.004116140654279032
2017-05-19,0.0036171201992565637,0.006372127230956638,0.005875451184637102
2017-05-22,0.00588746849629782,0.004567423070379486,0.004856491535881693
2017-05-23,0.002362438370656961,0.002784094214293382,0.0027536035470412425
2017-05-24,0.006275511639470149,0.003253537288637842,0.0026210500814035547
2017-05-25,0.007753814961350575,0.004709135319847481,0.004762985159521605
2017-05-26,0.0004833620032114633,0.0013620236488947036,0.0007893085986741686
2017-05-30,0.0025422050851761843,-0.0011399904509875327,-0.0006222079483078623
2017-05-31,0.003410482060658431,0.0010574101131206903,-0.000978192124163793
2017-06-01,0.0056098201525733495,0.0071535789472735875,0.006171996263928714
2017-06-02,0.0024710566838286622,0.004551017255199039,0.005099634945681251
2017-06-05,-0.0019391836271696297,-0.0007596730600204979,-9.808311716148578e-05
2017-06-06,-0.0012655052930520853,-0.0030827583187340944,-0.00236740460397308
2017-06-07,0.0001460409045221345,0.001642235329171335,0.0020330866859894323
2017-06-08,-0.006338302077139885,0.0006774815847668295,-0.00010716212110242861
2017-06-09,0.000788320075821584,-0.00010541614073652899,-0.0032134773896472803
2017-06-12,-0.00144906935118922,-0.0005259274021330397,-0.0016592541070676514
2017-06-13,0.0019974231679244637,0.004009856496518298,0.004333352197327332
2017-06-14,0.0030979456041401485,0.00029509999999999985,-0.0002827242404792697
2017-06-15,-0.000620579021712684,-0.001289401946535577,-0.0021608022698198105
2017-06-16,-0.0006254504221808223,-0.0009269046794987447,-0.00019212431862902462
2017-06-19,0.0044374111226806005,0.008696633215671335,0.009227341794042885
2017-06-20,-0.002935853840031163,-0.005027785330545113,-0.005755447446602423
2017-06-21,-0.004466992958390238,0.0005450049473962902,0.0007917929260826396
2017-06-22,-0.001227079159220235,-0.0003377951585837203,-0.0003380217997902871
2017-06-23,0.0030667110020983056,0.00032204802093715334,0.0013335634777202887
2017-06-26,0.004149146160869593,0.0008539730478610234,-0.0005734206568533726
2017-06-27,-0.005026031211011076,-0.00767802217341563,-0.008565020820454532
2017-06-28,0.0005193148011716377,0.009007588018563144,0.009281071400733717
2017-06-29,-0.009149680291791093,-0.00840820089939659,-0.009019579615190685
2017-06-30,0.007622095376295097,0.001422609851040401,0.0005466234640625132
2017-07-03,0.00038703086403839217,0.0019498860992847302,0.0011430033527744855
2017-07-05,-0.002355334142281813,0.0026182853542786252,0.0035599717870494272
2017-07-06,-0.0039721344646838855,-0.007764404870960731,-0.008234655961417753
2017-07-07,0.004503218596994264,0.005865128307471649,0.00600234704353721
2017-07-10,-0.0010980355323349218,0.0008995559187858472,0.001227940905509562
2017-07-11,-0.002164366764462387,-0.0008779927218809342,-0.0004953586837402226
2017-07-12,0.007541939379003366,0.007845704580882679,0.0076125289553872185
2017-07-13,-0.0017512788683612143,0.001292060925351931,0.001972569022287266
2017-07-14,0.006726341077291769,0.00515309,0.004895906604287028
2017-07-17,-0.0014951656876134103,-0.0013802867361527985,-0.0007991630870355408
2017-07-18,-2.4893218100999392e-05,0.0014275958124219227,0.0023243386871550113
2017-07-19,0.004004877185893151,0.004415613873594102,0.0046759393861024855
2017-07-20,0.00247048119968807,0.00023404904444372573,0.00035850032575447264
2017-07-21,0.0028740725866910695,-0.00012412189370950328,-0.0012386907043627114
2017-07-24,-0.004963378281135265,-0.0013315326189071225,-0.00045836544856518973
2017-07-25,0.0038056619221412263,0.0036624039108230457,0.0028754708469217547
2017-07-26,0.006396394488278517,0.0005856196593255113,0.0013020137379760233
2017-07-27,0.0013409945542833947,-0.0008078312689136,-0.00020774137232836795
2017-07-28,3.13874479640521e-05,-0.0003796978758788371,-0.0019419517533857482
2017-07-31,-0.0004927938427218027,0.0011448761226067422,-0.0005670945585297255
2017-08-01,0.001485544942179786,0.002315465826102379,0.003161530423864646
2017-08-02,0.0006029793184654561,0.0006355026927307379,0.0021814593492719345
2017-08-03,0.00014153995502935425,-0.0012421514933917109,-0.001524686882964901
2017-08-04,-0.000523669340676965,0.0017864727666937212,0.002222338148914097
2017-08-07,0.000993559019491193,0.0015125889255747772,0.0020289015573777495
2017-08-08,-0.0018845573922778185,-0.0026313841722902013,-0.0017110443725627015
2017-08-09,-2.7647626071745592e-05,-0.00022822649581093627,3.1355809130483074e-05
2017-08-10,-0.006524563190884268,-0.013611764289515643,-0.014041809525079767
2017-08-11,-0.001573136516905361,0.000695019909247691,0.0017778843500296897
2017-08-14,0.005520392529679931,0.010333580000000002,0.010484761115573477
2017-08-15,0.003222906099064857,-0.0004960108533658756,0.00020649282033877406
2017-08-16,0.0028612399617368787,0.002410520037080313,0.0012602100391475052
2017-08-17,-0.009846698588980598,-0.015323052154863149,-0.015395967865280524
2017-08-18,-0.0012092807839219754,-0.002817486664571823,-0.002367801151370416
2017-08-21,0.0037523270094865606,0.001715632463685038,0.0011844209527802523
2017-08-22,0.003078633875999727,0.009891373178922854,0.010196212398666384
2017-08-23,-0.0012643830315602785,-0.00412705564245942,-0.003768775528367723
2017-08-24,-0.002337966060667082,-0.0023260252005177675,-0.0024368832289497163
2017-08-25,0.003716561100664228,0.0009578119679955212,0.0007027280862184207
2017-08-28,-0.0006080972496640652,0.0010630540247263853,0.0012318823946112236
2017-08-29,0.0008367171735282066,0.001959674794735525,0.0023416313469153916
2017-08-30,-0.0006516355692770746,0.005633073837080155,0.00490870554792498
2017-08-31,0.004263584103074917,0.006238985322464861,0.0057559924594862205
2017-09-01,0.0008010668890283359,0.0017950468533919233,0.0012711061738892044
2017-09-05,-0.0005254082126836675,-0.006911122453210088,-0.007476746017553433
2017-09-06,-0.00045041626051060867,0.0028899544199178008,0.003134911472415004
2017-09-07,0.002143018508928162,0.001045423317567426,0.00033634507185631354
2017-09-08,-0.0016005506330259217,-0.0004407748280082491,-0.0031863881515754996
2017-09-11,0.009103417643773832,0.010354865492874076,0.0108133184483004
2017-09-12,-0.0012407468604457206,0.004278953525410972,0.003913604548655503
2017-09-13,-0.0025621149748383627,5.218000000000022e-05,0.0013093496545781007
2017-09-14,0.0028266481836550627,0.0003391400876302273,-0.0009916697078850819
2017-09-15,0.0015620224454513615,0.0020243037853465836,0.0015085875563736304
2017-09-18,-0.003062597799622933,0.0025551362182103547,0.0015301478773158022
2017-09-19,0.00048250979092963645,0.0009767744038734379,0.0021594118896293537
2017-09-20,-0.0032720446961104965,0.0009655321953743957,0.0002657949455583659
2017-09-21,-0.005280705909766033,-0.0024156458932170677,-0.0035310382064250288
2017-09-22,-0.0033635349260150225,0.001103702783566927,-0.00014455464676600745
2017-09-25,0.007627518473877796,-0.0019069357210794316,-0.004105994401596742
2017-09-26,-0.00113704481487615,-0.0006590905361423952,-2.3025696461437825e-05
2017-09-27,-0.006834344625155535,0.003087081824885521,0.004246333333887478
2017-09-28,0.0011946830485423338,0.0012132348173832727,0.0013736297142315102
2017-09-29,-0.0002810840957295339,0.002917591425926887,0.003417982661904844
2017-10-02,0.003762346131523742,0.005167588494297151,0.0039018058435392492
2017-10-03,-0.0013743087612924489,0.0021203610734822475,0.0026383495230832745
2017-10-04,0.0053275901963472806,0.001269228433146816,0.0002707389198342716
2017-10-05,0.0014788879353619228,0.00633445113790284,0.007202374721613946
2017-10-06,-9.922107828556933e-05,-0.0010857516751560249,-0.000526534873266576
2017-10-09,-0.00016342407179517187,-0.0020470244141322074,-0.001106435814997831
2017-10-10,0.006655593842950048,0.0029221956150576995,0.0026599070800071376
2017-10-11,0.006732616274265662,0.0023473386937603647,0.0026865593826430082
2017-10-12,0.001039261499124767,-0.0020036600000000004,-0.0028134184013744656
2017-10-13,0.00048097240006023253,0.000514958685579949,0.001005106369985324
2017-10-16,0.0027724579658206295,0.0009151908879116411,0.0027025221544194926
2017-10-17,-2.549296154225113e-05,-0.0009445531930181245,0.0009136203319821906
2017-10-18,-0.0013514916626470527,0.0012447863062086928,0.0008696640725414531
2017-10-19,0.003456867658293334,0.0025967083429647847,-0.00014724445721378378
2017-10-20,-0.003616432946606043,0.004528216254579162,0.004409665939360882
2017-10-23,-0.003599774815350571,-0.003480606334076223,-0.004293848774463807
2017-10-24,-0.001384429577748985,0.0014037593403603034,0.0017492975913564845
2017-10-25,-0.004662185797250563,-0.003894040137499424,-0.0037798463249423073
2017-10-26,0.00018257201496369054,-0.0005168602573883244,0.00032598347700692204
2017-10-27,8.250904582608793e-05,0.0036895255767334244,0.012210318350067008
2017-10-30,-0.003451688470286583,-0.003936160243157037,-0.002587305087350677
2017-10-31,0.0027683305204102187,0.0006256214207298109,0.0006761814810389494
2017-11-01,-0.0020538782863801777,0.0031475489722501706,0.002631306294035413
2017-11-02,-0.005660062693929958,-0.0003350390153332248,-0.00039858806930387927
2017-11-03,-6.419732885140757e-05,0.003659453267708978,0.004443707525574635
2017-11-06,-0.0021246506013337368,0.0002331919929735054,0.0003192849590337847
2017-11-07,0.011095008614097412,-0.00013881260568875982,6.225309685806909e-05
2017-11-08,-0.003901463835252451,0.0017273285706152154,0.0017294347243653877
2017-11-09,-0.0012276104590453756,-0.004201699852706926,-0.003605984678923776
2017-11-10,-0.0011166576866235049,0.00060509,-0.00030991518451173447
2017-11-13,0.0035050487825802334,0.0014119953501935515,0.0005135872425864001
2017-11-14,0.001440194162822878,-0.0030351406456271966,-0.0031611826673278182
2017-11-15,-0.006848290979457362,-0.004841390559863656,-0.0049576867773153425
2017-11-16,0.00222513060260606,0.010050620329363496,0.010081618211638324
2017-11-17,-0.005194027830407717,-0.003288536062115783,-0.004834417576054002
2017-11-20,-6.333748872648445e-05,0.0012805280407100783,0.0011352196754663244
2017-11-21,0.0071636842220707386,0.006812074435471321,0.007822919333286379
2017-11-22,-0.00034525939252566664,-0.0016828659658354175,-0.0006250439912236689
2017-11-24,0.004668408011955864,0.0015333139348089274,0.002729504548345988
2017-11-27,0.00024483074547679745,-0.0009839392257081077,0.00020516964119107604
2017-11-28,0.006722807218236775,0.010295705658078951,0.009197216082703661
2017-11-29,-0.0024919802785621672,0.00044970645924054996,-0.0024744934366034373
2017-11-30,0.0074831455040327,0.008480225808816863,0.008676994670851814
2017-12-01,-0.0017463611035829702,-0.0017638011841581214,-0.0018930623766036003
2017-12-04,-0.0022970514308265403,-0.0016806525206691594,-0.002653402190665067
2017-12-05,-0.0014033749031458563,-0.003684760986214158,-0.002353223413212673
2017-12-06,0.0027845187611525335,-0.00048286968110492997,0.0005747773681476785
2017-12-07,-0.0011465330990330978,0.002034228425651076,0.002018193941113782
2017-12-08,0.002374915415753946,0.005424519963375111,0.0051746412919989136
2017-12-11,0.003232422948015558,0.003587194328487677,0.004646659102285062
2017-12-12,-0.0016746694808699382,0.0027847699999999998,0.0031548774670540443
2017-12-13,0.0046526438305734595,-4.7633302388507696e-05,-0.0001150954171796351
2017-12-14,-0.0006955785884866446,-0.0043692499884772276,-0.003250697687792357
2017-12-15,0.006863603969942066,0.008074403697502668,0.008673919832030582
2017-12-18,-0.002176542693984922,0.0035603563087386074,0.004670087704999954
2017-12-19,-0.0016954934155877048,-0.002253531847667874,-0.0031536800959097904
2017-12-20,-0.0034739739695790186,-0.0003139589684493534,-0.0012410785032014287
2017-12-21,0.0017367898725365808,0.002837379690666233,0.0026939584206998575
2017-12-22,0.0005366650868686087,-0.001214774043096846,-0.0010515109645757037
2017-12-26,0.0010201420986773078,-0.0005275343567823754,-0.0017834621044903398
2017-12-27,0.001528729501930845,0.0006323327778111465,0.0008793695175204209
2017-12-28,0.0010700413000641785,0.0018143020959220507,0.0016670271890237877
2017-12-29,-0.001548670325406307,-0.004992226860761604,-0.005539436251286878
2018-01-02,-0.0006259462463450214,0.00892278630181844,0.009195534612154516
2018-01-03,0.002701284609695921,0.00776711399301437,0.0068776422990897874
2018-01-04,0.0018896276426079636,0.00504728702327684,0.005100419758697829
2018-01-05,0.004840639612594335,0.0077678030404916614,0.008113912650150603
2018-01-08,0.002138648774631511,0.0011364119902423522,0.001014021823510581
2018-01-09,0.0006042239652942915,0.003046786863065032,0.002122890233733678
2018-01-10,-0.004267698163896759,-0.0003066922637362971,-0.00023733304423456932
2018-01-11,0.0028088214538908125,0.006575846411281515,0.006326890047030313
2018-01-12,0.005582507827704674,0.007448830000000001,0.0075743466534653105
2018-01-16,0.002449595242984249,-0.0017840340299367862,-0.0019479463794860358
2018-01-17,0.009973785098310673,0.009377155623914233,0.009797587374594002
2018-01-18,-0.001773721510837228,-0.001023419781397708,-0.0005510872762784869
2018-01-19,0.006518003537628152,0.004863015048798661,0.0036102524390287816
2018-01-22,0.007657950093483505,0.008010579972168589,0.008830950376082674
2018-01-23,0.0031127281264331564,0.0015743382523991146,0.0017527973475922572
2018-01-24,0.0012393378696271128,0.00137259182548849,-0.000287972787023735
2018-01-25,0.002241463261059535,0.00125531250719692,0.0013626218699619521
2018-01-26,0.00978985627235142,0.012720027959085911,0.013157322931769235
2018-01-29,-0.008448190246609817,-0.005001292319804577,-0.005638435009532849
2018-01-30,-0.006585075895429075,-0.012627937310243838,-0.010990392533775413
2018-01-31,0.0014031571867309316,-0.0011946273428846874,0.0003851602934891986
2018-02-01,-0.003027745403319648,-0.0005501337318049266,-0.00017074607949880426
2018-02-02,-0.013541972357675174,-0.01901126442526368,-0.021122255769466202
2018-02-05,-0.037600703293221724,-0.042581941149378785,-0.04380076310569563
2018-02-06,0.008538245394225649,0.01670100755102887,0.02015819958329247
2018-02-07,-0.004856778885404163,-0.003059249640291015,-0.005628837459694715
2018-02-08,-0.03236739818015404,-0.03821588912034719,-0.038762662029669166
2018-02-09,0.01028018676377842,0.013333519877895992,0.015089574430676858
2018-02-12,0.012533843140140855,0.012530602589557465,0.014498429560149215
2018-02-13,0.005715810248774274,0.0020911999999999992,0.003310609490664494
2018-02-14,-0.0002153080853040574,0.012448801498366618,0.013480987963765295
2018-02-15,0.018110180718896637,0.013102598824464008,0.013819175078958381
2018-02-16,0.0038089806849244904,0.0008164792711843819,0.0002736430565272492
2018-02-20,-0.01387113758194378,-0.008172739503158959,-0.006948546058057799
2018-02-21,-0.00808438508553365,-0.0054702358436166335,-0.00523734102286675
2018-02-22,-0.0006531661143568154,0.000632199831364892,0.001348620923654933
2018-02-23,0.01652552048942229,0.015528302782527682,0.015856500999125576
2018-02-26,0.006394916790334907,0.013253946407225046,0.014109443162823749
2018-02-27,-0.014448374937910027,-0.012732516202119463,-0.012421644893335514
2018-02-28,-0.006731389625919496,-0.012727408272903806,-0.011450285766710507
2018-03-01,-0.00228201849570475,-0.01367307574424419,-0.014443669112531655
2018-03-02,0.003934819455639438,0.004805811907652542,0.004830215169349968
2018-03-05,0.010183990668814358,0.01001712960666234,0.010554888445696646
2018-03-06,-0.0028021835637568717,0.0024891425135172103,0.0014945660867617845
2018-03-07,-0.002233990652363001,-0.00021559622916049735,-4.4734648972847144e-05
2018-03-08,0.006300733317719983,0.004480541222150177,0.0051400394891762185
2018-03-09,0.008610723504205168,0.0172334052724808,0.017786442681766736
2018-03-12,0.0013329000777027,-0.002507084385417408,-0.0010354284283387882
2018-03-13,-0.0022483709921361336,-0.006644227894266852,-0.007777688944729793
2018-03-14,0.004219889732739235,-0.005904960894456442,-0.005677824003458021
2018-03-15,0.0014924874954666502,-0.00035808,0.00018035968249126988
2018-03-16,0.004877503242831086,0.0011912835878871506,0.00010658775190066323
2018-03-19,-0.01212476411417514,-0.014087818784871819,-0.015970726075685008
2018-03-20,0.0018529075750062893,0.0018675425233752065,0.0011698868683639077
2018-03-21,-0.0015731377550603472,-0.001732169518013485,-0.002830072280957799
2018-03-22,-0.008900543784870612,-0.025836916878789057,-0.026749036162829646
2018-03-23,-0.01864235521207847,-0.02003807828002475,-0.022040490362689794
2018-03-26,0.021557646962671505,0.026420398395982404,0.02941953415368194
2018-03-27,-0.006379511953611869,-0.01703064955816496,-0.020520079864165305
2018-03-28,0.00327503202110671,-0.0013516680920483267,-0.00333164521927969
2018-03-29,0.007945396211535663,0.013022763762892879,0.014419492933284005
2018-04-02,-0.015141711061148637,-0.022490417263906926,-0.02337734748823508
2018-04-03,0.00839458374467865,0.013373681591622893,0.013238535431742296
2018-04-04,0.007785179310442635,0.011838344748380684,0.0122465903436922
2018-04-05,0.00667345229535651,0.005696028030522748,0.007666978697374438
2018-04-06,-0.013063837345811832,-0.022553245113512258,-0.022600699667164086
2018-04-09,0.0009868013718826037,0.003426757284391942,0.004211034583714446
2018-04-10,0.007777225167043304,0.01673059677399411,0.018173091173632406
2018-04-11,-0.004546465434689737,-0.00520030195281038,-0.006300133475996004
2018-04-12,-0.0013676866228344282,0.009042411780572515,0.009744289615835844
2018-04-13,0.0031078123717385602,-0.0019327172151202257,-0.003173522401405992
2018-04-16,0.008567234069615834,0.007460479999999999,0.007147756026020129
2018-04-17,0.006617862187744199,0.009639808347519496,0.01221465399944695
2018-04-18,-0.0038374194933640505,-0.0009250546347702782,-0.0010537932388061245
2018-04-19,-0.009032525703150284,-0.007119109477012636,-0.0048251183315827905
2018-04-20,-0.011874122156120053,-0.007830643137688772,-0.009618358710243904
2018-04-23,0.0006417344240399015,-0.0003083089829286614,-0.0007289766069304971
2018-04-24,0.0003193179210362822,-0.013996733101594987,-0.015507563248825566
2018-04-25,-0.006000760438956297,0.0011035845507714275,0.001199198099617464
2018-04-26,0.008272205763919967,0.010757281471042116,0.012874607291367326
2018-04-27,0.0014788034012776265,-0.0017523110289480513,0.00012350604916615976
2018-04-30,-0.0012661554621004008,-0.00792698946131017,-0.0073340463600026036
2018-05-01,-0.0041581973535742235,-0.00021176323174322513,0.0030672553438528573
2018-05-02,-0.004163771223280517,-0.010263912703482482,-0.0070283557229261
2018-05-03,-0.0010477411232149717,-0.0024467339376734315,-0.0013933994661060982
2018-05-04,0.009301794449200174,0.013004234399447215,0.013901797676286501
2018-05-07,-0.0054119607971179415,0.0030371265573631537,0.004493425905437744
2018-05-08,-0.011827648918119762,2.066094970823403e-05,0.00024028470045652994
2018-05-09,-0.004544800498913706,0.00926576797277175,0.010207231590130908
2018-05-10,0.010263795898508425,0.01014651252538126,0.010122552906168652
2018-05-11,0.0028186767073351115,0.003995146746714212,0.0027107304888721044
2018-05-14,-0.0018957448271204654,0.0019115433714039507,0.0015661859080709699
2018-05-15,-0.007261928079942317,-0.00744041,-0.008037504382832595
2018-05-16,-0.004704822769830128,0.004683423632852109,0.004169894997900525
2018-05-17,-0.004221954238215533,-0.000549404131149133,-0.002294736024875034
2018-05-18,0.004107919243812224,-0.0019263419906561203,-0.0031791243897631716
2018-05-21,0.0129616308822104,0.007338995515365488,0.008482282748294826
2018-05-22,-0.0053053058397611,-0.0025981208639353254,-0.0027696754725993282
2018-05-23,0.0002446575388642167,0.004047470558452365,0.0045588456140880805
2018-05-24,0.0014311870939019422,-0.0014064352844811816,-0.0029215415107087853
2018-05-25,6.857133213130856e-05,-0.0025445746867037407,-0.002196972092813736
2018-05-29,-0.004200333203793097,-0.012947157618555936,-0.011730646767706226
2018-05-30,0.01220419867314112,0.013558611257071347,0.012760534235262747
2018-05-31,-0.0017810365554566108,-0.008520460884646154,-0.005711566999719344
2018-06-01,-0.001829240755310801,0.010150837960055023,0.011731623201527083
2018-06-04,0.0031619457392377454,0.005277628375695449,0.005847441944560884
2018-06-05,-0.0036281338284635347,-0.0014109634696500538,0.0002350188252814766
2018-06-06,0.002456820241780032,0.010737615878517353,0.009540127266085212
2018-06-07,0.003931519344245615,0.00038421227407426067,-0.0012129980881654102
2018-06-08,0.0035539709930235107,0.0034229890096530457,0.0023945985661629147
2018-06-11,0.0013337266098380344,0.000741852272577877,0.00041365731069384245
2018-06-12,0.005537240064064222,0.00018129866269980276,0.0011541626404014142
2018-06-13,-0.000702533018651662,-0.00275222134471542,-0.0034953490320206618
2018-06-14,0.006220322262410002,0.00231348,0.0029556509734264234
2018-06-15,0.004890513380039211,0.00045755015551621637,-0.0013589101072650337
2018-06-18,0.0001563443421040548,-0.004684544790624513,-0.0023215445764338933
2018-06-19,0.0003736248950661379,-0.003211602545855313,-0.00331966278176319
2018-06-20,0.002309847940755764,-1.9600506529715797e-05,0.001247830163100472
2018-06-21,-0.0015628621534906739,-0.0062021662001408556,-0.006423502385342699
2018-06-22,0.0005331596685154255,0.00293203141674451,0.0015807640279187358
2018-06-25,-0.005673299218754436,-0.013477054096831316,-0.015411025657773629
2018-06-26,0.00234858494844116,0.0018598860454356742,0.0032363111999766598
2018-06-27,-0.0028917403499379847,-0.008499435373858805,-0.008737884145850881
2018-06-28,0.0029022496641440717,0.005007180186909483,0.007677967587533284
2018-06-29,0.001366133710650364,0.0007016458382801909,0.00030155244096408183
2018-07-02,0.007126691618532894,0.0027544748985640207,0.004284185696218411
2018-07-03,-0.005372972660649643,-0.0046902281701393924,-0.006868996929313443
2018-07-05,0.006985233857762353,0.008967572611462055,0.00950412819937221
2018-07-06,0.007119346402331118,0.009783344981910051,0.009211917656956316
2018-07-09,-0.005742927493380683,0.00916299181566511,0.010040611445885195
2018-07-10,0.006550234140246794,0.004213415102066312,0.0040368103649993225
2018-07-11,-1.4829014699775939e-05,-0.006781701288412636,-0.005939795849710878
2018-07-12,0.00877965009075696,0.007914710900424792,0.010280263479312128
2018-07-13,0.0008429469792497715,0.0011332744552231232,0.001105791710939574
2018-07-16,-0.004626595587108288,-0.00132092,0.0005907597158395526
2018-07-17,0.005793633276692639,0.0038297960787162977,0.0042814711269034385
2018-07-18,-0.0006972122164236492,0.001988078420306094,0.0009853912725192365
2018-07-19,0.001885987152519198,-0.004566284107579302,-0.005323546504993668
2018-07-20,-0.00371731847853796,-0.0014376687131983656,0.00040064979021930166
2018-07-23,-0.0010359148248050229,0.002453215095456499,0.003255034391462661
2018-07-24,0.0063138344069359744,0.005900957395776199,0.008124057660893228
2018-07-25,0.00544755096968339,0.00899455356562068,0.009398055464119086
2018-07-26,0.0014622090066273912,-0.000986736450474852,-0.00703024210787174
2018-07-27,-0.006380928109754845,-0.005110296466808388,-0.006475890193500669
2018-07-30,-0.005145456886152418,-0.004049743626029571,-0.005989767746566845
2018-07-31,0.013290149598161032,0.004372418565798358,0.002849969760308488
2018-08-01,-0.004900045008702111,-0.0034391764222694928,0.0018254477257436171
2018-08-02,0.0039175090532682574,0.0022126296860021195,0.005580350633743984
2018-08-03,0.007216400677491004,0.005591827111710172,0.005079485459782284
2018-08-06,0.0032751131475569793,0.0023726024665158526,0.004162966009730351
2018-08-07,0.002045527766194047,0.003088444185597897,0.002911268236977696
2018-08-08,-0.004674617768481913,-0.0006633039665460232,0.0007754795856121878
2018-08-09,-0.00015483191926863896,-0.0018402578815589366,-0.0008179275248348293
2018-08-10,-0.002064343590859018,-0.006598150827527974,-0.006724258843048349
2018-08-13,-0.0028320331470026907,-0.004218364730241351,-0.0037874573389267236
2018-08-14,0.006323863829030388,0.00603421,0.005842654932666758
2018-08-15,-0.002078823676086572,-0.008147468372124246,-0.008069706549005755
2018-08-16,0.018474012759688796,0.009787318158104574,0.009167902563176195
2018-08-17,0.0035861952507462128,0.00225697918563436,0.0023396463332985445
2018-08-20,-0.001326771043404437,0.0027930381264760183,0.0012386203498448098
2018-08-21,0.0031997008887045676,0.0037886921355371117,0.0019750574018959663
2018-08-22,-0.00571737283889367,9.423206208015483e-05,0.001069402918733948
2018-08-23,-0.00025095276932486134,-0.002394425324528699,-0.001420413921771958
2018-08-24,0.0038374732803263876,0.006183726559859862,0.006168857219452763
2018-08-27,0.0002069990925500924,0.008475356892436682,0.00875031596696266
2018-08-28,-0.00048256558057770257,1.1894284112014578e-05,0.00018781454958159002
2018-08-29,0.003342559707612415,0.0049435379258239995,0.007036068451174502
2018-08-30,-0.0010524614272158707,-0.00439679182919811,-0.002984592341378501
2018-08-31,-3.4584689682661295e-05,0.0003548613515088831,-1.5162780148111285e-05
2018-09-04,-0.0019741640841235684,-0.002751325252617355,-0.001958911209296188
2018-09-05,0.006723268120663081,-0.0018841656279529515,-0.0045950246587656085
2018-09-06,0.0031175974738028574,-0.0029544118082125816,-0.004505426851960088
2018-09-07,-0.005037510343663265,-0.00039429057796507195,-0.0013694999147269807
2018-09-10,0.005063213902440185,0.0028106212623723757,0.0012940901282525118
2018-09-11,-0.0005739820478916674,0.001008266839588158,0.0053826451903552525
2018-09-12,0.005268535945412014,0.0024595777891230695,0.00027634936633104266
2018-09-13,0.004087737936388047,0.005195829999999999,0.005750913218346545
2018-09-14,-0.0018984240288880678,0.0004217919473561684,-0.0006035598757915796
2018-09-17,0.00251209235426988,-0.004571969434378494,-0.007210145184328044
2018-09-18,0.0023891592367435476,0.005851680895476429,0.0060806635959214
2018-09-19,-0.004151320196586047,0.00287147580518676,0.0022155745778995274
2018-09-20,0.007895902867910663,0.008200090307734857,0.008975848697800964
2018-09-21,0.004039707410935113,0.000728211050964147,-0.0012124793437885864
2018-09-24,-0.009678632592751113,-0.004584900943138268,-0.001910825210922551
2018-09-25,-0.005620170894476307,-0.0018129853152233602,5.770253227482515e-06
2018-09-26,-0.0023765169551807305,-0.0018954587668144369,-0.0028181288925738135
2018-09-27,0.0036285648203025476,0.0025694140540099097,0.004480180960992114
2018-09-28,0.001743140962716352,-0.0003928611247293418,-0.0009724772006114564
2018-10-01,0.0018747822929622315,0.0052543888524485055,0.005291114285845271
2018-10-02,0.004848504137663248,0.0008140117938401185,0.00019059923595290593
2018-10-03,-0.004411826209493671,2.598783178209135e-05,0.0007609572537925832
2018-10-04,-0.0008702243651958945,-0.006902975549666373,-0.009050103363066992
2018-10-05,0.0005677565720274335,-0.00531295733087662,-0.006484283010257508
2018-10-08,0.007476280475475433,0.0006806864087513842,-0.0007711924581402239
2018-10-09,0.002762903984618155,-0.0008257186520183509,0.0009398925818570519
2018-10-10,-0.016168603838775792,-0.032212667645566136,-0.03530765974515312
2018-10-11,-0.024792256869220482,-0.022350258165448934,-0.019937847604021328
2018-10-12,0.007258621760368313,0.015227360000000002,0.018024716973363452
2018-10-15,-0.002649663304052777,-0.006711419915574381,-0.008553489561990334
2018-10-16,0.013090701729449402,0.021270711104942802,0.022671591886329306
2018-10-17,0.0026523667427660095,0.0009010788208932143,0.0011411451676929733
2018-10-18,-0.0013023106701013129,-0.015028889080721131,-0.015897178500324936
2018-10-19,0.005756736900561266,0.0004024810929715508,0.0017640017848006766
2018-10-22,-0.005675069043418721,-0.005921073944691019,-0.003044842733293926
2018-10-23,-0.001971229271872275,-0.00561333050213699,-0.00438388810304213
2018-10-24,0.001448623847599723,-0.03062525269247147,-0.03306545013762678
2018-10-25,0.0004192501901504913,0.016297423989125273,0.02277977989067598
2018-10-26,-0.012682395133585671,-0.015429684354520518,-0.0188502926915059
2018-10-29,0.00998802937810507,-0.005402847797868117,-0.01075057935674576
2018-10-30,0.013007129666517766,0.016503897370372698,0.013921464441838406
2018-10-31,-0.0029391994665542934,0.008452810565615148,0.013612529606647529
2018-11-01,-0.0014054215989243726,0.009205729169579244,0.009052455435549604
2018-11-02,-0.006266744184305638,-0.006146801084019402,-0.008149896340303569
2018-11-05,0.012455696338558468,0.007877730948172311,0.00440616000787036
2018-11-06,0.008589135053763216,0.0073418727447361574,0.006211054270463538
2018-11-07,0.013373068553770876,0.020615260148572193,0.024172253729558557
2018-11-08,0.0012603874618948867,-0.0021433836939670076,-0.0018423666619263011
2018-11-09,0.0033179634992900496,-0.008768477727592164,-0.009908981141072559
2018-11-12,-0.0046429095969405315,-0.019432880000000003,-0.02148657688927043
2018-11-13,0.0006521097144858797,-0.0004714524552281538,-0.0019263343625269224
2018-11-14,-0.006162539142192434,-0.005725435995580454,-0.0075814832311171245
2018-11-15,0.00419488764963293,0.01121712358030074,0.011808309244593774
2018-11-16,0.003294678594409994,0.00229309181832879,0.0015578952050792451
2018-11-19,0.0021025634787620036,-0.015453657792579538,-0.018438942579444513
2018-11-20,-0.010866892380629505,-0.018077739411630787,-0.019023895243157337
2018-11-21,-0.012033331758718768,0.001306139932645692,0.0015836339224222604
2018-11-23,0.001337136575583494,-0.006024370982174735,-0.00784049541137653
2018-11-26,0.004030583601703861,0.013456601372834758,0.01670421024691974
2018-11-27,0.007098194658294239,0.004574715631975649,0.004853014744019262
2018-11-28,0.007237986120949504,0.02251767710524534,0.02598741832110211
2018-11-29,-0.00038696700080566483,-0.001018905331835372,-0.001536111342520318
2018-11-30,0.011929985749908074,0.009765825555810756,0.0096354580119244
2018-12-03,0.0042330137271916176,0.00876266271635863,0.011301320248093577
2018-12-04,-0.010286657283268266,-0.030686690496412414,-0.03267476233611142
2018-12-06,-0.0005837461863229383,-0.0010570491879873193,-0.00039591611023376467
2018-12-07,-0.0072291577347407985,-0.022337352635382206,-0.024114197377058003
2018-12-10,0.0031374188374113433,0.0018558037144422172,0.0033833619401066814
2018-12-11,0.002318062853385453,-0.0004940526732343157,3.604422506501692e-05
2018-12-12,-0.007744119177797036,0.0051439875741738205,0.005254918957244891
2018-12-13,0.00554233861359314,0.00154599,0.002120742392291842
2018-12-14,-0.0058264391219046635,-0.019364844707111254,-0.021816956571700036
2018-12-17,-0.02528698189359107,-0.019299404995932905,-0.020557560183908457
2018-12-18,-0.0024390095105082817,-0.0016417110970171455,0.0013883124939947148
2018-12-19,-0.0066335245728562225,-0.013134344665290098,-0.015347911148001272
2018-12-20,-0.003850979703850495,-0.016023003830758258,-0.016109118366594836
2018-12-21,-0.0013034982177539355,-0.019557206918409443,-0.022787283580941724
2018-12-24,-0.037264320088419574,-0.026375748573995137,-0.02645656401082589
2018-12-26,0.02843573060102555,0.047833429602446895,0.05278991303379226
2018-12-27,0.009822905745901323,0.00944225370100342,0.007990918382531789
2018-12-28,0.0019608370921370207,-0.0001642303898914956,-0.00044006136040076007
2018-12-31,0.007199813683307651,0.008634890072238213,0.00878016101890241
2019-01-02,-0.009422969038043861,0.0012323426094782365,0.002867309817534681
2019-01-03,-0.005209065227765251,-0.02306994129612317,-0.027662453628298896
2019-01-04,0.015002776033541738,0.03328302172777364,0.03536366098919132
2019-01-07,0.001316544680786767,0.006337999709120261,0.005904310258279127
2019-01-08,0.011535633242269961,0.008178660358963995,0.00952641630027589
2019-01-09,-0.009173961511658007,0.0037355562619221256,0.0033943455053787376
2019-01-10,0.007208474242835027,0.005171243268115266,0.002849920776791338
2019-01-11,-0.0012511603289429812,0.0003489503619744242,-0.0007417879352292738
2019-01-14,-0.008703240193328807,-0.0039043816200893,-0.004939764903506543
2019-01-15,0.015785925019128694,0.010040460000000001,0.013192679767050188
2019-01-16,-0.0022800212401246456,0.002080638461958247,0.0023623319966866747
2019-01-17,0.0042675577833519865,0.007097204488999751,0.006759889315933556
2019-01-18,0.0036075364770384796,0.012908286852954155,0.011593236897760007
2019-01-22,-0.005217035214992028,-0.012964424238319712,-0.014808288720342866
2019-01-23,0.007223489276532861,0.0033917562058364626,0.003812500975545368
2019-01-24,0.0024704626754147945,-0.0005419368066694952,-0.0008925686853795144
2019-01-25,-0.0065603948169596455,0.006845455502518167,0.0073786309827928
2019-01-28,-0.008472317171826867,-0.009561068940325634,-0.010067373498268906
2019-01-29,-0.008045756439383859,-0.0003961251955811583,-0.0034864262217506816
2019-01-30,0.013522351708038255,0.01408534326939375,0.018404512449686303
2019-01-31,0.019397684461175922,0.010218003357423481,0.010291556632415017
2019-02-01,-0.009239432299133293,0.0012344224680084365,-0.0008938077404652641
2019-02-04,0.0008006096159920399,0.005485682316655889,0.0077789266726666926
2019-02-05,0.005890246978117433,0.0037791523746060927,0.00564493040605672
2019-02-06,-0.0018103431903047085,-0.000651265557887444,-0.0025518835639242524
2019-02-07,0.00197676450889262,-0.010416003121797131,-0.01090515189341246
2019-02-08,0.005285560433579795,0.0014211902497084073,0.00041692987907189765
2019-02-11,0.0005361305594979164,0.0013853915009433902,-0.00023804683588972867
2019-02-12,0.0068457239347289684,0.013152445620595454,0.01392665884525491
2019-02-13,-0.0022935959218119157,0.003180259290852955,0.0022616082694096487
2019-02-14,-0.006552558465543234,-0.00222876,-0.002301296837483212
2019-02-15,0.005610924395191118,0.012674137731480418,0.010661728269590753
2019-02-19,0.001645582213888043,0.0008972924684235191,0.001631802350319247
2019-02-20,0.004399175960974572,0.0017284195968684819,0.0011267827441862714
2019-02-21,0.0030790776050072534,-0.004356865431302852,-0.0031231466572686052
2019-02-22,0.005963092070111365,0.004204944308512219,0.006359331121609139
2019-02-25,-0.0003726681102984917,0.002002230336289598,0.0024760139075973788
2019-02-26,-0.00316973908860088,-0.0007771208411996763,0.0001730597748429729
2019-02-27,0.0033073483064003932,-8.89216134785557e-05,-0.0004674359016151874
2019-02-28,0.00275888358426575,-0.0038943117761852074,-0.002807599638415065
2019-03-01,0.004780502164022481,0.006525286099022838,0.007250384840175025
2019-03-04,-0.003232763392167888,-0.0057953630716871245,-0.003148459148432223
2019-03-05,-0.0017569426318435007,-0.0012413647692591195,4.14710661682144e-05
2019-03-06,-0.0017662019774174374,-0.006342782863456868,-0.005402700667976915
2019-03-07,-0.0003615125387687387,-0.007443143745783673,-0.008457362693151239
2019-03-08,0.0017118391844087146,-0.0018787047814161975,-0.0013701553755703121
2019-03-11,0.006749880202097056,0.013036314030699572,0.015263972668049075
2019-03-12,0.0009389744748720723,0.0023443096720238157,0.002879763673743037
2019-03-13,0.0025694837078496357,0.008848347234667396,0.007580737113418365
2019-03-14,0.0019867955661363288,0.0002742751894559133,-0.00015080849099795662
2019-03-15,0.003978363158118876,0.004899505557512835,0.005511293119546559
2019-03-18,-0.003093148571925961,0.00276297,0.0036986162911440312
2019-03-19,-0.009965018237940824,0.0007017577653271343,0.0011956557397376903
2019-03-20,-0.0006852849021029824,-0.003920777032274128,-0.0010878324967631041
2019-03-21,0.005926932418419241,0.006095261330309889,0.00932941336833573
2019-03-22,0.00039195084269253133,-0.018208366190189364,-0.018871119407832117
2019-03-25,0.001683886530986806,-0.000638364902480155,-0.001055213602593874
2019-03-26,0.008610640955419172,0.008368850964982352,0.006603345137524055
2019-03-27,-0.007247928091041465,-0.0054608787803469465,-0.0052042822282995
2019-03-28,-0.008510516909051302,0.0038659175233269395,0.003110211574274101
2019-03-29,0.007946108416425554,0.007998669771175663,0.006893366577999261
2019-04-01,-0.004039183239617399,0.01033368850804622,0.011178566774999999
2019-04-02,-0.000714272276397255,-0.002225594222416229,6.164840602759412e-05
2019-04-03,-0.0010522502508381949,0.000801489290462314,0.0018609583622692229
2019-04-04,0.003004443267639188,0.002025510377738376,0.0020976469090559125
2019-04-05,0.009544420199652914,0.004146355705923424,0.0034135159475744267
2019-04-08,-0.004774327648270264,0.001129433638988206,0.0017426291030344723
2019-04-09,-0.00046210447394446735,-0.005548911731698022,-0.004817157800830174
2019-04-10,-0.0025827155425695446,0.002394243341453878,0.0027960159402944476
2019-04-11,0.0036382282504274707,-0.0007893954823520628,-0.0007601403432974573
2019-04-12,0.004521381978743739,0.0055487428970213155,0.00534423297016621
2019-04-15,0.00018167244875263983,0.0003011407795284794,0.000732529274459125
2019-04-16,-0.011207680512763463,0.0007524000000000003,0.001746759162496249
2019-04-17,-0.00011995293387311765,-0.002006993375594203,0.0006863529845345611
2019-04-18,0.0005088963295550841,0.0012791384812084834,0.001295348424307874
2019-04-22,-0.0022294645828169883,-1.5969260859952656e-05,0.002379694910331222
2019-04-23,0.0016449014380633285,0.008932528050609513,0.009041043945896228
2019-04-24,0.005156939403475524,-0.0021941667665608547,-0.0032194551046865767
2019-04-25,0.003035695158721191,-0.0009623523264093493,0.0019525360509875037
2019-04-26,0.0026376028193560203,0.00474192858782835,0.004099168054267366
2019-04-29,-0.004421200979018542,0.0017128862022221512,0.001868916201150525
2019-04-30,0.014528444495283403,0.002894882670339659,-0.0011639219777935454
2019-05-01,-0.008913180148429825,-0.008490766443155114,-0.006289509702414883
2019-05-02,-0.00473840578767448,-0.002149555264066681,-0.003430227395110239
2019-05-03,0.0035199018740341512,0.008564649347211873,0.010564199089623878
2019-05-06,-0.00785081090599165,-0.0036038371090148266,-0.004262691789454613
2019-05-07,-0.004971892644900904,-0.01684055308432415,-0.01704379548013603
2019-05-08,-0.011552889204573695,-0.0012518138284615956,-0.001514396769659287
2019-05-09,-0.004954613677276784,-0.002668555799909062,-0.00358363330060182
2019-05-10,0.01393790219927123,0.005814510330720274,0.004200391641754949
2019-05-13,0.003388622826959004,-0.022274957834130908,-0.025108370087083966
2019-05-14,-0.006164287285541829,0.008157832959773683,0.00770388222442698
2019-05-15,-0.0004433058030355093,0.003929824775617242,0.007524201714408888
2019-05-16,0.008952810284299203,0.00914804,0.010402507109074519
2019-05-17,0.006901136216013785,-0.004056883846794174,-0.005194508884929991
2019-05-20,0.000983016434452172,-0.005428698056028436,-0.00701653801885286
2019-05-21,0.0018146198940601215,0.007932435411910289,0.007114635069282168
2019-05-22,0.008053232774491948,-0.003126803897126161,-0.0021755228842070128
2019-05-23,0.006500638716666424,-0.010634854400676911,-0.011684883384162976
2019-05-24,-0.0009313067246166045,0.0014743789065846408,0.0016119913277288355
2019-05-28,-0.014147146766237172,-0.010900266350796635,-0.0074504334684619734
2019-05-29,-0.011103686002192088,-0.005306465310043419,-0.007018434205623234
2019-05-30,-0.0018441414916134844,0.0024653339391074707,0.0021446674328142556
2019-05-31,-0.0004630244911124779,-0.011842797488788909,-0.01422605907925023
2019-06-03,0.010529603747747973,-0.002041318177416727,-0.008976319771746535
2019-06-04,0.0018037133375938175,0.02033049542328413,0.021357127261424358
2019-06-05,0.017467258238707404,0.007426733390389537,0.008335143074707209
2019-06-06,0.004774722509118799,0.005325483029933498,0.0072665552023815985
2019-06-07,-0.0050991897537599066,0.009322472945975975,0.01256423351098638
2019-06-10,-0.006744574879645798,0.002554912236009616,0.005287778106550767
2019-06-11,-0.00611648287976912,-0.0003592197197790885,0.0005679602781966076
2019-06-12,0.010863987189382812,-0.0013277269300365734,-0.0021516030509101365
2019-06-13,0.002708086824500989,0.0037868105688109,0.0038741394917472726
2019-06-14,0.008637298778425546,-0.0016711173426316689,-0.0008596545444471502
2019-06-17,0.001091636885068195,0.0007631700000000003,0.0024501604178398533
2019-06-18,0.0016896110117822717,0.009570874218102971,0.00985086611245572
2019-06-19,0.006612022295286369,0.0035572351018687063,0.0024997278792876967
2019-06-20,0.005534014024622113,0.010185333044443624,0.009803967175730358
2019-06-21,0.0014555426648961175,-0.0013942207606989462,-0.0007041304798192664
2019-06-24,0.0020650452407239414,-0.0021242529748298784,-0.0007353024143610944
2019-06-25,-0.008545157383908033,-0.009438198381399811,-0.01180934973976972
2019-06-26,-0.013484093742925744,-0.0032083148839833816,-0.0007627141014015144
2019-06-27,0.0036105183923211895,0.004044893722866976,0.0026611454840540748
2019-06-28,0.0011011739710321648,0.00559156021950342,0.004109408475947208
2019-07-01,0.0007216970596607181,0.008208911293859313,0.008767803394555145
2019-07-02,0.013240684843027792,0.003124943748938422,0.0044847489742114435
2019-07-03,0.008866885302142245,0.007786295201044264,0.007543095766794809
2019-07-05,-0.002896089854871408,-0.002308559775212726,-0.0016571321674164067
2019-07-08,-0.0006043969691766814,-0.005452398811508294,-0.004874213617716787
2019-07-09,0.0029410487786029767,0.000638973480520073,0.0023396936809586192
2019-07-10,0.005125551069367957,0.004006704930475928,0.006155213665820887
2019-07-11,-0.0038225578636220774,0.005018320670410872,0.0024928310486196322
2019-07-12,-0.006420742414811037,0.0040824417321086185,0.0038818542053233574
2019-07-15,0.003664612300250198,0.00023118516695586552,0.0008034740222925884
2019-07-16,-0.005922945054105953,-0.0034993461671171022,-0.004276322685713556
2019-07-17,0.00045408621473974685,-0.005351839999999999,-0.005170262257318265
2019-07-18,0.0020450329213289944,0.0051637637914998995,0.0033405109764235172
2019-07-19,-0.013497443183155695,-0.007036100780592361,-0.0069480766693364145
2019-07-22,-0.00016770757893911636,0.0013907347443238816,0.003712034068745888
2019-07-23,-0.002308511364962251,0.0057505385384681055,0.00573416926229112
2019-07-24,0.002579865919257368,0.003702401922312335,0.003763911243645473
2019-07-25,-0.002864870405462547,-0.0035419193631010264,-0.004734735241347797
2019-07-26,0.0052789722945253605,0.008367379295876519,0.00904282846785451
2019-07-29,0.004899777364684911,-0.000712250691214863,-0.0015854782719755191
2019-07-30,-0.008245508730516339,-0.003037933755469751,-0.003764825549462183
2019-07-31,-0.0011940028678398525,-0.01212615198640255,-0.012125978735945175
2019-08-01,0.007909794729720294,-0.007426919933637983,-0.0077391178294634365
2019-08-02,0.004703666731803127,-0.005209416787713852,-0.006777416070407346
2019-08-05,-0.02080523829077109,-0.02881673061860267,-0.030614782867940837
2019-08-06,0.01721109107423409,0.013095298147058738,0.013599057228621326
2019-08-07,0.003294238969234819,0.00024162177822311447,0.00012270195429857152
2019-08-08,0.013704777204630633,0.018219534757875456,0.01914878974056794
2019-08-09,0.0006505328674905408,-0.0039239060994319674,-0.005872498360843622
2019-08-12,-0.001971801439388302,-0.0115954217177736,-0.011472886905537261
2019-08-13,-0.004231017844930516,0.0138683270960584,0.016179969580991934
2019-08-14,-0.01044885233702396,-0.02768499750569349,-0.02860751396453527
2019-08-15,0.01383433788232083,0.00377719,0.0040407415112029875
2019-08-16,0.005979469378091421,0.014690384487417971,0.014145563812372364
2019-08-19,0.00924275078608432,0.010817089830162859,0.011848984930719219
2019-08-20,-0.005053870537877959,-0.007116524911403353,-0.007652624024821178
2019-08-21,0.005174237315364308,0.008346674459383328,0.00841930467653615
2019-08-22,0.004188839864137813,8.702801586348019e-05,-0.0008564811984135426
2019-08-23,-0.013329077371881938,-0.023074027884961244,-0.025431226402792242
2019-08-26,0.013424119652528118,0.011672432083566843,0.012367288557827299
2019-08-27,-0.003346654346107322,-0.002902976950393316,-0.002532889531669808
2019-08-28,0.002123292678847798,0.006425396943573128,0.005783774622572186
2019-08-29,0.0046269678147527315,0.011826266587222738,0.012445630478752754
2019-08-30,0.0012800557858448985,0.00069841053882217,0.00018329585877133555
2019-09-03,0.01740353124070391,-0.006150928517458262,-0.006837423787732347
2019-09-04,0.007003325502447246,0.010206911744548535,0.010815093278804054
2019-09-05,-0.007355328514391562,0.01109172124650554,0.013064773120891573
2019-09-06,-0.0015505654913599066,0.0007701094023341657,-0.00022032688473646575
2019-09-09,-0.012983895687332889,-0.002814400961025513,-0.0017500692460515606
2019-09-10,-0.0053937062207657,-0.0027150906620140303,-0.0017733494680194305
2019-09-11,0.003534072153483679,0.00593636664152307,0.007363549115280104
2019-09-12,0.006911763436934896,0.003717024089236835,0.004184752400572624
2019-09-13,-0.003353901085496958,-0.0014616286292995508,-0.0014174360444148444
2019-09-16,-0.002630416860335958,-0.00312274,-0.004905254408058939
2019-09-17,0.011950165986400526,0.0034595638723367004,0.0031491880694871923
2019-09-18,0.004248066530049314,3.0879910126866828e-06,0.001080612196438556
2019-09-19,0.00529055519298923,0.000839037423700315,0.0011349094956939493
2019-09-20,-0.0008055372180889441,-0.004625663469208287,-0.005568247677493729
2019-09-23,0.0010722913299279911,-0.00043113687230912547,-0.00040842524010686215
2019-09-24,0.006909956433827797,-0.007199765350367114,-0.008779977525610959
2019-09-25,0.0003910770978298373,0.004772053258779632,0.00695076000654364
2019-09-26,0.0055596690030206295,-0.0015494608193333706,-0.0030521862425066963
2019-09-27,-0.003963532009224253,-0.005154831267689014,-0.00501744436952368
2019-09-30,0.0046481107787630215,0.005201210853848159,0.005543473781338297
2019-10-01,-0.002446352611686472,-0.011855610157469446,-0.010190949272733908
2019-10-02,-0.013144925022154797,-0.01820619542671659,-0.018111808720377147
2019-10-03,0.006021193766439178,0.008719456938754437,0.008955897644613929
2019-10-04,0.014568137193914678,0.015546612667989538,0.015724538945310965
2019-10-07,-0.0036186790029985078,-0.003855330442678858,-0.003841127721974346
2019-10-08,-0.009591586941663361,-0.015933747544858313,-0.014760442616268372
2019-10-09,0.00974125997222339,0.009239420344919163,0.009662994216550671
2019-10-10,-0.0006056440311909992,0.006849695085906664,0.006326527679188168
2019-10-11,-0.0036804717278551696,0.009244899806977389,0.009919835943928534
2019-10-14,-0.003509089017133944,-0.001150309885243387,-0.00100473376873589
2019-10-15,-0.0022927667590538106,0.01084215,0.01117666323519535
2019-10-16,0.003181500777856199,-0.0011802073944383895,-0.0014415672938914333
2019-10-17,0.006705767438195236,0.0034055229860299728,0.0026814013847667587
2019-10-18,0.0017019095995759932,-0.0038012997239300506,-0.006087939357357245
2019-10-21,0.0034602749189597756,0.004788107169478097,0.0067409124256884384
2019-10-22,0.00033661307807198506,-0.004430952507540201,-0.0053012393471464124
2019-10-23,0.0005101194116748675,0.0016091331374084859,0.002987951397309307
2019-10-24,-0.0009190856903109513,0.000707156601839619,0.002069809163924686
2019-10-25,-0.009559072877147003,0.004893204244829826,0.005034529177833002
2019-10-28,-0.011924498045854132,0.0054169277443864025,0.007564305463222933
2019-10-29,0.0037210233192146286,0.0008933111406766019,-0.0029258234682408837
2019-10-30,0.013689465479356129,0.006122417052033163,0.005452290865357978
2019-10-31,0.004386749188257043,-0.003064923475235838,-0.0015132734497609567
2019-11-01,-0.006943703608406407,0.007824311436683516,0.008556100842487896
2019-11-04,-0.01525816610989531,0.0022709339411769378,0.0030658847648285413
2019-11-05,-0.01119097920420352,-0.0022861351037688892,-0.0010929125962739433
2019-11-06,0.004621845958839449,0.0031409031387930318,0.0014783847780560598
2019-11-07,-0.012162962459459952,0.0037890025060122266,0.004331835996493084
2019-11-08,0.0003101030006089767,0.0030705867007162746,0.0029256555413272665
2019-11-11,-0.002166670767534567,-0.002883405093325593,-0.002052830114001841
2019-11-12,0.0013560018642926918,0.0021398411914484777,0.0020110093523916226
2019-11-13,0.016071912311257274,0.0022768800000000002,0.0017507252616250932
2019-11-14,0.006859127363010517,0.0012335587051753604,0.0003953941966422916
2019-11-15,0.006710374278909448,0.008411691916812193,0.007812797415587635
2019-11-18,0.0036752261799738455,-6.191026955946243e-05,0.0012098804027201686
2019-11-19,-0.0013158287704125467,-7.516236220022429e-05,-0.000789461041235433
2019-11-20,0.007554219596475365,-0.0027533922233383655,-0.004114798007073911
2019-11-21,-0.005892082552389493,-0.0010261174300340784,-0.000838595818562342
2019-11-22,-0.0036386004577847403,0.0015042771505163045,0.001760485998646001
2019-11-25,-0.002206053430586435,0.006353427391541175,0.007211096834798479
2019-11-26,0.010133455644916356,0.0021314889665503536,0.0024164279011597237
2019-11-27,0.00012746447597670465,0.0036015212063088674,0.004437915650028283
2019-11-29,-0.0015159182676667906,-0.0029048347249399096,-0.003332560946595375
2019-12-02,-0.010946549928895866,-0.008897379677024643,-0.008572058416068808
2019-12-03,0.00524027966910981,-0.005715348064021876,-0.006164289054067546
2019-12-04,0.00860179730957633,0.006068401987579683,0.005823093455618986
2019-12-05,0.0017737594642864714,0.0009129998267464078,0.0017205394174718766
2019-12-06,-0.001829066588184997,0.008974967860132316,0.009428364949262427
2019-12-09,-0.0033117721583910647,-0.0033544062775437626,-0.0033278596349107254
2019-12-10,-0.005865602890203181,-0.002092627461424604,-0.0014012802912299475
2019-12-11,0.0051691984117742075,0.0029674986179139364,0.003069882190783924
2019-12-12,-0.002962996483211891,0.008680373511049968,0.007953707093315773
2019-12-13,0.005870511989334428,0.00078274,0.0013574561863221805
2019-12-16,0.007523063364418368,0.006377766571303976,0.0071402428580149445
2019-12-17,0.0030176990253723973,0.0008699875630519428,0.0008156851289644128
2019-12-18,-0.0004985122705262087,-0.0007663278408186382,-0.0010174585736222306
2019-12-19,0.006107270797201935,0.004886945114932208,0.0050483634708534215
2019-12-20,0.006704955178022064,0.005244271429978474,0.004163077315668687
2019-12-23,-0.005189137812014784,0.0005342711358466117,0.001368144720005375
2019-12-24,0.0003337341646915155,-0.00028778639230357645,-0.0004597797310453594
2019-12-26,0.0017649050839426354,0.003576795958498412,0.007221334023777047
2019-12-27,0.00514020664304434,0.0006963082477718863,0.00036633402396387803
2019-12-30,-0.005194170618681041,-0.006586381335832006,-0.006546290379029806
2019-12-31,0.003222302332822098,0.0024787688604476165,0.002608352698770004
2020-01-02,-0.004684288042043149,0.007995186240769421,0.01126438708346754
2020-01-03,-0.002272095530125112,-0.006636727346944184,-0.007948639063390333
2020-01-06,0.0035622116286265514,0.0039828835779032795,0.004959509774142871
2020-01-07,-0.0037929303460600187,-0.002883543598386031,-0.0035987746914245343
2020-01-08,0.004168126417767876,0.005276008929147396,0.005988727414291982
2020-01-09,0.008003766314372386,0.006898256428588533,0.008016793903236336
2020-01-10,0.0008335678932907823,-0.0031356108696801695,-0.002848527166219233
2020-01-13,0.008446700436185846,0.00587672734548613,0.0073072508013556185
2020-01-14,-0.0012454501137112537,-0.0013235660203155441,-0.0028246314640641063
2020-01-15,0.007616682361890002,0.00241609,0.002174846404168573
2020-01-16,0.0052962365180950636,0.007660841061469793,0.008269248409196683
2020-01-17,0.0043427040475960445,0.003990817238011919,0.004216116281721399
2020-01-21,0.006233281615879095,-0.0022632227642270207,-0.0016327600789616114
2020-01-22,0.0036293489096344933,0.0015549645060341395,0.001129363263428367
2020-01-23,0.0017960821886640562,0.0008807998833368305,0.0006167200095781323
2020-01-24,0.0012493845683029157,-0.008794274635422088,-0.008420204113760087
2020-01-27,0.00047141830547958285,-0.013792427308723584,-0.015306168173995357
2020-01-28,0.0033018347387310278,0.008297802024686154,0.010489567472941257
2020-01-29,-0.003999399736669307,-0.003825085613478891,7.207948828277028e-05
2020-01-30,0.022441885718401076,0.00277747490525327,0.0036999267666418378
2020-01-31,-0.012017930858214778,-0.018060476346598235,-0.016251274151171866
2020-02-03,-0.00024141498314886342,0.006799720946529122,0.007711000680950827
2020-02-04,-0.0017425518597519465,0.013201398400546592,0.015153542587818179
2020-02-05,0.004867128600740113,0.012214592291977187,0.009859273764063769
2020-02-06,0.003314829241196834,0.0023731661147889695,0.005057818936176163
2020-02-07,-7.744168706904591e-05,-0.004855006884607238,-0.003718041009515881
2020-02-10,0.003972934593343107,0.006695557029362116,0.00872203216013268
2020-02-11,0.0019136237632925708,0.003943040661738406,-0.0002469421210136178
2020-02-12,-0.0006654253218921205,0.005435195534944948,0.0061703996487357336
2020-02-13,0.009875684291902895,0.0002498452715714896,-0.0013972677062632822
2020-02-14,0.007862700198511381,0.0033466400000000006,0.0026952780787251464
2020-02-18,0.0036205026951920986,-0.0031860203546503134,-0.0024787753211671917
2020-02-19,-0.011677473518894518,0.004200706779215149,0.0051681821062607
2020-02-20,0.004590018034213873,-0.0041914613554346995,-0.00540502404621409
2020-02-21,-0.0030435992707579605,-0.008006240742134544,-0.011747832333608718
2020-02-24,-0.013639374393929399,-0.03118870372506286,-0.03490959398163638
2020-02-25,-0.015601316890427349,-0.03034482584431433,-0.02869052337199616
2020-02-26,0.006891890834323509,-0.00269986338270265,-0.0008589586823915259
2020-02-27,-0.04223407241686133,-0.04128575916564593,-0.04532913297950155
2020-02-28,-0.028038481802841488,-0.010938117939574468,-0.006040735442733555
2020-03-02,0.051883345496697784,0.04627445655768419,0.04952682636665392
2020-03-03,-0.003939042688363323,-0.026876505882912047,-0.03023477797332493
2020-03-04,0.05225207337663808,0.045270575153398676,0.04318383245400475
2020-03-05,-0.01867563796926941,-0.033497200375798564,-0.03284931581802557
2020-03-06,-0.016159324030736423,-0.015065838378950648,-0.015322778640443369
2020-03-09,-0.05101408279249995,-0.07070084457799353,-0.0697339716111829
2020-03-10,0.012830562675461727,0.047091659544069804,0.05109582890452249
2020-03-11,-0.053577960987983425,-0.04748897705874899,-0.04637290369793797
2020-03-12,-0.10154009765228679,-0.09330204740228774,-0.09226718370942874
2020-03-13,0.06735649592081597,0.0926116526921764,0.0998360287211768
2020-03-16,-0.11975695908062936,-0.12066365812821227,-0.11775780060470906
2020-03-17,0.0629132421614646,0.06469868000000001,0.06388963345523156
2020-03-18,-0.04327193791490817,-0.04973578850459361,-0.03988685315427249
2020-03-19,0.00305389064272703,0.0012420734575325622,0.0016775766063024124
2020-03-20,-0.045638169917503565,-0.04408340029174942,-0.0438546587991306
2020-03-23,-0.027842069820720405,-0.03136737068968397,-0.023206270597273353
2020-03-24,0.10107438032297829,0.09177336974932047,0.08386860313137606
2020-03-25,0.013287115897591743,0.012472456747060589,0.002419671073913924
2020-03-26,0.06881795963477731,0.07015608623556663,0.06262106222969467
2020-03-27,-0.03052500399831241,-0.033281526343289805,-0.03411262859373623
2020-03-30,0.03459207001728509,0.03453508802253117,0.037937682149834
2020-03-31,-0.02129941462541181,-0.015499172784082166,-0.014316162889821066
2020-04-01,-0.04785529248879642,-0.04121118348126964,-0.038893916224003164
2020-04-02,0.03142666368066517,0.02628744177004111,0.025888162580243193
2020-04-03,-0.015357871548044315,-0.014986970605819985,-0.013754736329855929
2020-04-06,0.06959624157314849,0.0664250036301777,0.06647196556435389
2020-04-07,-0.009932520731081357,-0.006245939138678735,-0.006135493683648575
2020-04-08,0.0311460577613655,0.03392071262801261,0.02891407492881561
2020-04-09,0.01638668875757326,0.01322038691686345,0.00953334658325107
2020-04-13,-0.012824853805378466,-0.010955988150719239,-0.0024603222943772583
2020-04-14,0.029699559558213327,0.02856486705004304,0.03336222115485415
2020-04-15,-0.02052016638753764,-0.021421050749364057,-0.016382591415324284
2020-04-16,0.004260724222097536,0.0070491600000000005,0.010541336928218754
2020-04-17,0.02882478330328929,0.02828272679952387,0.01907575924628037
2020-04-20,-0.01881047153227572,-0.017692225112916266,-0.015571014231956056
2020-04-21,-0.02868565951581815,-0.03174669251739135,-0.0314931966686544
2020-04-22,0.02491150727985811,0.023247137125816848,0.02447829315490494
2020-04-23,-0.0036033956392845156,-0.0022869716623488204,-0.0005994221219710946
2020-04-24,0.013983730708723108,0.013740002569239415,0.01382330364759766
2020-04-27,0.015584156228680136,0.01553806104257737,0.009310629649271441
2020-04-28,-0.0070388333309684935,-0.007941308678055793,-0.012352981893922865
2020-04-29,0.016828825770168473,0.017971981247029752,0.024636151407662333
2020-04-30,-0.011256951381207322,-0.01042919834533674,-0.0018364429520875021
2020-05-01,-0.021866041442054226,-0.02405274007509945,-0.02566112844241198
2020-05-04,0.003924094525249818,0.0030306884163220126,0.006000165437510092
2020-05-05,0.011615239564184433,0.010808639819819058,0.009796365639109033
2020-05-06,-0.00781266429289524,-0.00923591689665913,-0.003952004264105839
2020-05-07,0.01244386968874017,0.011934020593984693,0.010012388962792777
2020-05-08,0.011786744620004303,0.013968954626848834,0.013745228747710394
2020-05-11,-0.00011661031342539844,0.0010856981580183247,0.004064102192659546
2020-05-12,-0.01902672917656967,-0.019370587520763996,-0.018467793564518192
2020-05-13,-0.013483302726876051,-0.014603529542792454,-0.013283049240622838
2020-05-14,0.009792594477956952,0.010765204480699623,0.01054898073651951
2020-05-15,0.0038177035486460635,0.00415628,0.00596268514093572
2020-05-18,0.03502175785737696,0.03110237749513452,0.023810297745707035
2020-05-19,-0.012024770672658001,-0.011989184368500305,-0.00940541267287466
2020-05-20,0.01474015896102232,0.013841825444218556,0.016141056184052226
2020-05-21,-0.007594252432832119,-0.007978132015967657,-0.008752346778925335
2020-05-22,0.0016545235580684473,0.0033328097549768106,0.002668907284991104
2020-05-26,0.015513451290768634,0.011073205453146339,0.005405868277977024
2020-05-27,0.021154626726234003,0.017043211733010526,0.0106099947216826
2020-05-28,-0.0002670557455442327,0.0012557053490957252,-0.0002202597745854957
2020-05-29,0.004662839744770963,0.00609607014302515,0.006763017514147406
2020-06-01,0.002186932074860353,0.0013573683614793136,0.0019710197789067976
2020-06-02,0.008222863519415313,0.007723291540262742,0.006843715598536101
2020-06-03,0.015688701025399984,0.013308551996019668,0.008843147508422263
2020-06-04,-0.002518068245396718,-0.0032778283912216657,-0.00580641633438095
2020-06-05,0.02730363598622372,0.024925103159459523,0.02289784071750621
2020-06-08,0.01077249587743343,0.012579515858807169,0.009459598125885163
2020-06-09,-0.011917311851963827,-0.009383299546584779,-0.0006151162609650909
2020-06-10,-0.009146243077544037,-0.0061419901202322096,0.0019922847671949547
2020-06-11,-0.06468578899318725,-0.061055138738816635,-0.05527168681469997
2020-06-12,0.018645444140390027,0.015246935037901897,0.011278522753625316
2020-06-15,0.008010430150890155,0.007834824749524688,0.007149298641863152
2020-06-16,0.016994459399402393,0.019495850000000002,0.01961835952219478
2020-06-17,-0.005035943220574925,-0.0039672713872057445,-0.0021582095109857
2020-06-18,-0.0006418153138316153,0.0003414021682403801,0.0015084722502926062
2020-06-19,-0.009826328446016672,-0.005239511232304074,-0.0037930632146315384
2020-06-22,0.00043064538414301076,0.0032537236781723052,0.008669101378948135
2020-06-23,0.0033765058359331115,0.0030256093593084253,0.006283865977038609
2020-06-24,-0.02549165265161683,-0.025460878396375158,-0.022846604903589262
2020-06-25,0.009941077852710404,0.011092669161933312,0.011075016412653044
2020-06-26,-0.02339253088499695,-0.02328666995548431,-0.026173071623931517
2020-06-29,0.016915132558649827,0.01382807290965345,0.013165524038182618
2020-06-30,0.010460642301031966,0.013521390260973903,0.01532750299601248
2020-07-01,0.002745300531198114,0.006620241939545414,0.008611088241157772
2020-07-02,0.003454655654964974,0.004090774100727694,0.004026101135689829
2020-07-06,0.012244422455361996,0.011950505349377614,0.01824895701787286
2020-07-07,-0.010285298075439564,-0.009662247956065866,-0.008561568521853632
2020-07-08,0.002638614013647088,0.006020011444485634,0.010114339981245437
2020-07-09,-0.012443821575623449,-0.007507582501857357,-0.0011193394746186103
2020-07-10,0.013470063674691555,0.010327330946116816,0.009129824597435362
2020-07-13,-0.0035472422765506634,-0.007846699087024693,-0.011405742164920532
2020-07-14,0.016362787109809575,0.013645997649806813,0.011628359187258769
2020-07-15,0.013754648193514856,0.010529197223362255,0.004492749758967646
2020-07-16,0.0008227042356702324,-0.00308965,-0.0044882389687149376
2020-07-17,0.006523338594513453,0.006145319545293116,0.001776578556425749
2020-07-20,-0.002834090337669924,0.0027830102157905736,0.014491215176861099
2020-07-21,0.0038168473854104912,0.003591416993008295,-0.0017456367459722942
2020-07-22,0.00615889511742328,0.005924141404091889,0.004402762851743524
2020-07-23,-0.004909648565559265,-0.007943246420044821,-0.016850426961177153
2020-07-24,-0.0032174169480301876,-0.004906901711491336,-0.0054613703504832484
2020-07-27,0.00431631795186763,0.0063964696818849965,0.008618020098670173
2020-07-28,0.001804306353697128,-0.003912116837689245,-0.006433982524992393
2020-07-29,0.004226056371830601,0.010782527810665538,0.010332077733674389
2020-07-30,-0.0048996539690066435,-0.005623943526524492,-0.0019219804433062812
2020-07-31,-0.0022465942759170073,-0.000990240542824964,0.01144535318844414
2020-08-03,0.003822015074145024,0.005272298004296317,0.008803031010299318
2020-08-04,0.009002011342673472,0.005551202995833109,0.0037393848706226934
2020-08-05,-8.4540698711334e-05,0.0058353907940131775,0.0065230472944598885
2020-08-06,0.0015107745559231013,0.0033532048714423,0.009597646078444464
2020-08-07,0.005430956384943749,0.004165564647364438,-0.0025572001685345053
2020-08-10,0.005466827724252591,0.0020745030479538584,0.00032316728109246296
2020-08-11,-0.00407915853803573,-0.005694830360543313,-0.010478131392304964
2020-08-12,0.010073791374837111,0.012851507904686412,0.016931776049059467
2020-08-13,-0.002519311573292075,-0.0029523386537163476,-0.0007211869616755035
2020-08-14,0.0008149544081413612,-0.0005528599999999999,-0.0007775454513534159
2020-08-17,0.011776793614299445,0.003185948180691177,0.003979096889111799
2020-08-18,-0.0005422223262082413,0.0009019577730976181,0.005670514170957318
2020-08-19,-0.00784847732551973,-0.0033742080614414796,-0.004244354682806678
2020-08-20,-0.008308836846113953,0.0006691359288629357,0.00697610818999297
2020-08-21,0.002115332913151329,0.0019108762334211324,0.005404325021051851
2020-08-24,-0.0008766610346886295,0.0077741389556099365,0.008193453389254037
2020-08-25,0.0005931453560326125,0.004437261479276198,0.005132824156493486
2020-08-26,-0.00010008067544201339,0.008984583097746954,0.015292056743404
2020-08-27,0.012826234004475351,0.0030420580232131786,0.000698254465001087
2020-08-28,0.00796322691768594,0.007012442716397651,0.006537221225854517
2020-08-31,-0.0015093674946082248,-0.0030725873051381945,4.4304058067296226e-05
2020-09-01,0.01727671586878504,0.0039954681990108775,0.009843393920987436
2020-09-02,0.011653807563057792,0.01765199572856542,0.01360287950315854
2020-09-03,-0.02550086554172971,-0.030382133188839654,-0.039340318139307606
2020-09-04,-0.005816303319069901,-0.0072857026587121836,-0.010241651085852753
2020-09-08,-0.02089803855925038,-0.022026330599740927,-0.030805628598537544
2020-09-09,0.011079518352568651,0.018147014975938975,0.022890577916351088
2020-09-10,-0.016778761186133532,-0.015150511264939591,-0.018747913466028384
2020-09-11,0.0039040028770197933,0.0027803308710262122,-0.0014781124956395881
2020-09-14,0.009415502847925306,0.012438507204041547,0.011393663453033843
2020-09-15,0.0038393090656256524,0.005057940000000001,0.007389352831714765
2020-09-16,-0.007053284749026142,-0.0022992833849757957,-0.009593319057490673
2020-09-17,-0.002662650356329712,-0.007352248810547861,-0.010166363104101508
2020-09-18,-0.004016988120528367,-0.008853188624923396,-0.011661586379778857
2020-09-21,-0.0094100481053117,-0.01266977074287218,-0.005731471177891377
2020-09-22,0.0003384770660497706,0.00699068225093294,0.013500348148891278
2020-09-23,-0.01370818427367298,-0.02026084048968338,-0.025246639399865295
2020-09-24,0.002597181044038483,0.0010014814180672098,0.0034300791872352715
2020-09-25,0.007718323610943974,0.013929586257877057,0.016996397149423647
2020-09-28,0.005891615608271358,0.015335465925825525,0.01549947673535501
2020-09-29,-0.0017692993687114433,-0.0037404642743774346,-0.003782102640498049
2020-09-30,0.006623197705182278,0.00917948573276321,0.00925093298557837
2020-10-01,0.001238206412661345,0.003403522779700503,0.006720968347219958
2020-10-02,-0.0015547806909456045,-0.008010517901479632,-0.015549865277328215
2020-10-05,0.012664373244630621,0.01598540306823193,0.018248391608944436
2020-10-06,-0.002678922659881805,-0.012349841989690162,-0.016161579524873133
2020-10-07,0.008131446426104484,0.01731700983580456,0.017417757602693165
2020-10-08,0.008156247353974796,0.007531160048931238,0.005893261654261511
2020-10-09,0.0020625404213826235,0.006864796667831154,0.011382210540679954
2020-10-12,0.00630226714306968,0.011426715656144233,0.02067525329249573
2020-10-13,-0.006692468650033135,-0.005666558750753644,-0.005055140790910367
2020-10-14,-0.010230946296254026,-0.0074141300000000005,-0.008594553123818035
2020-10-15,-0.0013349156045461214,-0.003645568448954447,-0.004004876119854538
2020-10-16,0.0019338133240033872,0.003319805580776291,-0.00015178082990589857
2020-10-19,-0.009616106121647759,-0.014632517175112348,-0.017592922597243654
2020-10-20,0.000693957869301716,0.0021570078030996955,0.0043556606574100655
2020-10-21,-0.0057031640948469195,-0.004686454677723517,-0.002023566809011472
2020-10-22,0.013386560329441613,0.005999257735602244,0.002945273097230011
2020-10-23,0.0017134761698010845,0.0017105376484487119,0.002529151486622003
2020-10-26,-0.002762121059646544,-0.018900624550297403,-0.01712235206098812
2020-10-27,-0.001105404805139663,-0.007739724456030429,0.0009434018337032604
2020-10-28,-0.026776195243636922,-0.03306051762788374,-0.03774170538896319
2020-10-29,0.006391551397773794,0.008207795210420494,0.013184900750846667
2020-10-30,-0.0029972528280825393,-0.006543162507913307,-0.015397788575617003
2020-11-02,0.01399488300526888,0.013083941931352738,0.0077132570448826465
2020-11-03,0.010441967707848034,0.017479022428083094,0.016205432224607574
2020-11-04,-0.0028298121045012363,0.019417253866719254,0.030556820543701825
2020-11-05,0.009572357938000552,0.01585025571503723,0.019623182692287102
2020-11-06,0.0059692547694133145,0.0017380824907282223,0.0010658710135922967
2020-11-09,0.011551019697215392,0.018181783010315727,0.0021408583576919323
2020-11-10,0.01564734348485134,0.001492668184348222,-0.005280013388676614
2020-11-11,0.0017936283933357576,0.0048266632211164335,0.011788893349296862
2020-11-12,-0.006145503386601007,-0.00832526,-0.007218444123221822
2020-11-13,0.01109534994299694,0.014111728059857609,0.010587839040850163
2020-11-16,0.004986539242792419,0.012154597217522788,0.00890134205235199
2020-11-17,-0.007131896951583155,-0.0026809285703966322,-0.004331889942672066
2020-11-18,-0.012389206088228974,-0.011242536334132993,-0.011433022882774726
2020-11-19,0.0026005972160699684,0.0039027447157463256,0.0042328693286302925
2020-11-20,-0.003907971029312616,-0.006319749757548663,-0.007517974354954916
2020-11-23,0.00560674684288824,0.00826216877870381,0.0025094065092955186
2020-11-24,0.0033357194133664322,0.016938772886314703,0.015511680096769774
2020-11-25,0.0012649669244256287,-0.0025968434040389713,0.0005638097505278383
2020-11-27,0.0013670068178335514,0.0029444982323946775,0.0034627105414266187
2020-11-30,0.0033279060643038633,-0.00398772323017663,-0.002203560551507272
2020-12-01,0.007590606448776459,0.007731743307683329,0.011941352311295323
2020-12-02,0.00028860031254045155,0.0035726850191461802,0.002428030398300305
2020-12-03,-0.007571216170765602,-0.00014278159650165455,-0.002125622759278427
2020-12-04,0.0001183326142967287,0.010527687185960184,0.005941768609551137
2020-12-07,-0.008032825402168766,-0.0027639555929486253,-0.00036783937560823214
2020-12-08,0.0006026498557830202,0.001784821389548648,0.0026259432864752185
2020-12-09,-0.001307898086909023,-0.004333251635241592,-0.009732382910794903
2020-12-10,-0.0037449145023791437,-0.0013347251748020979,-0.0010560747554740654
2020-12-11,0.001326633114099882,-0.001415372471933075,0.00023529645531300195
2020-12-14,-0.00428977248029943,-0.00566206,-0.003355946995012184
2020-12-15,0.007505269980274261,0.010252597066697467,0.011648572516211242
2020-12-16,-0.0013068885977997626,0.00036565514807748083,0.0033342269530720523
2020-12-17,0.00478258236712569,0.0059899151138965365,0.004757711536084924
2020-12-18,0.00034549517896396336,-0.0021487106278678843,-0.003835551742127134
2020-12-21,0.0015849172019016644,-0.004761471121039171,-0.0007359347615528034
2020-12-22,-0.00547087711609769,-0.005222262928444598,-0.0013377644296187366
2020-12-23,-0.0011979954682764789,0.0011884332270898038,-0.001195619306647199
2020-12-24,0.005233669892035806,0.003151661034335325,0.003421152996079777
2020-12-28,0.0047482585665855745,0.005263480871789103,0.012223319497163267
2020-12-29,-0.0018765945313497844,-0.0006748560124429702,-0.0011355345591435864
2020-12-30,-0.0009317922426816904,0.0017700469992708442,-0.0018990106002819106
2020-12-31,0.007872678690402287,0.008633415470742842,0.005115643948855149
2021-01-04,-0.003286338823232095,-0.013337230935599466,-0.014811806728357862
2021-01-05,0.011248800002336004,0.006564631672302544,0.006224885788274051
2021-01-06,0.018192744435239383,0.009095284442953346,-0.002779915230155307
2021-01-07,0.011655799898976492,0.01130933210693746,0.015280316145576808
2021-01-08,0.009536866688366629,0.004860281587246039,0.005467725954290973
2021-01-11,0.0005617955910768568,-0.0011318298641992137,-0.006682373165801205
2021-01-12,0.002059973201397759,-0.001459154551347103,-0.0035695580359182953
2021-01-13,-0.0021216737360444525,0.0006949065029996257,0.0046218139129169675
2021-01-14,-0.004064580185282374,-0.0009178100000000001,-0.005924198404563723
2021-01-15,-0.004731111551761395,-0.007789704146863032,-0.007782330960055378
2021-01-19,-0.006094158490092858,0.009027052222941437,0.0096991933745748
2021-01-20,0.008683035013189766,0.01005763799678493,0.017604385522311732
2021-01-21,0.0004360776822988911,-0.0024103473310237104,0.0033299434389094094
2021-01-22,0.0024042142323929564,-0.006663845484650501,-0.0022617894660176626
2021-01-25,0.002381685953404518,2.1289916157086185e-05,0.005497545634145198
2021-01-26,-0.004434082545456442,-0.0026927209705697275,0.0007453600559203171
2021-01-27,-0.032282731337373624,-0.031329996730294025,-0.026735543227449938
2021-01-28,0.011577193008780916,0.01599879989836496,0.008652038018991328
2021-01-29,-0.012387357079275985,-0.018089634118174765,-0.0206307286469993
2021-02-01,0.0024997875177368545,0.012076195012575506,0.017468984858138675
2021-02-02,0.01254785153537766,0.017678533939069586,0.014683115581077285
2021-02-03,-0.0040627958903007135,-0.0014199814838468893,0.000604187955104774
2021-02-04,0.007920785641314206,0.011829123266157883,0.010462508445188255
2021-02-05,0.002779006140601615,0.0024387920697911195,0.0028222025722685006
2021-02-08,0.008423752017500724,0.009765572343718075,0.006407535873453422
2021-02-09,0.00019187360782735283,-0.0008454094079175181,-0.0016481709909420285
2021-02-10,-0.004180122141724534,-0.0008309195937445363,-0.0022562537419148197
2021-02-11,0.0002015804483810466,0.0034796717583290135,0.002443884548090912
2021-02-12,0.0033353175010560603,0.005353570478431376,0.004241167398064453
2021-02-16,-0.005387080871945541,0.0009053800000000002,-0.00047539130387149007
2021-02-17,0.006150025084309111,0.0005078507931588898,4.878203868890598e-05
2021-02-18,-0.003703805555476663,-0.004463863323939293,-0.005128467055673048
2021-02-19,-0.011674755243053125,-0.0022214568339475787,-0.005819817883879305
2021-02-22,0.0010970610678983047,-0.004460567868189726,-0.011520936065235679
2021-02-23,-0.003940503400412559,0.0008207854357396121,0.00045185447682019565
2021-02-24,0.0044487572186039815,0.01429970190311197,0.01055195930414349
2021-02-25,-0.009479158714726285,-0.021686725619209937,-0.02559915704509538
2021-02-26,-0.01398489894930931,-0.00763594107680432,-0.0035695105712805456
2021-03-01,0.014501800922397534,0.02218503840231148,0.02496148615210037
2021-03-02,-0.0031867809878877696,-0.006963553537344195,-0.00988229475814915
2021-03-03,-0.0057342815759537005,-0.01126550902261739,-0.015927154946819417
2021-03-04,-0.012626702661625206,-0.014057475567304667,-0.012648439841734723
2021-03-05,0.021326871492936335,0.019430033679511915,0.017361680172650558
2021-03-08,0.003633255501214381,-0.0024322476523086656,-0.010681747147959532
2021-03-09,0.005443060591305331,0.011335851138963522,0.020497941277705614
2021-03-10,0.004715592095045027,0.007556092926243188,0.0043714279458769096
2021-03-11,-0.006130081689463581,0.007141220149915365,0.012031461945105917
2021-03-12,-0.00029648098955966485,0.003913252551747707,-0.0012622708594941495
2021-03-15,0.01122693558698511,0.004971575354441286,0.0050995708155549295
2021-03-16,-0.0033879745891499096,-0.0006415324464488942,0.0019858447507528566
2021-03-17,0.0017160981674709448,0.00301184,0.0026583361474538537
2021-03-18,0.0038304709768642114,-0.010888530100551953,-0.017355608588548888
2021-03-19,-0.003323689956546585,-0.0010272062797536793,0.00017914999036574685
2021-03-22,0.008019736214899233,0.005476842481945754,0.009252020646949834
2021-03-23,-0.0031890743131789898,-0.00883221324788884,-0.004871316036003498
2021-03-24,0.0025227903645665367,-0.0028833411130282072,-0.007723757803385316
2021-03-25,0.009128786271658544,0.006634458214202695,0.0027300600581980604
2021-03-26,0.014810592928965013,0.020712485738169202,0.015296836920762958
2021-03-29,0.00828422333133438,-0.0009370786758825037,0.0008987225704797616
2021-03-30,-0.007948874594118341,-0.002956693639189033,-0.004295063678539996
2021-03-31,-0.0033927204886731767,0.001832849166302062,0.0061863015669995315
2021-04-01,0.0042536820633699395,0.010448291791599026,0.012344909970321895
2021-04-05,0.011272246288015025,0.013334340758543556,0.01734731917621776
2021-04-06,-5.8695534242913186e-05,-0.001818888333516838,-0.0015877206666918295
2021-04-07,-0.0007567031578244859,0.00046014315404699694,0.003954289448035561
2021-04-08,0.0014627584560635296,0.004175739939439731,0.00615661535273201
2021-04-09,0.007423071840390256,0.00708150964938101,0.008562108360138473
2021-04-12,0.002078522393502628,-0.0006976866349464782,-0.000824861430875289
2021-04-13,0.000558562791193432,0.0009262132144759219,0.005581998387095807
2021-04-14,0.00010850005202153535,-0.0017111205283910362,-0.006820450511103739
2021-04-15,0.008211321196598504,0.010067781529709155,0.012259131419222948
2021-04-16,0.008155739722206049,0.004226270000000001,0.003390146851696242
2021-04-19,-0.0004969328974534958,-0.005897415298018444,-0.005478500815104526
2021-04-20,-0.0019737746865325493,-0.007231188949099177,-0.00674621054324206
2021-04-21,0.00745441653404648,0.009752134894105547,0.0077495877498842325
2021-04-22,-0.002867565554747531,-0.008958852633345891,-0.010654259742621667
2021-04-23,0.004538768269477051,0.00964926881636882,0.01088759761221829
2021-04-26,-0.007319096829114041,0.0006694893686763992,0.0020982636406948313
2021-04-27,-0.01155718596164568,0.000553470351788264,-0.0010506015528910658
2021-04-28,0.0016690608835007617,-0.0018944474274911077,-0.0012049985539815196
2021-04-29,0.008647295278134154,0.0063024084119989296,0.0066939156834814936
2021-04-30,-0.002895007908668574,-0.006725337541638762,-0.006281293559441756
2021-05-03,0.009211505613089366,0.004638488114708673,0.0011110730234310153
2021-05-04,0.0049393392180249514,-0.004492773736736492,-0.009492971338913634
2021-05-05,0.004915228130323346,0.002225928404679525,0.00012153631712300576
2021-05-06,0.005638623232396036,0.009061555266367514,0.009980882051950829
2021-05-07,0.0016232936501456633,0.0072321430550616045,0.006001365584889377
2021-05-10,0.009628087796263887,-0.008279611837200279,-0.014027451141168434
2021-05-11,-0.012474093131436086,-0.009048901279071445,-0.007412638912233582
2021-05-12,-0.012200874864062874,-0.019761003774081347,-0.021179347591411178
2021-05-13,0.014225555588942411,0.012617799218487198,0.011394788673863775
2021-05-14,0.0038096189267798355,0.013358338574018329,0.015414385548286716
2021-05-17,-0.0016564764863634626,-0.0033708699999999998,-0.003260354426401567
2021-05-18,-0.014264953974345847,-0.007938920343638762,-0.008395659885667843
2021-05-19,-0.003280819217223584,-0.001750390403093604,-0.001670404457185939
2021-05-20,0.012773474688234239,0.010775800822525878,0.011994610750323228
2021-05-21,0.0037379198690902465,0.001068836261979383,-0.0019395002579444746
2021-05-24,0.004810604192047505,0.00864180532359189,0.012117758365443132
2021-05-25,-0.00786723434291706,-0.0024480455940985965,-0.001128911422082391
2021-05-26,-0.001705496834843254,0.0008961266618595896,0.0013017401370695855
2021-05-27,-0.0054507560091085734,0.0027683819203541057,-0.0006864824763673159
2021-05-28,0.00613002154133276,0.0018223533256750747,0.0007034633680003048
2021-06-01,-0.005805994570828132,-0.0021402718238033823,-0.00240347460144682
2021-06-02,0.00981783389856257,0.0015569112717839545,0.0017074648736155461
2021-06-03,0.006430930266380802,-0.002747194887254426,-0.005076979798985389
2021-06-04,0.009040485160743166,0.007838393342359475,0.010733363998058729
2021-06-07,-0.006347399105264415,-0.0020372835126074604,0.00011584670846178104
2021-06-08,-0.005532065224106388,-0.0017961343542499428,-0.000154402314916711
2021-06-09,0.006639076600957259,-0.002428314872711474,-0.0006964056234463955
2021-06-10,0.012591248911002492,0.005585272681134181,0.006282590168277307
2021-06-11,0.0036224046450630053,0.001384564727443846,0.0016221131167280783
2021-06-14,-0.0006648081699197996,0.000883342633501298,0.004510208734016826
2021-06-15,-0.0008428633328510663,-0.0018862690547825165,-0.003378509220632696
2021-06-16,-0.006737305114958686,-0.0066588099999999985,-0.00443018203499594
2021-06-17,0.0029982825838561987,9.566703163693445e-05,0.004744676762865685
2021-06-18,-0.015112050036756435,-0.014081796401434775,-0.011314145690431546
2021-06-21,0.011941639374379281,0.014238081321742788,0.011388483667698677
2021-06-22,0.0011434935326516185,0.004376964104708356,0.0069263650589203715
2021-06-23,-0.004447607840371971,-0.001583035124445366,-0.0007311952128232124
2021-06-24,0.005127949019853127,0.008195555216425583,0.005969162772999757
2021-06-25,0.0033088484449598273,0.004660482686616036,0.001474003885172059
2021-06-28,0.003478099344188541,0.0006322298570499864,0.0049815949900457665
2021-06-29,-0.002541073644562406,-4.735381389482161e-05,0.0007534255460573582
2021-06-30,0.00278702831448367,0.002851448159633002,0.0013581027708786818
2021-07-01,0.0032413020235640168,0.00416969044423776,0.004389108657171492
2021-07-02,0.00682170781437691,0.005962772664998416,0.009934537066830819
2021-07-06,-0.005089982882593029,-0.004094949318349742,0.0011952148059259863
2021-07-07,0.0029952072762073757,0.0020882349952537375,0.0035309369708420835
2021-07-08,-0.009651264103978468,-0.0074689413331505685,-0.006711459664764908
2021-07-09,0.009696489942648325,0.010988511234578047,0.009119949084385067
2021-07-12,0.004158576062943473,0.003974301946204924,0.0039047337506708793
2021-07-13,-0.0021395571329005684,-0.003460823912347992,-0.00138760370933497
2021-07-14,-0.00025625318547453077,0.0006620824984342645,0.0027284660734293227
2021-07-15,-0.0021213095748533204,-0.0020843028581903843,-0.004056340280425206
2021-07-16,-0.002587449432961073,-0.006981400000000001,-0.007484514060409884
2021-07-19,-0.009746557528028964,-0.014634947512312459,-0.014524900847322799
2021-07-20,0.0027187898805317036,0.013960151561854891,0.013141908942882025
2021-07-21,0.004293529254804147,0.008732746417861259,0.007173767071994187
2021-07-22,0.000996818959960154,0.00047483008664476654,0.004177449082587846
2021-07-23,0.006978385389611524,0.008110024479446991,0.01048855101498617
2021-07-26,1.1008624752147067e-05,0.0012049138281240513,0.002786441732068339
2021-07-27,0.0016791310970319993,-0.0022976587973561444,-0.006397280608775283
2021-07-28,-0.0005553364033643559,-0.00016022669515690754,-0.000493205990379504
2021-07-29,-0.001378156708835634,0.005113834281360482,0.0026227454313631493
2021-07-30,-0.007079401515294803,-0.002367692542824956,-0.007128346364192222
2021-08-02,-0.00045064815272302314,-0.001903909476572999,-0.0011893080799386013
2021-08-03,0.008334057328529671,0.00805014974707487,0.007668738183899545
2021-08-04,-0.008339453659925947,-0.0046715747585420265,-0.0028549311350546795
2021-08-05,0.0028396894533618254,0.00541104362933006,0.006342939839194282
2021-08-06,-0.002187669794718163,0.0022534597232104726,0.0002408389786285692
2021-08-09,0.00043453178017909883,-0.001862761130470011,-0.0006400097660928568
2021-08-10,0.005351484377088855,0.0014404533735754195,-6.523979343711586e-05
2021-08-11,0.00017622231238885648,0.003141028817713081,0.0011364111985546865
2021-08-12,0.004075731505223767,0.0012676862088011973,0.004808463617433704
2021-08-13,0.00511265118444635,0.0021679399721990372,0.0023534557651218816
2021-08-16,0.008628661175574096,0.0025532299999999996,0.0031660246455802008
2021-08-17,0.0020487393927040016,-0.004272535087368878,-0.0066653372543737325
2021-08-18,-0.010196959304560159,-0.010354285681196507,-0.010597114120623152
2021-08-19,0.010224824220882745,0.0006579659507364797,0.002496393301470987
2021-08-20,0.004470485571855995,0.006185073392609024,0.008889245308195955
2021-08-23,0.0010032300423347192,0.0077479039009300515,0.009577885961831905
2021-08-24,-0.005132326318444899,-1.2120991050399365e-05,0.0003007549768985026
2021-08-25,-0.0029572877319607293,0.0019485146813904772,0.0007071038689804607
2021-08-26,-0.003500325449242516,-0.004724259841321647,-0.0051623104412617665
2021-08-27,0.0030761420817984417,0.007607998945193049,0.008029047100216458
2021-08-30,0.0051631590286795315,0.0021075995418433327,0.0075896989446386336
2021-08-31,-0.00012067647919202925,-0.0005851071732076561,-0.0015009337509637058
2021-09-01,0.0043912388700290605,-0.0008590495258584534,0.0005858160726569339
2021-09-02,0.006795401097838139,0.004546614295089995,0.001501467704471935
2021-09-03,0.0005615218998468586,5.220255357995269e-05,0.0013217289652160806
2021-09-07,-0.005703132408417816,-0.005921190539552101,-0.0005733360670747558
2021-09-08,0.0017392002162329914,-0.0010714238457049214,-0.002025448632955601
2021-09-09,-0.009190943274066252,-0.004438439075614815,-0.005146607406564551
2021-09-10,-0.003255662686708898,-0.005487859885037902,-0.008428466203611913
2021-09-13,-0.0011887442523863029,0.0014933854084133683,0.001736610453703083
2021-09-14,-0.007490154112786746,-0.006317145121404743,-0.004806571365561133
2021-09-15,0.0045742753556999045,0.00786185,0.008044914638270886
2021-09-16,-0.00257866844811819,-0.0016485410580527478,-0.0010865113444335445
2021-09-17,0.0016180626596635128,-0.006895267528752653,-0.009301829227369414
2021-09-20,-0.012764290840268505,-0.015025273120518039,-0.017888586241321964
2021-09-21,0.001110314376415961,-0.0005659787340287812,0.0003854454241992163
2021-09-22,0.009484599817697554,0.009455602125278436,0.009050912737137356
2021-09-23,0.008467628710376094,0.01382291254912918,0.011734277794923767
2021-09-24,-0.0006327838945441193,0.0006336941180590234,0.0018839474985550139
2021-09-27,-0.009885274786087792,-0.0021482959109970115,-0.004248505128206774
2021-09-28,-0.019284877317883677,-0.0194582340103657,-0.022717312000121937
2021-09-29,0.006884368019109237,0.00210702242757944,0.001535925159586758
2021-09-30,-0.0057102240720163745,-0.013285139189380948,-0.010445324170381576
2021-10-01,0.010303529638609615,0.010521949299220835,0.011174656426167278
2021-10-04,-0.008243054256101232,-0.011199281379359848,-0.015667988605442752
2021-10-05,0.008949528789314588,0.009244440558139647,0.011721542035804998
2021-10-06,0.005597768294482038,0.001619412104210172,0.004718410218349026
2021-10-07,0.006791100915189579,0.007928455881432851,0.008415382344293013
2021-10-08,-0.004474727455777196,-0.0028396793149003236,-0.002148057995876744
2021-10-11,-0.006675084305170388,-0.007932197139316099,-0.007294181161704445
2021-10-12,-0.0010395674059519137,-0.0031230406789162952,-0.0038675299411118666
2021-10-13,0.002343846128112668,0.0032933124298384973,0.0035933440623130398
2021-10-14,0.013713490357535819,0.015580460000000003,0.01665245267098932
2021-10-15,0.005645912101891386,0.008476314168736567,0.009597091468026933
2021-10-18,-0.0030646502044748476,0.000910644556323973,0.005157561418450849
2021-10-19,0.008279770492998792,0.00870852637427072,0.007803856542588849
2021-10-20,0.010105580209943605,0.005014563698571828,0.0017730254253676882
2021-10-21,0.0020816936567804537,0.0012022203609043584,0.0031107103500111967
2021-10-22,0.008591562682823123,0.002080219948784131,-0.002942041287586444
2021-10-25,-5.5011236088604066e-06,0.0052453429984727065,0.006821730667472867
2021-10-26,0.00608925664892458,0.0011755769654237204,0.003346350178199427
2021-10-27,-0.005019966983411706,-0.009495407167236902,-0.0008889809682312712
2021-10-28,0.0030042751363250565,0.007700079461119579,0.00950885340495058
2021-10-29,0.0013583507580545333,0.0013772914456626425,0.003475311202632086
2021-11-01,-0.0021301154368738506,0.001476424109707061,9.085004013149162e-05
2021-11-02,0.004508206250671566,0.004284711763657297,0.004000533425325129
2021-11-03,0.003289222099840583,0.006099644245341567,0.007870830338416296
2021-11-04,-0.00151225938388975,0.002382610672107232,0.006481003184428595
2021-11-05,8.938613088305419e-05,0.002954079844007168,0.0025483359399035704
2021-11-08,0.0029375904187868744,0.002978137549458529,1.8824674682470666e-05
2021-11-09,5.0849869826004003e-05,-0.0038370591527106157,-0.006020415325285489
2021-11-10,0.00031477673175478194,-0.006127168641232609,-0.008301717966158119
2021-11-11,-0.00237599809117594,-0.00016310904742262723,-0.00013428610804360597
2021-11-12,0.004470789611134498,0.006506470000000001,0.008098599803925379
2021-11-15,0.0024618788090157457,-0.00019539854321055667,-0.0006875331956172708
2021-11-16,0.0010919741620422315,0.0035179210474560615,0.004947490535755338
2021-11-17,-0.002803203019341697,-0.004325895934695729,-0.0012776864153859302
2021-11-18,-0.0026098686265461275,-4.7841450030193935e-05,0.006868518795186578
2021-11-19,-0.0021093502698384154,-0.003978301327466294,0.0006027539273820169
2021-11-22,0.0012435908835907673,-0.0010673411909656136,-0.004755414018174394
2021-11-23,0.004711140680473733,0.0034645940243109136,0.0006569227507932452
2021-11-24,-0.0020359810476763478,0.0023373935503606807,0.0032347377556148017
2021-11-26,-0.018047988042366864,-0.019234337584642724,-0.021721070403660822
2021-11-29,0.011922265652060388,0.012132922950936065,0.015485039789983163
2021-11-30,-0.023831116098409027,-0.021447959062689925,-0.01567297951391775
2021-12-01,-0.0045754775882609865,-0.011435927130042664,-0.01210801574534
2021-12-02,0.014535996525234551,0.015607826019808391,0.009903473333235255
2021-12-03,-0.0021280338789250604,-0.004934693156485567,-0.010204132346763234
2021-12-06,0.015524450418586555,0.009269235370263335,0.010503979748654314
2021-12-07,0.010210747208301476,0.0184752883271894,0.02239023673560479
2021-12-08,-0.0011313542116725755,0.00039870224573632947,0.00295427462690479
2021-12-09,-0.003532081821301691,-0.006147693081540196,-0.00730663913090382
2021-12-10,0.01567911644258389,0.008482042322800228,0.011173991107086396
2021-12-13,0.0073650322647063815,-0.007462941713518685,-0.01062508258394089
2021-12-14,-0.0071094141619623494,-0.00536401,-0.007484430035505001
2021-12-15,0.021529965815121434,0.01445861577819037,0.018851896191589543
2021-12-16,0.007893562125948446,-0.002112397652377896,-0.012355787509571484
2021-12-17,-0.01410235503873735,-0.010864416021352876,-0.010397297853087566
2021-12-20,-0.0007774713718713054,-0.01061706318212998,-0.010699788931152384
2021-12-21,0.0013726354730639987,0.016391122382213637,0.01739938728858236
2021-12-22,0.010921901146710567,0.007957387793922086,0.011425233601247227
2021-12-23,0.0036049472495961596,0.006442863933384212,0.006486328364653794
2021-12-27,0.010683015784135424,0.01191359124471706,0.013740428295795932
2021-12-28,-0.0031295636944346852,-0.0010724249666842964,-0.002123260507058782
2021-12-29,0.0017398236073050259,0.0018209728887375728,0.0003514405031055455
2021-12-30,0.002471263107257979,-0.002379441234101737,-0.0034342577574810896
2021-12-31,-0.0004944193267089113,-0.0017587972037901042,-0.004149621018852886
2022-01-03,-0.002583070361289188,0.004413895786050168,0.01100743113873314
2022-01-04,-0.01068104683558483,0.002022083565101592,-0.004856532436902648
2022-01-05,-0.005049818878418569,-0.014191806511705719,-0.02077424270723802
2022-01-06,-0.0030209641033702044,-7.751705634119562e-06,-0.0027998990880668093
2022-01-07,0.0030735659712189684,-0.004925471797627675,-0.004735947370189673
2022-01-10,0.01301862310073621,-0.0007261421406276817,0.0005778653744145123
2022-01-11,0.003177124071033194,0.008425671998651676,0.009156187910127934
2022-01-12,-0.0005867829409096936,0.0008944193343141957,0.0033380726960010884
2022-01-13,-0.006279157487220794,-0.00960924,-0.01725234353511718
2022-01-14,-0.0004141186999271665,2.495068210248649e-05,0.0023135111248421274
2022-01-18,-0.00844231228073569,-0.01809991153050417,-0.01941959997094475
2022-01-19,-0.003982150058139088,-0.010512812775239626,-0.009906697170018809
2022-01-20,-0.006973191056147978,-0.010275070783027519,-0.010825982374344182
2022-01-21,-0.007762760953921745,-0.017605967999765507,-0.021400402148698174
2022-01-24,-0.00838654289983391,0.002019693389072322,0.0010036312389980616
2022-01-25,-0.0020052567678971243,-0.008132958201781074,-0.01229830470133904
2022-01-26,-0.008241526455276753,-0.0050160664130570855,0.0007050422111509013
2022-01-27,0.0038713589678102604,-0.003007845519831166,-0.004639030241423874
2022-01-28,0.0180044052486822,0.019676130773838833,0.027609406821929323
2022-01-31,0.0062501443954802475,0.016130747148732628,0.02041456331673111
2022-02-01,0.0024331308840687717,0.008944000652431068,0.0070331824462332585
2022-02-02,0.00764478423452365,0.006141270367170028,0.009368975293287965
2022-02-03,-0.011378173050258384,-0.01803656029745583,-0.02829668510049435
2022-02-04,-0.00700058735604719,0.0003161950603912915,0.009099335198892286
2022-02-07,-0.0013897155258581148,-0.0015997870009732682,-0.0053943954146934035
2022-02-08,-0.0020170067469689958,0.0073102044384205506,0.008617589425809877
2022-02-09,0.007121952076375657,0.013197569228545097,0.01312657627297969
2022-02-10,-0.013766993237646952,-0.015938201229429166,-0.01834436405925889
2022-02-11,-0.0066004437420351825,-0.01760339416246746,-0.02162797053564623
2022-02-14,-0.0051014726504905955,-0.004792729999999999,-0.0011077901569046481
2022-02-15,0.005907752076915605,0.014896654587782504,0.016953374010167957
2022-02-16,0.0038906852006210246,-0.0007220024762722531,2.160465090588453e-05
2022-02-17,-0.00518664766861772,-0.019792151463952645,-0.022578553699434983
2022-02-18,-0.0041128874522926365,-0.0070870046943992794,-0.008677714192232181
2022-02-22,-0.01144786031443124,-0.00847253533511619,-0.010962736844956359
2022-02-23,-0.00353363995914193,-0.016077308477709853,-0.020167407030540888
2022-02-24,-0.01137257652604489,0.009201193095211892,0.017413214143014014
2022-02-25,0.030661804529225074,0.024248024477465647,0.02053172879980138
2022-02-28,-0.002729877485651012,-0.004399283755058911,-0.0007479850546374129
2022-03-01,-0.0008009610274876845,-0.015369364333310733,-0.014573707846810913
2022-03-02,0.014790897747147718,0.019225005396734263,0.017051112725888804
2022-03-03,-0.0008916206442804604,-0.0050916786443009,-0.007556050443291962
2022-03-04,-0.0001997063988176326,-0.007177380455125617,-0.009656769685517751
2022-03-07,-0.019037320070806444,-0.028407439758923805,-0.030563407737406973
2022-03-08,-0.012029017002468315,-0.007276361598577568,-0.00676314576007278
2022-03-09,0.010547829842500417,0.023812763581837707,0.028581463062888567
2022-03-10,-0.007837545144332606,-0.004903582881693939,-0.004857249202922673
2022-03-11,-0.012343768374592098,-0.010287934296789382,-0.013659252540185032
2022-03-14,0.004618276910873638,-0.0031356958622016182,-0.00892970849001435
2022-03-15,0.01857504502066638,0.019854267511479923,0.02456836335258687
2022-03-16,-0.002267744152953477,0.021608090000000003,0.024280347888178976
2022-03-17,0.015528092285882752,0.012656231270437572,0.012361218905089929
2022-03-18,0.0003443630359823488,0.009110240465840408,0.013854187862636825
2022-03-21,0.012999701587836948,-0.003395522191860308,-0.0006438841813580322
2022-03-22,0.002485414549554604,0.00944844127922174,0.013861618739547913
2022-03-23,0.0026172846108005574,-0.015612805841385644,-0.012004103101349398
2022-03-24,0.011480770146277948,0.013148666869218128,0.015487444370410837
2022-03-25,0.013037454428768382,0.00493909622068517,0.0037375798822534773
2022-03-28,-0.007417438150996946,0.005730162245696791,0.010269492002555369
2022-03-29,-0.0016478501709009717,0.010872449272533263,0.010779484828207639
2022-03-30,0.0045223551316683945,-0.0061924296797156555,-0.006347583540684138
2022-03-31,-0.012976677619543632,-0.01563109613853758,-0.016763301941897478
2022-04-01,0.0035419443613750193,0.0031470279661608576,0.00288893187358649
2022-04-04,-0.0008480000712369804,0.005047973756103265,0.012173657180932797
2022-04-05,-0.0045593856059202315,-0.01152986155076335,-0.014258816642764493
2022-04-06,0.0066395442257559684,-0.004906809934909285,-0.01311472476717568
2022-04-07,0.012076827338725291,0.005384159989191081,0.004242136263203467
2022-04-08,0.005541638318720713,-0.0012458645560702636,-0.005656914971400903
2022-04-11,-0.015383046594604008,-0.013446885950631335,-0.02005431422300095
2022-04-12,0.00596295618898949,-0.0045971334697792595,-0.003629308504009345
2022-04-13,0.0072045087387206845,0.008913990488940772,0.01234467222056106
2022-04-14,-0.0011424157626989866,-0.008703420000000002,-0.014687635067698955
2022-04-18,0.0007599248675483514,-0.0024602172323241545,0.00010586035749176694
2022-04-19,-0.00040180478135251716,0.015770408179786154,0.016243246791012706
2022-04-20,0.0034892290858327714,-0.0007616549744796852,-0.0048075470408939155
2022-04-21,-0.015308533629052379,-0.013135238043812388,-0.013964644653638107
2022-04-22,-0.016362919544372447,-0.02909112851487302,-0.02761525669897674
2022-04-25,-0.009566249340110921,0.0040922907981457025,0.007381784846910729
2022-04-26,-0.007606370949866955,-0.02601137265176387,-0.03160134163633625
2022-04-27,0.0017243138480845294,0.0008203226947682162,0.0020428927851291003
2022-04-28,0.017281089754041645,0.02310718946930479,0.028370548270589827
2022-04-29,-0.03139060566110717,-0.03439999021938554,-0.03939959824447417
2022-05-02,0.0018033147526643092,0.004469570874184915,0.007896310102016248
2022-05-03,0.008595279255868808,0.003629820757821329,0.0029370805194627865
2022-05-04,0.027777169108084407,0.030448479073943005,0.0310014205806122
2022-05-05,-0.013399985696984182,-0.030385454902715697,-0.038623788595793775
2022-05-06,0.01246339829767052,-0.004183520381406524,-0.004452921179953167
2022-05-09,-0.03577610384710898,-0.02977218770123153,-0.03248424458003488
2022-05-10,-0.005050950480379766,-0.000645502959182229,0.004608031759894304
2022-05-11,0.004987252927634974,-0.011036855427720189,-0.019249622241777852
2022-05-12,0.0025571919297530834,0.0021614708604776388,-0.002838649110337554
2022-05-13,0.013868543668325014,0.02094113456738599,0.02460313050574546
2022-05-16,0.005927095581861883,-0.0025693899999999995,-0.0042269377865368175
2022-05-17,0.007435782187144695,0.019105107321220068,0.019223697202990088
2022-05-18,-0.023889719881702843,-0.03746618933870025,-0.04201576829786468
2022-05-19,-0.013646918337822965,-0.006105663098814938,-0.00865564573992096
2022-05-20,0.007269160282960185,0.002110275408937852,0.00031485910939843667
2022-05-23,0.01463547660381078,0.01643257860146756,0.02040778602554891
2022-05-24,0.005481544415702466,-0.0036885416793084377,-0.010001203403198438
2022-05-25,0.003011560939897636,0.009716532501429478,0.009220190421715194
2022-05-26,0.010592606056815933,0.017795043436211536,0.019942338596723
2022-05-27,0.014362085579453003,0.021286781716759486,0.02553865198628814
2022-05-31,-0.0065495244481341254,-0.006560270509804555,-0.004083445140434348
2022-06-01,-0.007151738062291566,-0.009153354626869172,-0.0061125424164319665
2022-06-02,0.004245790268566437,0.019951662556198686,0.01935444352905528
2022-06-03,-0.0071782446436397685,-0.014328134769239385,-0.019107904387740442
2022-06-06,-8.440170715619483e-05,0.0012214909999343393,0.0031952953774031737
2022-06-07,0.011548720050214964,0.008905259729081934,0.008842811728034174
2022-06-08,-0.014977684330564758,-0.01196836993899564,-0.008919525415307133
2022-06-09,-0.021985186233501316,-0.022138129611904093,-0.023935244835850147
2022-06-10,-0.013030814117317617,-0.027716555584385738,-0.030508719884601364
2022-06-13,-0.026432448277764135,-0.03654961879346586,-0.038158352915882134
2022-06-14,-0.007257827051602512,-0.004410441137877667,-0.002090403887648013
2022-06-15,0.016950078071153913,0.01375084,0.01789484841193661
2022-06-16,-0.03394072683081774,-0.029411079300491635,-0.031025536667157887
2022-06-17,0.005842389138423372,0.0008096317426832865,0.0031282749455103297
2022-06-21,0.016953385278249432,0.023156503904107173,0.027540013816873772
2022-06-22,0.000335897274973227,-0.0009206889399580753,-0.0011099905506184702
2022-06-23,0.010657654153321988,0.007547190385756074,0.010976775068507813
2022-06-24,0.03326464106383188,0.029535953282795555,0.03034821300975426
2022-06-27,-0.004902030112236293,-0.0033754517876569954,-0.004671494032721988
2022-06-28,-0.022019385962065957,-0.018078816157094682,-0.023652665453660484
2022-06-29,-0.000761272566440145,-0.0014857288660388977,0.0018342670589465903
2022-06-30,-0.008240134830396043,-0.00589920896630786,-0.009888428614453692
2022-07-01,0.007032492453985332,0.009072408107928627,0.009794029170378962
2022-07-05,0.009230517293409856,-0.0025044062516809576,0.005824031441418976
2022-07-06,0.002575235210979435,0.0021045391783990433,0.004585049393129075
2022-07-07,0.014732558248573242,0.012728376353287992,0.015683815967167704
2022-07-08,-0.0015987125542528903,-0.0007233198491052252,0.000716847307187595
2022-07-11,-0.016565372375731937,-0.00978785985905967,-0.013618784176699452
2022-07-12,-0.008190015263892313,-0.008316016138859043,-0.010521992695197076
2022-07-13,-0.004597847312743127,-0.0051077878791419,-0.0038210009173755455
2022-07-14,-0.004850334562041157,-0.004373363312320062,-0.0001983483545235939
2022-07-15,0.020944395880076037,0.02156427269664605,0.01910841927871868
2022-07-18,-0.015262340947328982,-0.009416720000000002,-0.010034629121078966
2022-07-19,0.015547168832166523,0.02815377413536599,0.027041216793799106
2022-07-20,-0.0054923696149087944,0.003730410637975567,0.0064771626280275205
2022-07-21,-0.0007019656362440807,0.009485206680526544,0.011850674522499459
2022-07-22,-0.010026068482434078,-0.007456336974273421,-0.011317047615268685
2022-07-25,0.007426205008462309,0.0021455527574745317,-0.0003787230278534255
2022-07-26,0.0008812060192899743,-0.009520697905309041,-0.014799304644737752
2022-07-27,0.007575378452351866,0.020767107975509548,0.03005270295859154
2022-07-28,0.0032826961261707617,0.010562070144387073,0.010445050001656884
2022-07-29,0.0033206152004197384,0.00852277347420764,0.016909489389674747
2022-08-01,-0.0028190640072817403,-0.00143514130580257,-0.00288459977505084
2022-08-02,-0.0057524813489370705,-0.0069427847540001275,-0.006875999661179614
2022-08-03,0.010912217082356693,0.015390970663133269,0.018826679061429596
2022-08-04,-0.0027846910866821824,0.0009520960361136059,0.00041233954050835656
2022-08-05,0.0002629342566936624,-0.0003726581432808063,-0.00351520880687554
2022-08-08,5.9772303219448346e-05,-0.0009205216435839037,-0.002878287273330856
2022-08-09,0.001454198754405342,-0.004229905861742395,-0.0037732973892887884
2022-08-10,0.01318702763002646,0.01953877032315271,0.02165471053749905
2022-08-11,-0.005772712861646435,0.00036538467148290455,-0.002920797857518588
2022-08-12,0.008118840093751608,0.016954497882339714,0.01839550943558481
2022-08-15,0.007288948183849392,0.004768020810912378,0.0052878249531305346
2022-08-16,0.004341412472124207,0.00215645,0.0018935993240357253
2022-08-17,-0.0023530086646983825,-0.007985843735825879,-0.006540316467898577
2022-08-18,-0.0006506273907759786,0.002546048096421254,0.0016891064631358217
2022-08-19,0.005379436332016457,-0.011295354432775906,-0.013452543351509855
2022-08-22,-0.011351934806754546,-0.020362340335170967,-0.021785525419494974
2022-08-23,-0.007056885763079285,-0.003903807821946245,-0.0027316458927820145
2022-08-24,-0.0020046251141031613,0.003265957485251745,0.00208743497024926
2022-08-25,0.010500290431722254,0.013347507818201557,0.0139309366527184
2022-08-26,-0.021111855398196933,-0.03274038866813455,-0.034930599583797524
2022-08-29,-0.008904920402222497,-0.0061931539168714675,-0.007610038017636859
2022-08-30,-0.005825641870274208,-0.010026596736438027,-0.010543312901316883
2022-08-31,-0.007695201470467617,-0.006379651702139858,-0.0077768900205675475
2022-09-01,0.01785029702764169,0.0046267393629707155,0.004484804525496434
2022-09-02,-0.011793807063804044,-0.011609166326972606,-0.012314619031446433
2022-09-06,0.001897232179062487,-0.003795720062418435,-0.00450853009599532
2022-09-07,0.008616805241975074,0.017873410285938633,0.016983807407413096
2022-09-08,0.007003741702263017,0.00802151775422679,0.005530210166539296
2022-09-09,0.005478311627775278,0.01421512690786215,0.016543505676543915
2022-09-12,0.0029039466009350024,0.008270842101744754,0.01168113581011229
2022-09-13,-0.028728729270159063,-0.04064432789291375,-0.04578868598289513
2022-09-14,0.013884100641761352,0.0033118014966855977,0.0053967301188147295
2022-09-15,0.0032641615474008796,-0.009599630000000001,-0.011670488360447456
2022-09-16,0.0032376292380970314,-0.0052934290677617585,-0.0056772034089773975
2022-09-19,-0.008236424002803756,0.00552496815413034,0.0070560925533602395
2022-09-20,-0.007687989354023367,-0.012349429607107686,-0.008915282128253352
2022-09-21,-0.010811694297843946,-0.01628714780480238,-0.01750975247064165
2022-09-22,0.01792472085889006,-0.008447894786185253,-0.006053445308389124
2022-09-23,-0.007653204528934641,-0.01712127267743589,-0.017659725526332194
2022-09-26,-0.008893602323120814,-0.012106759692833627,-0.00771444732125498
2022-09-27,-0.001471016770092713,-0.0022849094926622802,-0.001367158254774436
2022-09-28,0.015529916152683518,0.02080847454838309,0.017910275943260397
2022-09-29,-0.009099759192471801,-0.01792881450306218,-0.022413105590828573
2022-09-30,-0.009333761451279732,-0.016520114928499644,-0.017443585797680336
2022-10-03,0.008374295332301794,0.026857733506754994,0.023177753716731402
2022-10-04,0.014413799554328968,0.029879337744879924,0.02953017059455452
2022-10-05,-0.000997265844196532,-0.0014435088991660084,-0.0011788783963556225
2022-10-06,-0.012847173851705753,-0.010802366031360928,-0.009134146263016467
2022-10-07,-0.009406657866670654,-0.025601834151748923,-0.030270594215115385
2022-10-10,0.002446327538523455,-0.007083386359201104,-0.007715731330275228
2022-10-11,0.009045154225432053,-0.004659646852211926,-0.00718407353419011
2022-10-12,-0.005781441904243334,-0.003320998273005622,-0.0018361154251272437
2022-10-13,0.021843895027518323,0.0265894029723208,0.02625507436185682
2022-10-14,-0.017770071156707805,-0.02173372,-0.023450882612666767
2022-10-17,0.019109518631413636,0.023293952749419103,0.028160669263115532
2022-10-18,0.007672695048490675,0.012180511746411488,0.010615151024096865
2022-10-19,-0.004643961645197081,-0.004748671524430424,-0.005019320736561751
2022-10-20,-0.0050856425634269046,-0.006016399505582998,-0.005840095844536671
2022-10-21,0.01929463350099915,0.022895019692555012,0.023935032412553684
2022-10-24,0.006517547218076721,0.01140190560240792,0.012120695283245858
2022-10-25,0.014036219385360326,0.014057180577238239,0.014322320055315302
2022-10-26,-0.001094325211042723,9.823186873832821e-05,-0.012218415494481579
2022-10-27,-0.022011093289547843,-0.0010384152926142536,-0.009659031847978556
2022-10-28,0.023086583183061313,0.025662306571881625,0.026608846689809545
2022-10-31,-0.010363338188944972,-0.0071341611250441105,-0.008663629393511254
2022-11-01,0.0021373087282968903,-0.0017956743043858556,-0.007548403723265598
2022-11-02,-0.015770302363697277,-0.019970860495947713,-0.024977552759084486
2022-11-03,-0.00334261284262046,-0.007433424043389914,-0.013467542509500986
2022-11-04,0.016205909495281584,0.012418373789732314,0.012383034806925363
2022-11-07,0.01676822131694061,0.01141779736399177,0.010590923502724734
2022-11-08,0.009237731064981672,0.006999919845912659,0.004783636619034183
2022-11-09,-0.00534085810007191,-0.018799497229951823,-0.02217025129291603
2022-11-10,0.0337917243611008,0.04800523287512521,0.055985200857960146
2022-11-11,-0.008729228871366335,0.005635001395049035,0.009161289079278793
2022-11-14,-0.0075772892521309134,-0.0063417099999999995,-0.007599734631012578
2022-11-15,0.011625499615702521,0.009134440513931606,0.008945931440126467
2022-11-16,-0.01173839699136813,-0.009107971032515772,-0.007388101293009521
2022-11-17,-0.0008123318472485985,-0.0019477643140968272,-0.0011461053764357648
2022-11-18,0.004566028415820058,0.004760530447750113,0.0030307232148772366
2022-11-21,-0.0034258586059120596,-0.0023208412061423095,-0.006060986684609154
2022-11-22,0.01581945050821391,0.01338949088528103,0.013729587268456397
2022-11-23,0.0037855173059208715,0.004972366455624081,0.007229290866434829
2022-11-25,-0.0014380408788713715,0.0009720112955602426,-0.0014736535983773174
2022-11-28,-0.015074521706421566,-0.013570960243748643,-0.014244438901861415
2022-11-29,-0.0016104209434091917,0.00033035944632646175,-0.0038880711520793278
2022-11-30,0.035638924310136266,0.02780757711898254,0.034544839377388795
2022-12-01,0.0014663498646667083,-0.0003784044036838757,-0.0011026077701362354
2022-12-02,-0.0005726615377890709,-0.0006624433869986246,-0.0016143716240773162
2022-12-05,-0.013648818809639078,-0.017444316038809762,-0.01740833319919474
2022-12-06,-0.017575109424346497,-0.013032515346069655,-0.016311748164414646
2022-12-07,-0.00032308197459867,-0.00015396742922998044,-0.002574642715310244
2022-12-08,0.01018155472763159,0.007466992740619206,0.008213461088973832
2022-12-09,-0.0060991120677055845,-0.00781288620429198,-0.007086388634796352
2022-12-12,0.014470958715217518,0.013674104010656581,0.013809731396333286
2022-12-13,0.011520445364221971,0.006007274404481377,0.006875484544166121
2022-12-14,-0.007433988085521871,-0.00420525,-0.004828690341886786
2022-12-15,-0.027466642976801316,-0.023863189269776732,-0.02634461016073422
2022-12-16,-0.011892214794958684,-0.010448179898695788,-0.01123380754076641
2022-12-19,-0.010910186969007868,-0.007218335411779743,-0.009291347292343731
2022-12-20,-0.0006859562769756251,0.0019458381404480678,0.0008632504849372247
2022-12-21,0.01625134899967711,0.015287607253532384,0.014867566720985144
2022-12-22,-0.013942737081584458,-0.01236956773688036,-0.01619515827196309
2022-12-23,0.0033497493841170073,0.0046822022296549755,0.005052385240140081
2022-12-27,-0.004175651937609228,-0.00311813055056233,-0.006745915481230515
2022-12-28,-0.010366803029197529,-0.010081826430541419,-0.011388905896329803
2022-12-29,0.020322110296964728,0.01561270372266563,0.018194885755812122
2022-12-30,-0.003959024416850633,-0.0014729513468521472,-0.0012333356263384172
2023-01-03,-0.0005274129599152911,-0.0007124785619280132,-0.004850015649973676
2023-01-04,0.012842053208801354,0.011010623032450947,0.004503396657703431
2023-01-05,-0.015651274803708735,-0.010158701365945197,-0.011822801953789645
2023-01-06,0.022933091447989273,0.02166259088788191,0.021933056692607505
2023-01-09,0.003496795704973072,-0.0026232658211012543,-0.0006577157280915792
2023-01-10,0.010975950642508307,0.007891950229679966,0.007060178205008978
2023-01-11,0.012022909691065217,0.008192323231040605,0.013535599310849638
2023-01-12,0.0036886521647259405,0.004332864665405751,0.003620290786350158
2023-01-13,0.004388694214153245,0.003918108140076238,0.005263240522675159
2023-01-17,-0.004514273873578109,-0.0032199399999999997,-0.0013210922877640275
2023-01-18,-0.016959509820824115,-0.016341190916449515,-0.015521007589860468
2023-01-19,0.0027704458934871244,-0.007383535171329068,-0.0064836252107532645
2023-01-20,0.004814250780508498,0.01565696230824935,0.01972219185695068
2023-01-23,0.001877113806464369,0.011145513023045147,0.01249764118001245
2023-01-24,-0.0018054416571986161,-8.813937960139603e-05,-5.594752465756513e-05
2023-01-25,0.006569583645369634,0.0008565381985932268,-0.0009720513055504261
2023-01-26,9.831049662079184e-07,0.008899132418933961,0.013009308822947008
2023-01-27,-0.006854269827604333,0.000719667123686654,0.004643585943541702
2023-01-30,-0.001005206477203839,-0.010538915759522172,-0.01461461513431112
2023-01-31,0.01446468600707749,0.013165214697303865,0.014168221705834518
2023-02-01,0.0015796764424410076,0.011124784051907135,0.011691173428353255
2023-02-02,-0.011950659870965328,0.007675714045169577,0.01813687798366172
2023-02-03,-0.011557245966805492,-0.009072412862850519,-0.009511988301017184
2023-02-06,-0.002547611765168431,-0.0049595444485172335,-0.005816792491878698
2023-02-07,0.005820835062437077,0.009127237624244838,0.014166514681577012
2023-02-08,-0.0016744908907609627,-0.010180170057860254,-0.012116474937579093
2023-02-09,-0.003452648650332667,-0.007790079246758223,-0.008341525505251728
2023-02-10,0.011215380543532516,0.002832911500965159,0.0007063478620156068
2023-02-13,0.00944918771494095,0.010404123837010644,0.012458334673469278
2023-02-14,-0.0017978807436697876,-0.0011527408445471993,0.0008273052367706513
2023-02-15,-0.004735291443537526,0.00296174,0.0030298033252880692
2023-02-16,-0.012497804652015151,-0.013269682548000289,-0.015527656829377361
2023-02-17,0.011469896792076566,-0.0004794260800423644,-0.0023961655751060396
2023-02-21,-0.007501359415421385,-0.018133282112557103,-0.02003923403703306
2023-02-22,0.0010873141557973137,-0.002367120685102115,-0.0011953121129701578
2023-02-23,0.004687686622958724,0.00391467776451696,0.00594739823551007
2023-02-24,-0.003186569310614921,-0.008848980978186727,-0.011522077452610946
2023-02-27,-0.001294409830858031,0.002335624720775978,0.0038136479135874447
2023-02-28,-0.012087504660976085,-0.0026350764515477264,-0.0027507864569602087
2023-03-01,-8.593192528930422e-05,-0.003553406465215853,-0.006306397828357202
2023-03-02,0.003358757371100903,0.007941071189717295,0.00697537653608734
2023-03-03,0.004811985881610201,0.013727003681998869,0.01766184766214769
2023-03-06,0.010777766364061095,0.0006513407455186125,0.0029648400435262536
2023-03-07,-0.009760000439427962,-0.015392852134894403,-0.014696393350890222
2023-03-08,-0.008314079172953119,0.0009881919002049319,0.0008685763552786276
2023-03-09,-0.013190775790953235,-0.01782570056927346,-0.017555566399456934
2023-03-10,-0.001846413045371846,-0.012236042077176006,-0.011518573282710116
2023-03-13,-0.00374341346014092,-0.003607605409117679,0.0018853605046658375
2023-03-14,0.009449304365118264,0.016336766189459118,0.01873478463395024
2023-03-15,-0.0038699916215092665,-0.007160512062879087,-0.0020499347064349316
2023-03-16,0.007223496336196512,0.015619593211964353,0.019269412593132834
2023-03-17,-0.013522861084941287,-0.01199464,-0.007737348015732514
2023-03-20,0.016106771269846266,0.010083560988161036,0.006636836511450218
2023-03-21,0.0034901928607581107,0.0115802718854021,0.013720607431659674
2023-03-22,-0.012422934065055959,-0.01671802385283379,-0.013800105202192037
2023-03-23,-0.004271547596696171,0.003020420499431683,0.006095468481439287
2023-03-24,0.010451755339630454,0.005562955112373343,0.004430875594026777
2023-03-27,0.0036447985063317173,0.0039906227967127245,-0.0004625543249214169
2023-03-28,-0.0042600845931435715,-0.0019562195571239042,-0.0036763963384734864
2023-03-29,0.002911299133984204,0.012523697085661634,0.013673488820278626
2023-03-30,0.0032417572438988547,0.004334474335102106,0.00611474307663966
2023-03-31,0.005630700517219029,0.013220292832787904,0.014786031074312787
2023-04-03,0.017483384806592447,0.004847550334888252,0.004486185497283525
2023-04-04,-0.0013975314398990185,-0.004705779397875835,-0.003085543818804791
2023-04-05,0.012044144598246289,-0.00018767241927678687,-0.0027992192854837277
2023-04-06,0.003252927432155328,0.001426130859034203,0.005529140859399354
2023-04-10,0.0032910548227154733,0.0017484143625140552,-0.0018176082581525207
2023-04-11,-0.0034526603722974144,0.001436531951742881,-0.002863600769743341
2023-04-12,0.0004126267554460921,-0.003740590565428971,-0.004613568949720069
2023-04-13,0.010596372470190697,0.010819420502722938,0.01659727517773788
2023-04-14,-0.0032103806058386207,-0.001688505461556471,-0.0010393350774169452
2023-04-17,0.0014855654674735465,0.0039000998710831407,0.0019797127345073245
2023-04-18,0.0049670248515667,0.00145341,0.001050949383244779
2023-04-19,-0.004697765222301738,0.00012054416528473367,0.00018650273953082233
2023-04-20,-0.00033787237279957167,-0.006161967993078474,-0.006982336775714489
2023-04-21,0.0024591777123517105,0.001807548459612294,0.0020918258462079243
2023-04-24,-0.0008693570254496853,0.0007928878546900736,-0.00017902661050160984
2023-04-25,0.0003285059707871491,-0.015573690641593642,-0.015506765102709107
2023-04-26,-0.020623573606085254,-0.009145296363470692,-0.0006288964278633844
2023-04-27,0.014363553608396055,0.016526867879943282,0.02174547878001269
2023-04-28,0.004694922149571607,0.009444284924398897,0.006980622136931097
2023-05-01,0.0109059167152222,0.0004995847146573761,-0.00044535021678362264
2023-05-02,-0.00811167530650937,-0.01229679624802237,-0.009998858871361186
2023-05-03,0.008666392156337894,-0.008974673968677604,-0.006592244367927673
2023-05-04,-0.0025569681517048073,-0.00814815763362174,-0.006647948206579058
2023-05-05,0.008209093711366806,0.016451849060320288,0.01947795460957764
2023-05-08,-7.153265136928828e-05,0.0010468937465898567,0.0015752560463452056
2023-05-09,-0.003166886990955853,-0.004540774736756078,-0.004940190579126597
2023-05-10,0.0053095195699989686,0.0020794708696820433,0.006639058489605142
2023-05-11,-0.00045571131002975103,-0.0026679413686221216,0.0003684289124125265
2023-05-12,-1.9926677772353936e-05,-0.0011255754104787694,-0.002389760198820513
2023-05-15,-0.0011670486859006496,0.003965802043375774,0.002293614113930532
2023-05-16,-0.0055324935708464945,-0.008086022197539192,-0.0026059418869655722
2023-05-17,0.0015013364712308022,0.013737859999999998,0.012537221447984387
2023-05-18,-0.004914176944751437,0.007725273669792703,0.01079417753368862
2023-05-19,0.002761269961977428,-0.0013864492575980253,-0.0013854375796150248
2023-05-22,-0.010128100026090015,-0.0007068016782007937,4.310371930921266e-05
2023-05-23,-0.009515838892120237,-0.00976690106040841,-0.010755959086817547
2023-05-24,-0.004664514038391565,-0.009389491802254017,-0.00561824388095985
2023-05-25,-0.011599046496275143,0.003770306689553886,0.013000575020513997
2023-05-26,-0.004080830211822348,0.012468632550539042,0.015619504667076886
2023-05-30,-0.004317980073938195,-0.0010726792174804319,0.0012876070247418278
2023-05-31,0.005753069483671264,-0.002629646695442341,-0.004464433797183343
2023-06-01,0.0062636530825048616,0.0073837765755671615,0.01094839049577267
2023-06-02,0.010712218125357754,0.014139091057346342,0.011482517820606119
2023-06-05,0.003942907312547379,-0.0021772895561445707,-0.0011200833285361707
2023-06-06,-0.00675738298405456,0.002657495352298302,0.0011998830268919929
2023-06-07,-0.005745940325434201,-0.00120925513007332,-0.008996393111092318
2023-06-08,0.01118888741494022,0.006426324544067257,0.00914442415023176
2023-06-09,0.0028180681364863604,0.001880657531313352,0.002904934363417955
2023-06-12,-0.0003081930505211117,0.009107852209152686,0.011394268527884626
2023-06-13,0.004479690343806387,0.006801359804416311,0.00581722106044743
2023-06-14,-0.00026632754464780213,-0.00046834046913422504,0.0024061610886822035
2023-06-15,0.013938971298744399,0.012228681333092966,0.012622269765009065
2023-06-16,0.00396221958955193,-0.00277696,-0.004807281531777499
2023-06-20,-0.003121020484704957,-0.007281584890367155,-0.002820817537290507
2023-06-21,0.0027710829766746303,-0.004012075684854527,-0.007475586996723264
2023-06-22,0.007035726275934451,0.0009895619935667889,0.007254978361836582
2023-06-23,-0.00588827095412863,-0.007057971827013627,-0.0073604926036063625
2023-06-26,-0.0013158262011652322,-0.0010280064478050519,-0.009180036025782967
2023-06-27,0.0013389939486797128,0.007662468366842447,0.011198271683870303
2023-06-28,-0.007141141833869882,-0.0016847286315398678,0.00025045190181517885
2023-06-29,0.0026535426928195028,0.005957314534426362,0.0032745847879027505
2023-06-30,0.010609706134145016,0.00964872674885857,0.013395901163519625
2023-07-03,-8.169481152516304e-05,0.0014333254464768174,0.0008703495658410033
2023-07-05,0.005111360549949253,-0.0019482263740125075,-0.0003345639012686236
2023-07-06,-0.005756602791556484,-0.01090904151324573,-0.008017074048848634
2023-07-07,-0.012290603436065896,-0.00459017713386718,-0.005073063982770463
2023-07-10,0.0004908708596466819,0.006667270238917666,-0.0008233786973705515
2023-07-11,0.0018523969743730196,0.006526540326565283,0.004859130762604229
2023-07-12,-0.0027794482882275958,0.005748419383569487,0.009097344987067074
2023-07-13,0.005178622012373912,0.007003854140993497,0.010512894385867297
2023-07-14,0.006605231789459963,-0.0009431474359481277,0.0012312684343627066
2023-07-17,-0.010342401905305302,0.0018034737597189573,0.0043572395201235195
2023-07-18,0.0013085972658491874,0.006958398524997865,0.007885517111052372
2023-07-19,0.004897333311636508,0.00419283,0.0021937745843869337
2023-07-20,0.01841681179327409,-0.0005985334936617694,-0.009822960562314131
2023-07-21,0.005410147981474974,0.0034790984545668775,-0.00033669594645820264
2023-07-24,-0.0014827534279147092,0.003720694433893954,0.004767437317009558
2023-07-25,-0.0007711435545428937,0.000408002306055037,0.002940192155475793
2023-07-26,-0.002237735345975874,0.0017395313619297695,-0.0005272408140450022
2023-07-27,-0.007904275923113394,-0.005032642659682828,-0.0052058938826817286
2023-07-28,0.007927758002187773,0.007494749985338328,0.012669887832175828
2023-07-31,-0.007521220019669886,0.0016419462648653402,0.0009875683370659648
2023-08-01,-0.004423910699891385,-0.0015869870953984983,-0.0027111379037925857
2023-08-02,-0.0002757064654823756,-0.011287882654801443,-0.01575167780283096
2023-08-03,-0.004846631468484976,-0.00519609082586699,-0.00193564583335659
2023-08-04,-0.008323414243108266,-0.0032679393833272437,-0.004119246977462502
2023-08-07,0.011241219597567836,0.011610689078210192,0.009286573099817641
2023-08-08,-0.0016654460087545436,-0.0037406283352775555,-0.003335765552804504
2023-08-09,0.002586601493613536,-0.0046375133815938635,-0.009107984815359257
2023-08-10,0.00048454331069826257,0.0015222482997052204,0.0013007075938422396
2023-08-11,0.0057859311197003315,0.00012002955607511777,-0.0013980478288906474
2023-08-14,0.002117316473191705,0.003855188388478128,0.00828185542810155
2023-08-15,-0.005393977549167313,-0.01069902096576943,-0.010485205070869464
2023-08-16,-0.0038980914557530887,-0.007931162148079169,-0.008287550675475343
2023-08-17,-0.005110928168409611,-0.0074560799999999995,-0.007571147374356367
2023-08-18,0.0014524821766353176,0.0002981263948400392,-0.0007300116956584067
2023-08-21,-0.0025730074875829788,0.004023343654933858,0.009759383272110267
2023-08-22,-0.006834617397628076,-0.003407778151012963,-0.0024942691670146937
2023-08-23,0.006160019200062981,0.009273116700420796,0.012359243609865551
2023-08-24,-0.008323540905722931,-0.01314535350788748,-0.015583858802704836
2023-08-25,0.005972070328864234,0.008332300680987987,0.0077948815207381774
2023-08-28,0.001419995970074463,0.006299273130821287,0.005945455357094474
2023-08-29,0.006072490599526709,0.012840703463780766,0.01647408473666731
2023-08-30,0.000507215527154655,0.003030592107454966,0.004443697262421046
2023-08-31,-0.0061596425762527945,-0.0026906978660346773,-9.696832363776559e-05
2023-09-01,3.825010644458049e-05,0.003216798627310384,0.0008371852304049784
2023-09-05,-0.00922656265878228,-0.005628509544501067,-0.0009573951530923577
2023-09-06,-0.005331815273125361,-0.005538598895083396,-0.009276634595348202
2023-09-07,0.009418767957686654,-0.0010100129218869854,-0.002843942370650472
2023-09-08,0.0033508498303097102,0.0003391149493391922,0.0019806282360974366
2023-09-11,0.007588755906147042,0.005739477712108017,0.0091544894335696
2023-09-12,0.0001306619091051292,-0.0038030530033055427,-0.00810236830520098
2023-09-13,0.003174974378161196,0.0004889396873747563,0.003273390730304369
2023-09-14,0.008602799949027028,0.008692034021750316,0.007745900769380383
2023-09-15,-0.008533510827712908,-0.010983025250865003,-0.013261449174021516
2023-09-18,0.002900370380707856,0.0007712699999999999,0.0013140433604205085
2023-09-19,-0.0021279723500534017,-0.0027319054109536944,-0.0019550546743312626
2023-09-20,0.0014411779872642962,-0.006503784732502777,-0.011732827100082768
2023-09-21,-0.009498534274014859,-0.015918536597711926,-0.016396945479035335
2023-09-22,-0.0025350680428153994,-0.0029795219720426995,-0.00216154780310009
2023-09-25,0.001162759429372934,0.0031371903733653857,0.004613373017496955
2023-09-26,-0.00791231815520391,-0.012744157095107811,-0.014958520518202564
2023-09-27,-0.005528504073294817,-0.0008084977604319426,-0.00021348467024882785
2023-09-28,-0.0003472862492104432,0.0057628337800636744,0.005678651128077898
2023-09-29,-0.007726264088757002,-0.0039248113267506945,-0.002085469233955783
2023-10-02,-0.0020500604869855767,-0.0033715829513020793,0.005065778093723611
2023-10-03,-0.008883350814036005,-0.012331073124448956,-0.014745422479434441
2023-10-04,0.0040542635595672396,0.005606551693693395,0.009325986630160328
2023-10-05,-0.0023601091052119555,-0.0019153512184390171,-0.00038512536254941627
2023-10-06,0.008577280620676244,0.009476049405441745,0.01264224463855711
2023-10-09,0.009504441992135446,0.005804798664483359,0.005211866805580629
2023-10-10,0.0031892709396023574,0.0059327490059327,0.004316295972648629
2023-10-11,0.0015433803727035382,0.0011016769239362342,0.005075615571671997
2023-10-12,-0.0031210393363168254,-0.0062600769437653955,-0.0035595029857914376
2023-10-13,0.007914733430220477,-0.0019295186327517528,-0.006396485805806822
2023-10-16,0.007167395787333096,0.010499516359365234,0.010104487703210594
2023-10-17,0.003799776453617999,0.0019859200000000004,-0.0017353677070968368
2023-10-18,-0.004590775922841273,-0.012250201968047615,-0.012578146213810275
2023-10-19,-0.008674827427757182,-0.006292648394736662,-0.006753058361018272
2023-10-20,-0.005448760130416565,-0.011382033713556918,-0.013330122322070743
2023-10-23,-0.007562435227457415,-0.003971146597583577,0.00037454124657330316
2023-10-24,0.009452151447563608,0.008674686111339973,0.007986500403004762
2023-10-25,0.0017195616766911576,-0.014575524368902047,-0.01659727868524796
2023-10-26,-0.009232694722696168,-0.007552147898129104,-0.016121453631570373
2023-10-27,-0.019562294093575173,-0.009298373107789828,-0.0016258901530925851
2023-10-30,0.013415960331667276,0.012845660186465975,0.014177205389795769
2023-10-31,0.006887823164983699,0.008659271318434823,0.005119341291965316
2023-11-01,0.004402990102500312,0.007799208531765959,0.013214216174089573
2023-11-02,0.00877551891640301,0.020645485948389553,0.018059942517903584
2023-11-03,-0.0024919401804311715,0.007851974514753318,0.0068189229312587895
2023-11-06,0.0019393032561155399,0.0009883338624315481,0.004868291350871849
2023-11-07,-0.0006665704996371363,0.00074721484315227,0.005412617487478679
2023-11-08,-0.0022362638270932928,0.00015736247056209954,0.002357723124643096
2023-11-09,-0.008698717873155955,-0.008636262966179257,-0.008429217494709205
2023-11-10,0.005344617807331878,0.014090506791084681,0.017095460339630848
2023-11-13,0.003031356187383277,0.0004444285395277079,-0.0003529910660232612
2023-11-14,-0.001044594352843889,0.01661492836841983,0.015949818210382615
2023-11-15,-0.0017608385990156195,0.0032768700000000003,0.0011299334856953549
2023-11-16,0.0033841273906727426,0.00022664050161945792,0.002101398004994577
2023-11-17,-0.004011170917143071,0.0025899730600544854,0.00015959337920381646
2023-11-20,0.003008689539964341,0.006767323146346058,0.008839953022399608
2023-11-21,0.004561641144220414,-0.0010379036390643457,-0.0025149943313981546
2023-11-22,0.0024439972393204288,0.004115422014183052,0.0039712465472823795
2023-11-24,0.0038519943249836716,0.0020634171775390834,-0.0004549214665727167
2023-11-27,-0.004258093550309079,-0.002896640073921868,-0.0016352452604270222
2023-11-28,-0.002018820572021199,-0.0005338240422917401,0.0020986468771350218
2023-11-29,-0.003039430114452428,0.002285011945286507,-0.0022390353176383153
2023-11-30,0.014077319750350526,0.007132281271886171,0.0022095614788475437
2023-12-01,0.0003072162513010107,0.006336304766356656,0.0024072925030869004
2023-12-04,0.0013319028889790766,-0.003952027191101304,-0.007666400934301094
2023-12-05,-0.0021527841477031913,-0.0028188796446270018,0.0033486732802617838
2023-12-06,-0.0033270774180250854,-0.0019372115106703234,-0.005326752819670586
2023-12-07,-0.0020584405284205963,0.0062777191227178075,0.009905115347120831
2023-12-08,-0.00011700148065420937,0.0030731876602926203,0.004393957859330162
2023-12-11,0.001029915332509754,0.010168412875753244,0.0012759958915128941
2023-12-12,0.002657830148350392,0.003977650167008979,0.004972046495868038
2023-12-13,0.008164138656668629,0.014193455216007206,0.011112253359854333
2023-12-14,-0.013811705696905685,0.004914389197596811,-0.0004024039365961554
2023-12-15,-0.0024549380792597583,3.876999999999984e-05,0.0033683751221920367
2023-12-18,0.002022893160678078,0.002359640281856273,0.006042277418233349
2023-12-19,0.00465490320351702,0.007100586270738843,0.005288874469191493
2023-12-20,-0.015948542077199833,-0.01558650773625447,-0.013627918430447436
2023-12-21,0.009187026402690925,0.011317436888647009,0.010022644150346613
2023-12-22,0.0038213446822112237,0.0025156693321159197,0.0009079386856146959
2023-12-26,0.0016066859789487997,0.005179708837721589,0.0035403431994166217
2023-12-27,0.002752394421477998,0.002367788998995028,0.0018116457051521482
2023-12-28,0.003153181166646405,0.001011214388450605,0.0001962660972465679
2023-12-29,0.002252845376306361,-0.002129570391413527,-0.0028021500172881984
2024-01-02,0.013324955632099655,-0.002019606804448206,-0.007771287067683795
2024-01-03,0.0005456494521472347,-0.007786157743003885,-0.00605849152177086
2024-01-04,-0.0005290920510601249,-0.0007429912231815054,-0.004063462899664235
2024-01-05,-0.0029954699702130537,0.001928642047578811,0.0018112765716237983
2024-01-08,0.003386211341752035,0.010007404361831836,0.015558688915509674
2024-01-09,-0.0004827856805366812,-0.002290081739471665,0.0003215833102437808
2024-01-10,0.0001369716235883831,0.0037897363180380297,0.007545688315838231
2024-01-11,-0.0015762465495832362,-0.0007903206188046237,0.0001320943196570694
2024-01-12,-0.003414641432419179,0.0011589203563211119,0.0012858365394060184
2024-01-16,-0.006354057697644735,-0.0035405716926945417,-0.0027125216958324176
2024-01-17,0.0007724155507622731,-0.005613380002350938,-0.004997906626971462
2024-01-18,-0.0007382021079295448,0.00746358,0.010812283665145563
2024-01-19,0.0006918701653228012,0.012338835243592626,0.014221748313746216
2024-01-22,0.005902619697100198,0.0011640952765964387,0.0009531836191807227
2024-01-23,0.0037087647284512653,0.0029840309473269243,0.004170195233444766
2024-01-24,0.0016179023174521853,-0.00028576710064684825,0.0034313746940654545
2024-01-25,-0.0035709572083630786,0.006015130597733817,0.003457434146185725
2024-01-26,0.006250011260896977,-0.0005330679039088264,-0.0009531759388184179
2024-01-29,0.002141339073345654,0.006523990943775725,0.00805878182771981
2024-01-30,0.0022600918100074965,0.0013107603325922196,-0.0017567590239032727
2024-01-31,-0.002805486378974625,-0.010735267928226181,-0.017553716151018268
2024-02-01,0.00804369702592551,0.010205726664088954,0.01275320875337252
2024-02-02,0.0022012611058381533,0.004222341873668975,0.015391892021571495
2024-02-05,-0.0038704508605997396,-0.0035402923449938278,-0.0006568465136152522
2024-02-06,0.006021053417960702,0.0023436118309258284,0.0009373585219466873
2024-02-07,0.00347373667311491,0.0052789626781765235,0.009329216166201018
2024-02-08,-0.000313342718407984,0.0015289688950726975,0.0003549397746318167
2024-02-09,-0.0007248409044121821,0.0037023589795152664,0.00757892843813833
2024-02-12,0.0003702241817695024,0.00033031950872111567,-0.0033514082176849046
2024-02-13,-0.006751041882025606,-0.013042645182486797,-0.012642952085066444
2024-02-14,0.008270497191935294,0.010307263431661466,0.010025639790389082
2024-02-15,0.008148125294714995,0.007606162013274679,0.003503584690219948
2024-02-16,0.0009464894802155585,-0.0033171700000000004,-0.004335286249425912
2024-02-20,-0.00011018562161282177,-0.004235660252449619,-0.007503735579199659
2024-02-21,0.004243055745576024,0.00026712851065692717,1.2762158162383288e-05
2024-02-22,0.006818109078756474,0.013951799220294013,0.0251657714224983
2024-02-23,0.0026705892751353144,0.0010749428133323817,-0.0006022370775493438
2024-02-26,-0.00667488031289309,-0.0023118362169397082,-0.0034111853776863797
2024-02-27,-0.005187296396589086,0.0007743847760988558,0.0006575890442169543
2024-02-28,-0.006808590528186402,-0.0006476003832070832,-0.0026390107569461492
2024-02-29,-0.005568784761777531,0.002294992062984335,0.0054421217791129645
2024-03-01,-0.0036962702817270906,0.007138338616684816,0.00894139517110922
2024-03-04,-0.0029756957542180678,-0.00015308465931419284,-0.0029458114420000763
2024-03-05,-0.005809665161049964,-0.008573831713149602,-0.01226327082760548
2024-03-06,0.004529733421360534,0.005610449955915781,0.004455298105495975
2024-03-07,0.0008441061405523999,0.0068779912320439795,0.011380917963030956
2024-03-08,0.002119921193225523,-0.004054282471841606,-0.008425605045875638
2024-03-11,0.0109074418123115,0.0003753470088366278,-0.0022438563244551566
2024-03-12,0.0005694358275401582,0.007483250765019501,0.014968214192367876
2024-03-13,0.0007465297507066617,-0.0013802889826750949,-0.0029540332748647234
2024-03-14,0.0004669521703850196,-0.004088950797049163,-0.0003718444885935986
2024-03-15,-0.0005612023580848943,-0.0059438191336123655,-0.008664872817904576
2024-03-18,-0.0007435597710947308,0.004469978129671968,0.007760710088252141
2024-03-19,0.005178262199180265,0.00447121,0.0055979604330549885
2024-03-20,0.005275816228937726,0.00814595293040803,0.009473457193192624
2024-03-21,0.0002785363773727091,0.006062683384064873,0.0013817719516359204
2024-03-22,-0.000801331932202332,-0.003925374712384639,0.0006390328018345393
2024-03-25,0.0003918141055701359,-0.002344823544171271,-0.0033789190435153963
2024-03-26,0.0021238019228759304,-0.0012343421621721258,-0.0033438666116398104
2024-03-27,0.01177018398001911,0.01111725560829479,0.006358100414604187
2024-03-28,0.0016445349900527633,0.0013631216414565364,-0.000414277850012829
2024-04-01,-0.004354846008197774,-0.002889322967098972,-0.00035079274114587086
2024-04-02,-0.01567370289664337,-0.008180305433833916,-0.006967411535760907
2024-04-03,-0.0010246660656614678,0.00023985608824483092,0.001330551110733192
2024-04-04,-0.004042534509172836,-0.012048451142811481,-0.012686022883167834
2024-04-05,0.005524927025619695,0.009561632104643782,0.012489872573517162
2024-04-08,-0.0028211051447416015,-0.000551832150678623,-0.001146457786429744
2024-04-09,-0.0013661394777339433,0.001712783267826039,0.0008912259202396442
2024-04-10,-0.008655988120722866,-0.011291696794472991,-0.006608722968221013
2024-04-11,-0.006872262495984776,0.002751120416838108,0.010795864619333706
2024-04-12,-0.008961333689828144,-0.014637443205072667,-0.013823101908644282
2024-04-15,0.0017969550954189122,-0.0073601236914727615,-0.012987461416279027
2024-04-16,0.007584264715968278,0.00010637236015273781,-0.0006807865347219167
2024-04-17,0.0033496243421160046,-0.004873266074799425,-0.007073622564559624
2024-04-18,0.005357169903412311,-0.0009915500000000001,-0.0026534399349826565
2024-04-19,0.01247146819451907,-0.0016537847131923658,-0.013026139511487636
2024-04-22,-0.0029858404306661486,0.006934515223476968,0.00892196506003503
2024-04-23,0.0010424475374401854,0.01149035699780987,0.013256947891467542
2024-04-24,-0.000538437696463588,0.0009585647600464729,2.2212050162118356e-05
2024-04-25,0.0017014118403304418,-0.005326142093546755,-0.006268210468458866
2024-04-26,-0.0032934277279640656,0.004425745584331337,0.014305350487321924
2024-04-29,0.005044980882699866,0.0036499628525412647,0.002188467244791359
2024-04-30,-0.005273835369591207,-0.012597557734550208,-0.015645395797975793
2024-05-01,-0.0034895537693008247,-0.005512667228288787,-0.003103847086168298
2024-05-02,0.0012378338560582942,0.006417332619622461,0.010205000192866968
2024-05-03,-0.00028639633563491473,0.009063977122131667,0.01485206873261657
2024-05-06,0.006629810697070317,0.008748944515421811,0.011402800786170541
2024-05-07,0.006024060882077074,0.002337310573353616,0.0005892890483752803
2024-05-08,0.0004115204437100931,0.0004546103599569933,9.942173412361156e-05
2024-05-09,0.006252144047837595,0.0054008477789468864,0.003507396448286793
2024-05-10,0.0032701681412433303,0.002634016034012993,0.0014465416517595677
2024-05-13,-0.00232726322712009,-0.00047743364006093425,0.0005668132900286257
2024-05-14,-0.0012098169237920828,0.003926114903182808,0.0055073690543098065
2024-05-15,-0.0014306458402940602,0.01070522490665313,0.012823522852014173
2024-05-16,0.004089992386941535,-0.0003653439956837069,-0.0013492363679272383
2024-05-17,0.0037307104242200145,0.00209831,0.0011268206111059084
2024-05-20,-0.003653253780924765,-0.0006155246119514961,0.0018153117247056774
2024-05-21,0.003657245918307912,0.0016782055352118695,0.004197469747711037
2024-05-22,0.0016664728713260296,-0.00048246573052294716,-0.002230562497570919
2024-05-23,-0.008736915578748162,-0.012676782261421124,-0.005407161715476808
2024-05-24,0.0004972539079518271,0.0034252156705331634,0.007027284691223576
2024-05-28,-0.006158952234103738,-0.0037467063187864923,0.0036772918159910213
2024-05-29,-0.0066624175992956065,-0.009067577544199018,-0.005331483402525555
2024-05-30,0.006967738477537817,-0.003020210080792872,-0.010200116694569562
2024-05-31,0.020685563613696358,0.01175412159085944,0.006009930295125039
2024-06-03,-0.004353631575291913,-0.0018697982480870249,0.004191632891631971
2024-06-04,0.010143708194119479,0.002550010119749019,0.0034424817551343473
2024-06-05,0.0027613075505095556,0.009704223546947438,0.014087708592698983
2024-06-06,0.002532242467267237,0.0007344620244849037,0.000984067209219722
2024-06-07,-0.0013221439924282802,-0.0005300639360856741,-0.00020487182514879347
2024-06-10,-0.0006742087740273852,0.0015985737014294634,0.0024150317522515226
2024-06-11,-0.005775164848831688,-0.003145994180611978,0.0050995754258711685
2024-06-12,-0.009853337016858803,0.004836498312843705,0.01018103376505229
2024-06-13,0.0027106870786132607,0.00014317719353676387,0.0041945879041926605
2024-06-14,0.0005724835873348295,0.0005726136575094541,0.0023127727861141927
2024-06-17,0.006807943995792941,0.007491926299871663,0.008095289063589202
2024-06-18,0.003328051678628975,0.0034444,0.0024355195793854686
2024-06-20,0.005871628038350239,0.000507013222745575,-0.004167422676045968
2024-06-21,0.002641431224384903,0.0007570186616239206,-0.0025689784981652447
2024-06-24,0.007491506464297904,0.0010682527241768934,-0.006126941487442953
2024-06-25,-0.0070633397035689965,-0.0006729118160687191,0.008139632531862158
2024-06-26,-0.002461066278379634,-0.0012987055404596938,0.00420441685015272
2024-06-27,-0.00017606413425511102,0.0006411191656690669,0.0009379596341675864
2024-06-28,-0.004594482028415656,-0.0007504777116690851,-0.005490446471122171
2024-07-01,-0.0005864396289591503,-0.0010973185290662898,0.007095222162036134
2024-07-02,0.0009565330051396628,0.00507782790458996,0.006910237890651244
2024-07-03,-0.002002878626505921,0.0024141237258237234,0.006878619219849613
2024-07-05,-0.0015507685596878088,0.004383178659818353,0.008074266618347497
2024-07-08,0.000485885906790094,-0.0004225999752781381,0.0009311901989904475
2024-07-09,0.0007402189209521868,-3.3376957986433745e-05,0.0019389120169459983
2024-07-10,0.006758288471937475,0.008244546774471614,0.010755723951706264
2024-07-11,0.0016254996485912632,-0.002985250913650843,-0.016672258281057187
2024-07-12,0.004509992920465671,0.005246776687531744,0.004468652487191509
2024-07-15,-0.00027967092562239187,0.002186090701539473,0.0033409191706965484
2024-07-16,0.008837232100104956,0.009434880605540333,0.0023643297902115785
2024-07-17,0.0170161554732505,-0.00899114001107231,-0.017971715303068462
2024-07-18,-0.004257859940562612,-0.010377296002499724,-0.00824973581279541
2024-07-19,-0.0011337397248776307,-0.005468500000000001,-0.006758389941707405
2024-07-22,-0.0014568832852949124,0.00879029238377065,0.011395634429230287
2024-07-23,0.0032779362385957525,-0.0021959733179717058,5.846128924971514e-05
2024-07-24,0.0054985819770938735,-0.015003054089587258,-0.027483184930236777
2024-07-25,0.0011503691188414036,-0.0005520654459300377,-0.006834373326433383
2024-07-26,0.01035205617747188,0.011198697816101215,0.009400159967815794
2024-07-29,0.004548479497708612,-0.000654576537352566,0.000448680494319031
2024-07-30,0.0007160267769002353,-0.0016312554276317374,-0.008517875757961616
2024-07-31,0.003090650185800536,0.01302313360721745,0.020360726560290837
2024-08-01,0.0033142237683722806,-0.012436299063245743,-0.014477288308235333
2024-08-02,0.0036277354384583417,-0.020926386868938506,-0.019936413090604347
2024-08-05,-0.023655637316977972,-0.02456132892663602,-0.0325974635148306
2024-08-06,0.004047738458809564,0.008860094799486733,0.009340213384285267
2024-08-07,0.004159567374373233,-0.006922794290545818,-0.007867848616576655
2024-08-08,0.011615614069249222,0.023139600779277594,0.0252316975428298
2024-08-09,0.0017896353742042931,0.003460131759687688,0.006463921452753423
2024-08-12,-0.0025309867797387803,-0.0027607406008053983,0.0017513655916662815
2024-08-13,0.006378629587979606,0.013468669384315487,0.018670777242061773
2024-08-14,0.007835927070122485,0.0056216935557672236,0.004309173780407838
2024-08-15,0.006878886753445667,0.015001050448209475,0.01850888695011339
2024-08-16,0.0030037877814250527,0.0016049136729232615,0.0020374929111575423
2024-08-19,0.0023067147103075594,0.00807486,0.010774709529606808
2024-08-20,0.002963514427591154,-0.0012210885331869106,-0.000933843769365917
2024-08-21,0.002184098686981731,0.003310902295127934,0.0028426486797334507
2024-08-22,0.0015164509379026287,-0.0061913901138342395,-0.011325725277851818
2024-08-23,0.006892042820839415,0.009498834168233033,0.011515977149579248
2024-08-26,0.0015268077440535935,-0.001424404195695546,-0.004281269647478994
2024-08-27,0.001440558331968426,0.0027400780329348874,0.002044700924006228
2024-08-28,0.0002663733733696879,-0.004908434688641243,-0.007506404254292888
2024-08-29,0.0021451577706771132,0.003442059055382798,-0.0015218386396169802
2024-08-30,0.007079945569490573,0.009698223632237685,0.010945364003881044
2024-09-03,0.004775605192434503,-0.017038540704567787,-0.02381682259160648
2024-09-04,0.002778525191818246,0.0009103520856669666,-0.001964796303671273
2024-09-05,-0.0064547425105885405,-0.00628336005358613,-0.001065042045118726
2024-09-06,-0.003451840704420374,-0.013584002430527275,-0.019924247192988374
2024-09-09,0.012752149118676552,0.01301270001818409,0.012457928071883319
2024-09-10,0.004193327537947617,0.003485758730400121,0.006957015787624677
2024-09-11,-0.006131414981457492,0.005478360521767722,0.014906760737444404
2024-09-12,0.0033649908968120443,0.004250717962846687,0.008394096217896867
2024-09-13,0.005349641144393784,0.0066683818952877685,0.004363480689950306
2024-09-16,0.008586554654501416,0.004916301046982777,-0.000784009059799346
2024-09-17,-0.005546502798530105,-0.0021825095403643054,-0.0007010654849124318
2024-09-18,-0.007080055481567709,-0.00353589,-0.002951440723576138
2024-09-19,-0.004417136104438557,0.013847199367551733,0.01919790023597689
2024-09-20,0.0005525511133064939,-0.001241177233827848,-0.0014544319890232684
2024-09-23,0.001813038305949433,0.0020461562930721676,0.0018386125770757436
2024-09-24,-0.0039015570210573173,0.0003677501437182564,0.0028639590359941236
2024-09-25,-0.005303848903626038,-0.004411506025272972,-0.0005580099104296463
2024-09-26,7.885203007376226e-05,0.004410948740549206,0.0022069472886545437
2024-09-27,0.0016837516882255742,0.00021736091308215767,-0.0028191476849084825
2024-09-30,0.0029962354476569223,0.003924791451193996,0.0056241237928365655
2024-10-01,0.0013134321275536254,-0.005257667414095695,-0.010589054882602736
2024-10-02,-0.0044624304793602805,0.001156142873334217,0.0006161642461730671
2024-10-03,-0.006091559442810165,-0.0046474972396040445,-0.0011767497748347354
2024-10-04,-0.0032579253816644965,0.00847078523159724,0.010159996428324486
2024-10-07,-0.0068930470374280375,-0.009363563672101033,-0.01065817864494522
2024-10-08,0.0067959525467247575,0.007294003149843851,0.012116717465237525
2024-10-09,0.005743016825864812,0.008986340802964387,0.00723579295216017
2024-10-10,-0.0031005893394947556,-0.0036064773468654034,-0.0014938360227358628
2024-10-11,0.007251006271432909,0.009228962974263458,0.00440203394819032
2024-10-14,0.007109918290442025,0.006213575821088467,0.007641905274377063
2024-10-15,0.003895294021428013,-0.006071180491745565,-0.0076308607289025535
2024-10-16,0.001378721880001478,0.006475787047763964,0.0039940462384693495
2024-10-17,-0.0041923857322530905,-0.00128863,0.0005741706606607419
2024-10-18,0.0030311093839429813,0.003858483214084165,0.004637094340224738
2024-10-21,-0.011493614557004492,-0.006424854212166568,0.0006035602387094128
2024-10-22,-0.002461361047960209,-0.0018833999255336532,0.0012452062691667275
2024-10-23,0.006268975470218809,-0.004668826475554522,-0.011343046444280736
2024-10-24,-0.003321767598422697,0.00023723040644116212,0.0037719114790407487
2024-10-25,-0.010503636638153414,-0.005495375881117741,0.0006822360717335925
2024-10-28,0.0002074864407402721,0.002517726503880919,0.0018418393304117557
2024-10-29,-0.0129260721918499,-0.00040523054847977177,0.0034779686957602998
2024-10-30,-0.0006389094959201886,-0.004011740048274064,-0.004010985456935166
2024-10-31,-0.0030849152548005298,-0.009257599903523154,-0.021177949542792444
2024-11-01,-0.0044060911387070805,0.002789905713033477,0.005773065240588237
2024-11-04,-0.002896808829843973,-0.002460897055628219,-0.00396070012787296
2024-11-05,0.005657447090938924,0.010149464625882612,0.011941750086915415
2024-11-06,-0.014039440582164149,0.02456960831131676,0.02624397103879542
2024-11-07,-0.0004180582730639238,0.0023943800140445995,0.009830356566320737
2024-11-08,0.01152929054801487,0.005281257620741505,0.0032740631915647214
2024-11-11,-0.005955302155464668,0.0049707898327424616,-0.00014807097988592233
2024-11-12,-0.008747365171003134,-0.006199897658041847,-0.0010951985615222045
2024-11-13,0.0020243575097046097,-9.582605372792775e-06,2.2561994351512946e-05
2024-11-14,-0.005416802862310103,-0.006715779242047986,-0.005413331857309546
2024-11-15,-0.005992519414209353,-0.00847847,-0.014825717382311936
2024-11-18,0.00488769083947633,0.003938748147274221,0.003857298398843397
2024-11-19,-0.0020863982633138787,-0.0015978863447142706,0.006342621148514717
2024-11-20,0.0027861694990757397,0.0016255986323876798,-0.00048706474194127887
2024-11-21,0.010656084491099848,0.010778517839807975,0.0027116737121987986
2024-11-22,0.007747205360397889,0.006309095685130487,0.0019718287747808143
2024-11-25,0.005390607653849588,0.0041516927372311566,0.0009375378237399567
2024-11-26,0.0057225297516626285,0.0027806034346732813,0.008177815326781626
2024-11-27,-0.0008482526225957741,-0.00230062345195018,-0.004697245343732414
2024-11-29,0.001166885718343774,0.004760238418420854,0.0071108771090641724
2024-12-02,-0.005381282875107746,-0.0012345920615904164,0.004947754723170936
2024-12-03,-0.0033567407422871944,-0.00240444169923035,0.0024999586337221182
2024-12-04,0.002243482516175548,0.0026681452796607353,0.008511364204570021
2024-12-05,0.004791515367087436,-0.0043563221083729575,-0.0002946031950623342
2024-12-06,-0.002653551065862279,0.002694125280942425,0.004928597130571754
2024-12-09,-0.006847204326223894,-0.008718230250606805,-0.006453032134774595
2024-12-10,0.0005830490568895179,-0.0015203386490825973,-0.0008700411525216458
2024-12-11,-0.003998373176589797,0.0037226453294542583,0.011364646356998853
2024-12-12,-0.0028176506348558668,-0.005459470965683938,-0.006119496177363912
2024-12-13,-0.001079658383616485,0.0007320408088751283,0.0017886247008524802
2024-12-16,-0.006803544166789424,0.000945752208428673,0.007189152877962158
2024-12-17,0.002353109892364841,-0.0034378100000000003,-0.0019481973926328616
2024-12-18,-0.01790672974474036,-0.027344829355797653,-0.030036217199662513
2024-12-19,-0.00465628024659655,-0.004196686566258001,0.0001222413828636106
2024-12-20,0.00932237408615526,0.011216898628987454,0.009609597047940604
2024-12-23,0.002456851299357233,0.005509280873454061,0.00911078635577151
2024-12-24,0.006306228120440882,0.009938088546032372,0.012697994232180381
2024-12-26,-0.00034330666174829384,0.0007190680705438929,-0.0007272637246402938
2024-12-27,-0.004093151494346963,-0.007866744387209,-0.012587731781551913
2024-12-30,-0.010542824852904064,-0.011956472970306954,-0.011424616901312122
2024-12-31,0.0039665173667169165,-0.0008775509661767588,-0.006279032900134252
